gold,prompt,task_name,style
CRIZOTINIB,"For clinical trial NCT01639001. Among the more effective regimen ingredients; find which is the ingredient with the first letter start with C
 return only the name of the ingredient or unknown in all CAPS in the format of INGREDIENT: name",Ingredient,original
IRINOTECAN HYDROCHLORIDE,"For clinical trial NCT00012389. Among the more effective regimen ingredients; find which is the ingredient with the first letter start with I
 return only the name of the ingredient or unknown in all CAPS in the format of INGREDIENT: name",Ingredient,original
,"For clinical trial NCT03150875 among the more effective regimen ingredients, identify which ingredient starts with the letter D.

Then, for this identified ingredient that was last approved up till Dec, 2024, when is its exclusivity date according to the FDA?
Note that we are only look for overall FDA drug approval, not new indidcation, not supplemental approvals.
If no exclusivity date exists or if it's not available, respond with 'DATE: NA'. Otherwise, return only the date in MM-DD-YYYY format of date: MM-DD-YYYY.",Exclusivity_Date,original
"Jun 26, 2035","First, for clinical trial NCT00090051 among the more effective regimen ingredients, identify which ingredient starts with the letter C.

Then, for this identified ingredient that was last approved up till Dec, 2024, when is its patent expiration date?
Note that we are only look for overall FDA drug approval, not new indidcation, not supplemental approvals.
Return only the date only the year YYYY format of date: YYYY.",Patent_Expire_Date_Text,original
BRISTOL MYERS SQUIBB,"First, for clinical trial NCT01307605 among the more effective regimen ingredients, identify which ingredient starts with the letter L.

Then, find which company has the latest FDA approval date up till Dec, 2024 for this identified ingredient. Note that we are only look for overall FDA drug approval, not new indidcation, not supplemental approvals. 
Return only the company name in format of COMPANY: name.",Applicant_Full_Name,original
HOFFMANN LA ROCHE INC,"First, for clinical trial NCT01667419 among the more effective regimen ingredients, identify which ingredient starts with the letter V.

Then, find which company has the latest FDA approval date up till Dec, 2024 for this identified ingredient. Note that we are only look for overall FDA drug approval, not new indidcation, not supplemental approvals. 
Return only the company name in format of COMPANY: name.",Applicant_Full_Name,original
"Jul 14, 2025","For clinical trial NCT01639001 among the more effective regimen ingredients, identify which ingredient starts with the letter C.

Then, for this identified ingredient that was last approved up till Dec, 2024, when is its exclusivity date according to the FDA?
Note that we are only look for overall FDA drug approval, not new indidcation, not supplemental approvals.
If no exclusivity date exists or if it's not available, respond with 'DATE: NA'. Otherwise, return only the date in MM-DD-YYYY format of date: MM-DD-YYYY.",Exclusivity_Date,original
PEMETREXED DISODIUM,"For clinical trial NCT01469000. Among the more effective regimen ingredients; find which is the ingredient with the first letter start with P
 return only the name of the ingredient or unknown in all CAPS in the format of INGREDIENT: name",Ingredient,original
FULVESTRANT,"For clinical trial NCT02340221. Among the more effective regimen ingredients; find which is the ingredient with the first letter start with F
 return only the name of the ingredient or unknown in all CAPS in the format of INGREDIENT: name",Ingredient,original
ZHUHAI BEIHAI BIOTECH CO LTD,"First, for clinical trial NCT01038661 among the more effective regimen ingredients, identify which ingredient starts with the letter D.

Then, find which company has the latest FDA approval date up till Dec, 2024 for this identified ingredient. Note that we are only look for overall FDA drug approval, not new indidcation, not supplemental approvals. 
Return only the company name in format of COMPANY: name.",Applicant_Full_Name,original
BRISTOL MYERS SQUIBB,"First, for clinical trial NCT01938001 among the more effective regimen ingredients, identify which ingredient starts with the letter L.

Then, find which company has the latest FDA approval date up till Dec, 2024 for this identified ingredient. Note that we are only look for overall FDA drug approval, not new indidcation, not supplemental approvals. 
Return only the company name in format of COMPANY: name.",Applicant_Full_Name,original
,"For clinical trial NCT00262769 among the more effective regimen ingredients, identify which ingredient starts with the letter G.

Then, for this identified ingredient that was last approved up till Dec, 2024, when is its exclusivity date according to the FDA?
Note that we are only look for overall FDA drug approval, not new indidcation, not supplemental approvals.
If no exclusivity date exists or if it's not available, respond with 'DATE: NA'. Otherwise, return only the date in MM-DD-YYYY format of date: MM-DD-YYYY.",Exclusivity_Date,original
FRESENIUS KABI USA LLC,"First, for clinical trial NCT02340221 among the more effective regimen ingredients, identify which ingredient starts with the letter F.

Then, find which company has the latest FDA approval date up till Dec, 2024 for this identified ingredient. Note that we are only look for overall FDA drug approval, not new indidcation, not supplemental approvals. 
Return only the company name in format of COMPANY: name.",Applicant_Full_Name,original
DOCETAXEL,"For clinical trial NCT01282463. Among the more effective regimen ingredients; find which is the ingredient with the first letter start with D
 return only the name of the ingredient or unknown in all CAPS in the format of INGREDIENT: name",Ingredient,original
"Feb 13, 2031","For clinical trial NCT00720512 among the more effective regimen ingredients, identify which ingredient starts with the letter I.

Then, for this identified ingredient that was last approved up till Dec, 2024, when is its exclusivity date according to the FDA?
Note that we are only look for overall FDA drug approval, not new indidcation, not supplemental approvals.
If no exclusivity date exists or if it's not available, respond with 'DATE: NA'. Otherwise, return only the date in MM-DD-YYYY format of date: MM-DD-YYYY.",Exclusivity_Date,original
HORIZON THERAPEUTICS USA INC,"First, for clinical trial NCT00052936 among the more effective regimen ingredients, identify which ingredient starts with the letter P.

Then, find which company has the latest FDA approval date up till Dec, 2024 for this identified ingredient. Note that we are only look for overall FDA drug approval, not new indidcation, not supplemental approvals. 
Return only the company name in format of COMPANY: name.",Applicant_Full_Name,original
CYCLOPHOSPHAMIDE,"For clinical trial NCT00090051. Among the more effective regimen ingredients; find which is the ingredient with the first letter start with C
 return only the name of the ingredient or unknown in all CAPS in the format of INGREDIENT: name",Ingredient,original
Not_Listed,"For clinical trial NCT00416507, review the more effective regimen ingredients and identify which ingredient starts with the letter G.

Then, determine which pharmaceutical company received the most recent FDA approval (up until December 2024) for this identified ingredient.
Note that we are only look for overall FDA drug approval, not new indidcation, not supplemental approvals.

If this company is listed on any US stock market (including over-the-counter markets), provide:
1. The stock ticker symbol
2. The opening stock price on the FDA approval date

If the company is not listed on any US stock market, please indicate ""NOT LISTED"".",Open_on_Approval,original
15.140000343322754,"For clinical trial NCT00720512, review the more effective regimen ingredients and identify which ingredient starts with the letter I.

Then, determine which pharmaceutical company received the most recent FDA approval (up until December 2024) for this identified ingredient.
Note that we are only look for overall FDA drug approval, not new indidcation, not supplemental approvals.

If this company is listed on any US stock market (including over-the-counter markets), provide:
1. The stock ticker symbol
2. The opening stock price on the FDA approval date

If the company is not listed on any US stock market, please indicate ""NOT LISTED"".",Open_on_Approval,original
PEMETREXED DISODIUM,"For clinical trial NCT00190762. Among the more effective regimen ingredients; find which is the ingredient with the first letter start with P
 return only the name of the ingredient or unknown in all CAPS in the format of INGREDIENT: name",Ingredient,original
Not_Listed,"For clinical trial NCT00052936, review the more effective regimen ingredients and identify which ingredient starts with the letter P.

Then, determine which pharmaceutical company received the most recent FDA approval (up until December 2024) for this identified ingredient.
Note that we are only look for overall FDA drug approval, not new indidcation, not supplemental approvals.

If this company is listed on any US stock market (including over-the-counter markets), provide:
1. The stock ticker symbol
2. The opening stock price on the FDA approval date

If the company is not listed on any US stock market, please indicate ""NOT LISTED"".",Open_on_Approval,original
"Jul 12, 2034","First, for clinical trial NCT00003128 among the more effective regimen ingredients, identify which ingredient starts with the letter P.

Then, for this identified ingredient that was last approved up till Dec, 2024, when is its patent expiration date?
Note that we are only look for overall FDA drug approval, not new indidcation, not supplemental approvals.
Return only the date only the year YYYY format of date: YYYY.",Patent_Expire_Date_Text,original
"Nov 3, 2032","First, for clinical trial NCT00417911 among the more effective regimen ingredients, identify which ingredient starts with the letter B.

Then, for this identified ingredient that was last approved up till Dec, 2024, when is its patent expiration date?
Note that we are only look for overall FDA drug approval, not new indidcation, not supplemental approvals.
Return only the date only the year YYYY format of date: YYYY.",Patent_Expire_Date_Text,original
ABBVIE INC,"First, for clinical trial NCT02950051 among the more effective regimen ingredients, identify which ingredient starts with the letter V.

Then, find which company has the latest FDA approval date up till Dec, 2024 for this identified ingredient. Note that we are only look for overall FDA drug approval, not new indidcation, not supplemental approvals. 
Return only the company name in format of COMPANY: name.",Applicant_Full_Name,original
VENETOCLAX,"For clinical trial NCT02950051. Among the more effective regimen ingredients; find which is the ingredient with the first letter start with V
 return only the name of the ingredient or unknown in all CAPS in the format of INGREDIENT: name",Ingredient,original
Not_Listed,"For clinical trial NCT00033332, review the more effective regimen ingredients and identify which ingredient starts with the letter D.

Then, determine which pharmaceutical company received the most recent FDA approval (up until December 2024) for this identified ingredient.
Note that we are only look for overall FDA drug approval, not new indidcation, not supplemental approvals.

If this company is listed on any US stock market (including over-the-counter markets), provide:
1. The stock ticker symbol
2. The opening stock price on the FDA approval date

If the company is not listed on any US stock market, please indicate ""NOT LISTED"".",Open_on_Approval,original
"Aug 16, 2041","First, for clinical trial NCT00002870 among the more effective regimen ingredients, identify which ingredient starts with the letter T.

Then, for this identified ingredient that was last approved up till Dec, 2024, when is its patent expiration date?
Note that we are only look for overall FDA drug approval, not new indidcation, not supplemental approvals.
Return only the date only the year YYYY format of date: YYYY.",Patent_Expire_Date_Text,original
,"For clinical trial NCT01108445 among the more effective regimen ingredients, identify which ingredient starts with the letter E.

Then, for this identified ingredient that was last approved up till Dec, 2024, when is its exclusivity date according to the FDA?
Note that we are only look for overall FDA drug approval, not new indidcation, not supplemental approvals.
If no exclusivity date exists or if it's not available, respond with 'DATE: NA'. Otherwise, return only the date in MM-DD-YYYY format of date: MM-DD-YYYY.",Exclusivity_Date,original
Not_Listed,"For clinical trial NCT00256776, review the more effective regimen ingredients and identify which ingredient starts with the letter D.

Then, determine which pharmaceutical company received the most recent FDA approval (up until December 2024) for this identified ingredient.
Note that we are only look for overall FDA drug approval, not new indidcation, not supplemental approvals.

If this company is listed on any US stock market (including over-the-counter markets), provide:
1. The stock ticker symbol
2. The opening stock price on the FDA approval date

If the company is not listed on any US stock market, please indicate ""NOT LISTED"".",Open_on_Approval,original
,"For clinical trial NCT02672527 among the more effective regimen ingredients, identify which ingredient starts with the letter T.

Then, for this identified ingredient that was last approved up till Dec, 2024, when is its exclusivity date according to the FDA?
Note that we are only look for overall FDA drug approval, not new indidcation, not supplemental approvals.
If no exclusivity date exists or if it's not available, respond with 'DATE: NA'. Otherwise, return only the date in MM-DD-YYYY format of date: MM-DD-YYYY.",Exclusivity_Date,original
BORTEZOMIB,"For clinical trial NCT00513955. Among the more effective regimen ingredients; find which is the ingredient with the first letter start with B
 return only the name of the ingredient or unknown in all CAPS in the format of INGREDIENT: name",Ingredient,original
"Dec 18, 2037","First, for clinical trial NCT00833833 among the more effective regimen ingredients, identify which ingredient starts with the letter D.

Then, for this identified ingredient that was last approved up till Dec, 2024, when is its patent expiration date?
Note that we are only look for overall FDA drug approval, not new indidcation, not supplemental approvals.
Return only the date only the year YYYY format of date: YYYY.",Patent_Expire_Date_Text,original
Not_Listed,"For clinical trial NCT00478049, review the more effective regimen ingredients and identify which ingredient starts with the letter D.

Then, determine which pharmaceutical company received the most recent FDA approval (up until December 2024) for this identified ingredient.
Note that we are only look for overall FDA drug approval, not new indidcation, not supplemental approvals.

If this company is listed on any US stock market (including over-the-counter markets), provide:
1. The stock ticker symbol
2. The opening stock price on the FDA approval date

If the company is not listed on any US stock market, please indicate ""NOT LISTED"".",Open_on_Approval,original
DEXCEL PHARMA TECHNOLOGIES LTD,"First, for clinical trial NCT00833833 among the more effective regimen ingredients, identify which ingredient starts with the letter D.

Then, find which company has the latest FDA approval date up till Dec, 2024 for this identified ingredient. Note that we are only look for overall FDA drug approval, not new indidcation, not supplemental approvals. 
Return only the company name in format of COMPANY: name.",Applicant_Full_Name,original
BRISTOL-MYERS SQUIBB CO,"First, for clinical trial NCT00064077 among the more effective regimen ingredients, identify which ingredient starts with the letter P.

Then, find which company has the latest FDA approval date up till Dec, 2024 for this identified ingredient. Note that we are only look for overall FDA drug approval, not new indidcation, not supplemental approvals. 
Return only the company name in format of COMPANY: name.",Applicant_Full_Name,original
"May 16, 2036","First, for clinical trial NCT00446225 among the more effective regimen ingredients, identify which ingredient starts with the letter D.

Then, for this identified ingredient that was last approved up till Dec, 2024, when is its patent expiration date?
Note that we are only look for overall FDA drug approval, not new indidcation, not supplemental approvals.
Return only the date only the year YYYY format of date: YYYY.",Patent_Expire_Date_Text,original
,"For clinical trial NCT00651261 among the more effective regimen ingredients, identify which ingredient starts with the letter M.

Then, for this identified ingredient that was last approved up till Dec, 2024, when is its exclusivity date according to the FDA?
Note that we are only look for overall FDA drug approval, not new indidcation, not supplemental approvals.
If no exclusivity date exists or if it's not available, respond with 'DATE: NA'. Otherwise, return only the date in MM-DD-YYYY format of date: MM-DD-YYYY.",Exclusivity_Date,original
,"For clinical trial NCT00002662 among the more effective regimen ingredients, identify which ingredient starts with the letter P.

Then, for this identified ingredient that was last approved up till Dec, 2024, when is its exclusivity date according to the FDA?
Note that we are only look for overall FDA drug approval, not new indidcation, not supplemental approvals.
If no exclusivity date exists or if it's not available, respond with 'DATE: NA'. Otherwise, return only the date in MM-DD-YYYY format of date: MM-DD-YYYY.",Exclusivity_Date,original
BRISTOL-MYERS SQUIBB CO,"First, for clinical trial NCT02898077 among the more effective regimen ingredients, identify which ingredient starts with the letter P.

Then, find which company has the latest FDA approval date up till Dec, 2024 for this identified ingredient. Note that we are only look for overall FDA drug approval, not new indidcation, not supplemental approvals. 
Return only the company name in format of COMPANY: name.",Applicant_Full_Name,original
IPSEN BIOPHARMACEUTICALS INC,"First, for clinical trial NCT00720512 among the more effective regimen ingredients, identify which ingredient starts with the letter I.

Then, find which company has the latest FDA approval date up till Dec, 2024 for this identified ingredient. Note that we are only look for overall FDA drug approval, not new indidcation, not supplemental approvals. 
Return only the company name in format of COMPANY: name.",Applicant_Full_Name,original
"Feb 13, 2031","For clinical trial NCT00079274 among the more effective regimen ingredients, identify which ingredient starts with the letter I.

Then, for this identified ingredient that was last approved up till Dec, 2024, when is its exclusivity date according to the FDA?
Note that we are only look for overall FDA drug approval, not new indidcation, not supplemental approvals.
If no exclusivity date exists or if it's not available, respond with 'DATE: NA'. Otherwise, return only the date in MM-DD-YYYY format of date: MM-DD-YYYY.",Exclusivity_Date,original
,"For clinical trial NCT00441922 among the more effective regimen ingredients, identify which ingredient starts with the letter D.

Then, for this identified ingredient that was last approved up till Dec, 2024, when is its exclusivity date according to the FDA?
Note that we are only look for overall FDA drug approval, not new indidcation, not supplemental approvals.
If no exclusivity date exists or if it's not available, respond with 'DATE: NA'. Otherwise, return only the date in MM-DD-YYYY format of date: MM-DD-YYYY.",Exclusivity_Date,original
46.72999954223633,"For clinical trial NCT00430365, review the more effective regimen ingredients and identify which ingredient starts with the letter L.

Then, determine which pharmaceutical company received the most recent FDA approval (up until December 2024) for this identified ingredient.
Note that we are only look for overall FDA drug approval, not new indidcation, not supplemental approvals.

If this company is listed on any US stock market (including over-the-counter markets), provide:
1. The stock ticker symbol
2. The opening stock price on the FDA approval date

If the company is not listed on any US stock market, please indicate ""NOT LISTED"".",Open_on_Approval,original
,"For clinical trial NCT04988295 among the more effective regimen ingredients, identify which ingredient starts with the letter P.

Then, for this identified ingredient that was last approved up till Dec, 2024, when is its exclusivity date according to the FDA?
Note that we are only look for overall FDA drug approval, not new indidcation, not supplemental approvals.
If no exclusivity date exists or if it's not available, respond with 'DATE: NA'. Otherwise, return only the date in MM-DD-YYYY format of date: MM-DD-YYYY.",Exclusivity_Date,original
ZHUHAI BEIHAI BIOTECH CO LTD,"First, for clinical trial NCT00003782 among the more effective regimen ingredients, identify which ingredient starts with the letter D.

Then, find which company has the latest FDA approval date up till Dec, 2024 for this identified ingredient. Note that we are only look for overall FDA drug approval, not new indidcation, not supplemental approvals. 
Return only the company name in format of COMPANY: name.",Applicant_Full_Name,original
"Feb 14, 2034","First, for clinical trial NCT02340221 among the more effective regimen ingredients, identify which ingredient starts with the letter F.

Then, for this identified ingredient that was last approved up till Dec, 2024, when is its patent expiration date?
Note that we are only look for overall FDA drug approval, not new indidcation, not supplemental approvals.
Return only the date only the year YYYY format of date: YYYY.",Patent_Expire_Date_Text,original
"Jul 1, 2033","First, for clinical trial NCT00445601 among the more effective regimen ingredients, identify which ingredient starts with the letter G.

Then, for this identified ingredient that was last approved up till Dec, 2024, when is its patent expiration date?
Note that we are only look for overall FDA drug approval, not new indidcation, not supplemental approvals.
Return only the date only the year YYYY format of date: YYYY.",Patent_Expire_Date_Text,original
,"For clinical trial NCT00064077 among the more effective regimen ingredients, identify which ingredient starts with the letter P.

Then, for this identified ingredient that was last approved up till Dec, 2024, when is its exclusivity date according to the FDA?
Note that we are only look for overall FDA drug approval, not new indidcation, not supplemental approvals.
If no exclusivity date exists or if it's not available, respond with 'DATE: NA'. Otherwise, return only the date in MM-DD-YYYY format of date: MM-DD-YYYY.",Exclusivity_Date,original
"May 16, 2036","First, for clinical trial NCT03150875 among the more effective regimen ingredients, identify which ingredient starts with the letter D.

Then, for this identified ingredient that was last approved up till Dec, 2024, when is its patent expiration date?
Note that we are only look for overall FDA drug approval, not new indidcation, not supplemental approvals.
Return only the date only the year YYYY format of date: YYYY.",Patent_Expire_Date_Text,original
Not_Listed,"For clinical trial NCT03150875, review the more effective regimen ingredients and identify which ingredient starts with the letter D.

Then, determine which pharmaceutical company received the most recent FDA approval (up until December 2024) for this identified ingredient.
Note that we are only look for overall FDA drug approval, not new indidcation, not supplemental approvals.

If this company is listed on any US stock market (including over-the-counter markets), provide:
1. The stock ticker symbol
2. The opening stock price on the FDA approval date

If the company is not listed on any US stock market, please indicate ""NOT LISTED"".",Open_on_Approval,original
"Oct 22, 2026","First, for clinical trial NCT01667419 among the more effective regimen ingredients, identify which ingredient starts with the letter V.

Then, for this identified ingredient that was last approved up till Dec, 2024, when is its patent expiration date?
Note that we are only look for overall FDA drug approval, not new indidcation, not supplemental approvals.
Return only the date only the year YYYY format of date: YYYY.",Patent_Expire_Date_Text,original
"May 1, 2026","First, for clinical trial NCT01108445 among the more effective regimen ingredients, identify which ingredient starts with the letter E.

Then, for this identified ingredient that was last approved up till Dec, 2024, when is its patent expiration date?
Note that we are only look for overall FDA drug approval, not new indidcation, not supplemental approvals.
Return only the date only the year YYYY format of date: YYYY.",Patent_Expire_Date_Text,original
,"For clinical trial NCT01478048 among the more effective regimen ingredients, identify which ingredient starts with the letter B.

Then, for this identified ingredient that was last approved up till Dec, 2024, when is its exclusivity date according to the FDA?
Note that we are only look for overall FDA drug approval, not new indidcation, not supplemental approvals.
If no exclusivity date exists or if it's not available, respond with 'DATE: NA'. Otherwise, return only the date in MM-DD-YYYY format of date: MM-DD-YYYY.",Exclusivity_Date,original
,"For clinical trial NCT00190762 among the more effective regimen ingredients, identify which ingredient starts with the letter P.

Then, for this identified ingredient that was last approved up till Dec, 2024, when is its exclusivity date according to the FDA?
Note that we are only look for overall FDA drug approval, not new indidcation, not supplemental approvals.
If no exclusivity date exists or if it's not available, respond with 'DATE: NA'. Otherwise, return only the date in MM-DD-YYYY format of date: MM-DD-YYYY.",Exclusivity_Date,original
"Aug 3, 2027","First, for clinical trial NCT01251107 among the more effective regimen ingredients, identify which ingredient starts with the letter P.

Then, for this identified ingredient that was last approved up till Dec, 2024, when is its patent expiration date?
Note that we are only look for overall FDA drug approval, not new indidcation, not supplemental approvals.
Return only the date only the year YYYY format of date: YYYY.",Patent_Expire_Date_Text,original
Not_Listed,"For clinical trial NCT00376792, review the more effective regimen ingredients and identify which ingredient starts with the letter D.

Then, determine which pharmaceutical company received the most recent FDA approval (up until December 2024) for this identified ingredient.
Note that we are only look for overall FDA drug approval, not new indidcation, not supplemental approvals.

If this company is listed on any US stock market (including over-the-counter markets), provide:
1. The stock ticker symbol
2. The opening stock price on the FDA approval date

If the company is not listed on any US stock market, please indicate ""NOT LISTED"".",Open_on_Approval,original
Not_Listed,"For clinical trial NCT01469000, review the more effective regimen ingredients and identify which ingredient starts with the letter P.

Then, determine which pharmaceutical company received the most recent FDA approval (up until December 2024) for this identified ingredient.
Note that we are only look for overall FDA drug approval, not new indidcation, not supplemental approvals.

If this company is listed on any US stock market (including over-the-counter markets), provide:
1. The stock ticker symbol
2. The opening stock price on the FDA approval date

If the company is not listed on any US stock market, please indicate ""NOT LISTED"".",Open_on_Approval,original
,"For clinical trial NCT02257736 among the more effective regimen ingredients, identify which ingredient starts with the letter A.

Then, for this identified ingredient that was last approved up till Dec, 2024, when is its exclusivity date according to the FDA?
Note that we are only look for overall FDA drug approval, not new indidcation, not supplemental approvals.
If no exclusivity date exists or if it's not available, respond with 'DATE: NA'. Otherwise, return only the date in MM-DD-YYYY format of date: MM-DD-YYYY.",Exclusivity_Date,original
"May 12, 2027","First, for clinical trial NCT01639001 among the more effective regimen ingredients, identify which ingredient starts with the letter C.

Then, for this identified ingredient that was last approved up till Dec, 2024, when is its patent expiration date?
Note that we are only look for overall FDA drug approval, not new indidcation, not supplemental approvals.
Return only the date only the year YYYY format of date: YYYY.",Patent_Expire_Date_Text,original
Not_Listed,"For clinical trial NCT00002870, review the more effective regimen ingredients and identify which ingredient starts with the letter T.

Then, determine which pharmaceutical company received the most recent FDA approval (up until December 2024) for this identified ingredient.
Note that we are only look for overall FDA drug approval, not new indidcation, not supplemental approvals.

If this company is listed on any US stock market (including over-the-counter markets), provide:
1. The stock ticker symbol
2. The opening stock price on the FDA approval date

If the company is not listed on any US stock market, please indicate ""NOT LISTED"".",Open_on_Approval,original
20.200000762939453,"For clinical trial NCT01478048, review the more effective regimen ingredients and identify which ingredient starts with the letter B.

Then, determine which pharmaceutical company received the most recent FDA approval (up until December 2024) for this identified ingredient.
Note that we are only look for overall FDA drug approval, not new indidcation, not supplemental approvals.

If this company is listed on any US stock market (including over-the-counter markets), provide:
1. The stock ticker symbol
2. The opening stock price on the FDA approval date

If the company is not listed on any US stock market, please indicate ""NOT LISTED"".",Open_on_Approval,original
"Mar 26, 2035","First, for clinical trial NCT01469000 among the more effective regimen ingredients, identify which ingredient starts with the letter P.

Then, for this identified ingredient that was last approved up till Dec, 2024, when is its patent expiration date?
Note that we are only look for overall FDA drug approval, not new indidcation, not supplemental approvals.
Return only the date only the year YYYY format of date: YYYY.",Patent_Expire_Date_Text,original
Not_Listed,"For clinical trial NCT04538664, review the more effective regimen ingredients and identify which ingredient starts with the letter P.

Then, determine which pharmaceutical company received the most recent FDA approval (up until December 2024) for this identified ingredient.
Note that we are only look for overall FDA drug approval, not new indidcation, not supplemental approvals.

If this company is listed on any US stock market (including over-the-counter markets), provide:
1. The stock ticker symbol
2. The opening stock price on the FDA approval date

If the company is not listed on any US stock market, please indicate ""NOT LISTED"".",Open_on_Approval,original
Not_Listed,"For clinical trial NCT01776840, review the more effective regimen ingredients and identify which ingredient starts with the letter I.

Then, determine which pharmaceutical company received the most recent FDA approval (up until December 2024) for this identified ingredient.
Note that we are only look for overall FDA drug approval, not new indidcation, not supplemental approvals.

If this company is listed on any US stock market (including over-the-counter markets), provide:
1. The stock ticker symbol
2. The opening stock price on the FDA approval date

If the company is not listed on any US stock market, please indicate ""NOT LISTED"".",Open_on_Approval,original
"Aug 24, 2029","For clinical trial NCT01776840 among the more effective regimen ingredients, identify which ingredient starts with the letter I.

Then, for this identified ingredient that was last approved up till Dec, 2024, when is its exclusivity date according to the FDA?
Note that we are only look for overall FDA drug approval, not new indidcation, not supplemental approvals.
If no exclusivity date exists or if it's not available, respond with 'DATE: NA'. Otherwise, return only the date in MM-DD-YYYY format of date: MM-DD-YYYY.",Exclusivity_Date,original
PEMETREXED DISODIUM,"For clinical trial NCT04988295. Among the more effective regimen ingredients; find which is the ingredient with the first letter start with P
 return only the name of the ingredient or unknown in all CAPS in the format of INGREDIENT: name",Ingredient,original
ASTRAZENECA PHARMACEUTICALS LP,"First, for clinical trial NCT01924533 among the more effective regimen ingredients, identify which ingredient starts with the letter O.

Then, find which company has the latest FDA approval date up till Dec, 2024 for this identified ingredient. Note that we are only look for overall FDA drug approval, not new indidcation, not supplemental approvals. 
Return only the company name in format of COMPANY: name.",Applicant_Full_Name,original
"Feb 13, 2031","For clinical trial NCT00012389 among the more effective regimen ingredients, identify which ingredient starts with the letter I.

Then, for this identified ingredient that was last approved up till Dec, 2024, when is its exclusivity date according to the FDA?
Note that we are only look for overall FDA drug approval, not new indidcation, not supplemental approvals.
If no exclusivity date exists or if it's not available, respond with 'DATE: NA'. Otherwise, return only the date in MM-DD-YYYY format of date: MM-DD-YYYY.",Exclusivity_Date,original
ZHUHAI BEIHAI BIOTECH CO LTD,"First, for clinical trial NCT00021255 among the more effective regimen ingredients, identify which ingredient starts with the letter D.

Then, find which company has the latest FDA approval date up till Dec, 2024 for this identified ingredient. Note that we are only look for overall FDA drug approval, not new indidcation, not supplemental approvals. 
Return only the company name in format of COMPANY: name.",Applicant_Full_Name,original
DOCETAXEL,"For clinical trial NCT00376792. Among the more effective regimen ingredients; find which is the ingredient with the first letter start with D
 return only the name of the ingredient or unknown in all CAPS in the format of INGREDIENT: name",Ingredient,original
BRISTOL MYERS SQUIBB,"First, for clinical trial NCT00430365 among the more effective regimen ingredients, identify which ingredient starts with the letter L.

Then, find which company has the latest FDA approval date up till Dec, 2024 for this identified ingredient. Note that we are only look for overall FDA drug approval, not new indidcation, not supplemental approvals. 
Return only the company name in format of COMPANY: name.",Applicant_Full_Name,original
ABBVIE INC,"First, for clinical trial NCT02993523 among the more effective regimen ingredients, identify which ingredient starts with the letter V.

Then, find which company has the latest FDA approval date up till Dec, 2024 for this identified ingredient. Note that we are only look for overall FDA drug approval, not new indidcation, not supplemental approvals. 
Return only the company name in format of COMPANY: name.",Applicant_Full_Name,original
"Oct 9, 2028","First, for clinical trial NCT00651261 among the more effective regimen ingredients, identify which ingredient starts with the letter M.

Then, for this identified ingredient that was last approved up till Dec, 2024, when is its patent expiration date?
Note that we are only look for overall FDA drug approval, not new indidcation, not supplemental approvals.
Return only the date only the year YYYY format of date: YYYY.",Patent_Expire_Date_Text,original
ZHUHAI BEIHAI BIOTECH CO LTD,"First, for clinical trial NCT00376792 among the more effective regimen ingredients, identify which ingredient starts with the letter D.

Then, find which company has the latest FDA approval date up till Dec, 2024 for this identified ingredient. Note that we are only look for overall FDA drug approval, not new indidcation, not supplemental approvals. 
Return only the company name in format of COMPANY: name.",Applicant_Full_Name,original
"Apr 27, 2027","First, for clinical trial NCT00430365 among the more effective regimen ingredients, identify which ingredient starts with the letter L.

Then, for this identified ingredient that was last approved up till Dec, 2024, when is its patent expiration date?
Note that we are only look for overall FDA drug approval, not new indidcation, not supplemental approvals.
Return only the date only the year YYYY format of date: YYYY.",Patent_Expire_Date_Text,original
"May 28, 2026","For clinical trial NCT00238238 among the more effective regimen ingredients, identify which ingredient starts with the letter L.

Then, for this identified ingredient that was last approved up till Dec, 2024, when is its exclusivity date according to the FDA?
Note that we are only look for overall FDA drug approval, not new indidcation, not supplemental approvals.
If no exclusivity date exists or if it's not available, respond with 'DATE: NA'. Otherwise, return only the date in MM-DD-YYYY format of date: MM-DD-YYYY.",Exclusivity_Date,original
GEMCITABINE HYDROCHLORIDE,"For clinical trial NCT00416507. Among the more effective regimen ingredients; find which is the ingredient with the first letter start with G
 return only the name of the ingredient or unknown in all CAPS in the format of INGREDIENT: name",Ingredient,original
46.72999954223633,"For clinical trial NCT00238238, review the more effective regimen ingredients and identify which ingredient starts with the letter L.

Then, determine which pharmaceutical company received the most recent FDA approval (up until December 2024) for this identified ingredient.
Note that we are only look for overall FDA drug approval, not new indidcation, not supplemental approvals.

If this company is listed on any US stock market (including over-the-counter markets), provide:
1. The stock ticker symbol
2. The opening stock price on the FDA approval date

If the company is not listed on any US stock market, please indicate ""NOT LISTED"".",Open_on_Approval,original
68.68279266357422,"For clinical trial NCT00651261, review the more effective regimen ingredients and identify which ingredient starts with the letter M.

Then, determine which pharmaceutical company received the most recent FDA approval (up until December 2024) for this identified ingredient.
Note that we are only look for overall FDA drug approval, not new indidcation, not supplemental approvals.

If this company is listed on any US stock market (including over-the-counter markets), provide:
1. The stock ticker symbol
2. The opening stock price on the FDA approval date

If the company is not listed on any US stock market, please indicate ""NOT LISTED"".",Open_on_Approval,original
61.45000076293945,"For clinical trial NCT00260689, review the more effective regimen ingredients and identify which ingredient starts with the letter C.

Then, determine which pharmaceutical company received the most recent FDA approval (up until December 2024) for this identified ingredient.
Note that we are only look for overall FDA drug approval, not new indidcation, not supplemental approvals.

If this company is listed on any US stock market (including over-the-counter markets), provide:
1. The stock ticker symbol
2. The opening stock price on the FDA approval date

If the company is not listed on any US stock market, please indicate ""NOT LISTED"".",Open_on_Approval,original
APALUTAMIDE,"For clinical trial NCT02257736. Among the more effective regimen ingredients; find which is the ingredient with the first letter start with AP
 return only the name of the ingredient or unknown in all CAPS in the format of INGREDIENT: name",Ingredient,original
"May 16, 2036","First, for clinical trial NCT00021255 among the more effective regimen ingredients, identify which ingredient starts with the letter D.

Then, for this identified ingredient that was last approved up till Dec, 2024, when is its patent expiration date?
Note that we are only look for overall FDA drug approval, not new indidcation, not supplemental approvals.
Return only the date only the year YYYY format of date: YYYY.",Patent_Expire_Date_Text,original
,"For clinical trial NCT00002582 among the more effective regimen ingredients, identify which ingredient starts with the letter C.

Then, for this identified ingredient that was last approved up till Dec, 2024, when is its exclusivity date according to the FDA?
Note that we are only look for overall FDA drug approval, not new indidcation, not supplemental approvals.
If no exclusivity date exists or if it's not available, respond with 'DATE: NA'. Otherwise, return only the date in MM-DD-YYYY format of date: MM-DD-YYYY.",Exclusivity_Date,original
"May 28, 2026","For clinical trial NCT01938001 among the more effective regimen ingredients, identify which ingredient starts with the letter L.

Then, for this identified ingredient that was last approved up till Dec, 2024, when is its exclusivity date according to the FDA?
Note that we are only look for overall FDA drug approval, not new indidcation, not supplemental approvals.
If no exclusivity date exists or if it's not available, respond with 'DATE: NA'. Otherwise, return only the date in MM-DD-YYYY format of date: MM-DD-YYYY.",Exclusivity_Date,original
,"For clinical trial NCT00685646 among the more effective regimen ingredients, identify which ingredient starts with the letter Z.

Then, for this identified ingredient that was last approved up till Dec, 2024, when is its exclusivity date according to the FDA?
Note that we are only look for overall FDA drug approval, not new indidcation, not supplemental approvals.
If no exclusivity date exists or if it's not available, respond with 'DATE: NA'. Otherwise, return only the date in MM-DD-YYYY format of date: MM-DD-YYYY.",Exclusivity_Date,original
PREDNISONE,"For clinical trial NCT00052936. Among the more effective regimen ingredients; find which is the ingredient with the first letter start with P
 return only the name of the ingredient or unknown in all CAPS in the format of INGREDIENT: name",Ingredient,original
PACLITAXEL,"For clinical trial NCT02898077. Among the more effective regimen ingredients; find which is the ingredient with the first letter start with P
 return only the name of the ingredient or unknown in all CAPS in the format of INGREDIENT: name",Ingredient,original
BRISTOL MYERS SQUIBB,"First, for clinical trial NCT01718379 among the more effective regimen ingredients, identify which ingredient starts with the letter L.

Then, find which company has the latest FDA approval date up till Dec, 2024 for this identified ingredient. Note that we are only look for overall FDA drug approval, not new indidcation, not supplemental approvals. 
Return only the company name in format of COMPANY: name.",Applicant_Full_Name,original
VENETOCLAX,"For clinical trial NCT02993523. Among the more effective regimen ingredients; find which is the ingredient with the first letter start with V
 return only the name of the ingredient or unknown in all CAPS in the format of INGREDIENT: name",Ingredient,original
,"For clinical trial NCT00513955 among the more effective regimen ingredients, identify which ingredient starts with the letter B.

Then, for this identified ingredient that was last approved up till Dec, 2024, when is its exclusivity date according to the FDA?
Note that we are only look for overall FDA drug approval, not new indidcation, not supplemental approvals.
If no exclusivity date exists or if it's not available, respond with 'DATE: NA'. Otherwise, return only the date in MM-DD-YYYY format of date: MM-DD-YYYY.",Exclusivity_Date,original
"May 16, 2036","First, for clinical trial NCT00003782 among the more effective regimen ingredients, identify which ingredient starts with the letter D.

Then, for this identified ingredient that was last approved up till Dec, 2024, when is its patent expiration date?
Note that we are only look for overall FDA drug approval, not new indidcation, not supplemental approvals.
Return only the date only the year YYYY format of date: YYYY.",Patent_Expire_Date_Text,original
BORTEZOMIB,"For clinical trial NCT01478048. Among the more effective regimen ingredients; find which is the ingredient with the first letter start with B
 return only the name of the ingredient or unknown in all CAPS in the format of INGREDIENT: name",Ingredient,original
,"For clinical trial NCT00002870 among the more effective regimen ingredients, identify which ingredient starts with the letter T.

Then, for this identified ingredient that was last approved up till Dec, 2024, when is its exclusivity date according to the FDA?
Note that we are only look for overall FDA drug approval, not new indidcation, not supplemental approvals.
If no exclusivity date exists or if it's not available, respond with 'DATE: NA'. Otherwise, return only the date in MM-DD-YYYY format of date: MM-DD-YYYY.",Exclusivity_Date,original
NOVARTIS PHARMACEUTICALS CORP,"First, for clinical trial NCT00651261 among the more effective regimen ingredients, identify which ingredient starts with the letter M.

Then, find which company has the latest FDA approval date up till Dec, 2024 for this identified ingredient. Note that we are only look for overall FDA drug approval, not new indidcation, not supplemental approvals. 
Return only the company name in format of COMPANY: name.",Applicant_Full_Name,original
SUN PHARMACEUTICAL INDUSTRIES LTD,"First, for clinical trial NCT00416507 among the more effective regimen ingredients, identify which ingredient starts with the letter G.

Then, find which company has the latest FDA approval date up till Dec, 2024 for this identified ingredient. Note that we are only look for overall FDA drug approval, not new indidcation, not supplemental approvals. 
Return only the company name in format of COMPANY: name.",Applicant_Full_Name,original
DEXAMETHASONE,"For clinical trial NCT00833833. Among the more effective regimen ingredients; find which is the ingredient with the first letter start with D
 return only the name of the ingredient or unknown in all CAPS in the format of INGREDIENT: name",Ingredient,original
Not_Listed,"For clinical trial NCT01251107, review the more effective regimen ingredients and identify which ingredient starts with the letter P.

Then, determine which pharmaceutical company received the most recent FDA approval (up until December 2024) for this identified ingredient.
Note that we are only look for overall FDA drug approval, not new indidcation, not supplemental approvals.

If this company is listed on any US stock market (including over-the-counter markets), provide:
1. The stock ticker symbol
2. The opening stock price on the FDA approval date

If the company is not listed on any US stock market, please indicate ""NOT LISTED"".",Open_on_Approval,original
,"For clinical trial NCT00703326 among the more effective regimen ingredients, identify which ingredient starts with the letter D.

Then, for this identified ingredient that was last approved up till Dec, 2024, when is its exclusivity date according to the FDA?
Note that we are only look for overall FDA drug approval, not new indidcation, not supplemental approvals.
If no exclusivity date exists or if it's not available, respond with 'DATE: NA'. Otherwise, return only the date in MM-DD-YYYY format of date: MM-DD-YYYY.",Exclusivity_Date,original
,"For clinical trial NCT00003782 among the more effective regimen ingredients, identify which ingredient starts with the letter D.

Then, for this identified ingredient that was last approved up till Dec, 2024, when is its exclusivity date according to the FDA?
Note that we are only look for overall FDA drug approval, not new indidcation, not supplemental approvals.
If no exclusivity date exists or if it's not available, respond with 'DATE: NA'. Otherwise, return only the date in MM-DD-YYYY format of date: MM-DD-YYYY.",Exclusivity_Date,original
22.75,"For clinical trial NCT00718549, review the more effective regimen ingredients and identify which ingredient starts with the letter C.

Then, determine which pharmaceutical company received the most recent FDA approval (up until December 2024) for this identified ingredient.
Note that we are only look for overall FDA drug approval, not new indidcation, not supplemental approvals.

If this company is listed on any US stock market (including over-the-counter markets), provide:
1. The stock ticker symbol
2. The opening stock price on the FDA approval date

If the company is not listed on any US stock market, please indicate ""NOT LISTED"".",Open_on_Approval,original
ZHUHAI BEIHAI BIOTECH CO LTD,"First, for clinical trial NCT00446225 among the more effective regimen ingredients, identify which ingredient starts with the letter D.

Then, find which company has the latest FDA approval date up till Dec, 2024 for this identified ingredient. Note that we are only look for overall FDA drug approval, not new indidcation, not supplemental approvals. 
Return only the company name in format of COMPANY: name.",Applicant_Full_Name,original
ZHUHAI BEIHAI BIOTECH CO LTD,"First, for clinical trial NCT00441922 among the more effective regimen ingredients, identify which ingredient starts with the letter D.

Then, find which company has the latest FDA approval date up till Dec, 2024 for this identified ingredient. Note that we are only look for overall FDA drug approval, not new indidcation, not supplemental approvals. 
Return only the company name in format of COMPANY: name.",Applicant_Full_Name,original
DOCETAXEL,"For clinical trial NCT00084318. Among the more effective regimen ingredients; find which is the ingredient with the first letter start with D
 return only the name of the ingredient or unknown in all CAPS in the format of INGREDIENT: name",Ingredient,original
LENALIDOMIDE,"For clinical trial NCT00430365. Among the more effective regimen ingredients; find which is the ingredient with the first letter start with L
 return only the name of the ingredient or unknown in all CAPS in the format of INGREDIENT: name",Ingredient,original
"Jan 6, 2027","First, for clinical trial NCT00079274 among the more effective regimen ingredients, identify which ingredient starts with the letter I.

Then, for this identified ingredient that was last approved up till Dec, 2024, when is its patent expiration date?
Note that we are only look for overall FDA drug approval, not new indidcation, not supplemental approvals.
Return only the date only the year YYYY format of date: YYYY.",Patent_Expire_Date_Text,original
,"For clinical trial NCT00021255 among the more effective regimen ingredients, identify which ingredient starts with the letter D.

Then, for this identified ingredient that was last approved up till Dec, 2024, when is its exclusivity date according to the FDA?
Note that we are only look for overall FDA drug approval, not new indidcation, not supplemental approvals.
If no exclusivity date exists or if it's not available, respond with 'DATE: NA'. Otherwise, return only the date in MM-DD-YYYY format of date: MM-DD-YYYY.",Exclusivity_Date,original
,"For clinical trial NCT00718549 among the more effective regimen ingredients, identify which ingredient starts with the letter C.

Then, for this identified ingredient that was last approved up till Dec, 2024, when is its exclusivity date according to the FDA?
Note that we are only look for overall FDA drug approval, not new indidcation, not supplemental approvals.
If no exclusivity date exists or if it's not available, respond with 'DATE: NA'. Otherwise, return only the date in MM-DD-YYYY format of date: MM-DD-YYYY.",Exclusivity_Date,original
,"For clinical trial NCT03800134 among the more effective regimen ingredients, identify which ingredient starts with the letter P.

Then, for this identified ingredient that was last approved up till Dec, 2024, when is its exclusivity date according to the FDA?
Note that we are only look for overall FDA drug approval, not new indidcation, not supplemental approvals.
If no exclusivity date exists or if it's not available, respond with 'DATE: NA'. Otherwise, return only the date in MM-DD-YYYY format of date: MM-DD-YYYY.",Exclusivity_Date,original
IPSEN BIOPHARMACEUTICALS INC,"First, for clinical trial NCT00079274 among the more effective regimen ingredients, identify which ingredient starts with the letter I.

Then, find which company has the latest FDA approval date up till Dec, 2024 for this identified ingredient. Note that we are only look for overall FDA drug approval, not new indidcation, not supplemental approvals. 
Return only the company name in format of COMPANY: name.",Applicant_Full_Name,original
IRINOTECAN HYDROCHLORIDE,"For clinical trial NCT00720512. Among the more effective regimen ingredients; find which is the ingredient with the first letter start with I
 return only the name of the ingredient or unknown in all CAPS in the format of INGREDIENT: name",Ingredient,original
DOCETAXEL,"For clinical trial NCT01038661. Among the more effective regimen ingredients; find which is the ingredient with the first letter start with D
 return only the name of the ingredient or unknown in all CAPS in the format of INGREDIENT: name",Ingredient,original
99.87999725341797,"For clinical trial NCT02672527, review the more effective regimen ingredients and identify which ingredient starts with the letter T.

Then, determine which pharmaceutical company received the most recent FDA approval (up until December 2024) for this identified ingredient.
Note that we are only look for overall FDA drug approval, not new indidcation, not supplemental approvals.

If this company is listed on any US stock market (including over-the-counter markets), provide:
1. The stock ticker symbol
2. The opening stock price on the FDA approval date

If the company is not listed on any US stock market, please indicate ""NOT LISTED"".",Open_on_Approval,original
"Apr 27, 2027","First, for clinical trial NCT00238238 among the more effective regimen ingredients, identify which ingredient starts with the letter L.

Then, for this identified ingredient that was last approved up till Dec, 2024, when is its patent expiration date?
Note that we are only look for overall FDA drug approval, not new indidcation, not supplemental approvals.
Return only the date only the year YYYY format of date: YYYY.",Patent_Expire_Date_Text,original
FRESENIUS KABI USA LLC,"First, for clinical trial NCT00513955 among the more effective regimen ingredients, identify which ingredient starts with the letter B.

Then, find which company has the latest FDA approval date up till Dec, 2024 for this identified ingredient. Note that we are only look for overall FDA drug approval, not new indidcation, not supplemental approvals. 
Return only the company name in format of COMPANY: name.",Applicant_Full_Name,original
Not_Listed,"For clinical trial NCT00090051, review the more effective regimen ingredients and identify which ingredient starts with the letter C.

Then, determine which pharmaceutical company received the most recent FDA approval (up until December 2024) for this identified ingredient.
Note that we are only look for overall FDA drug approval, not new indidcation, not supplemental approvals.

If this company is listed on any US stock market (including over-the-counter markets), provide:
1. The stock ticker symbol
2. The opening stock price on the FDA approval date

If the company is not listed on any US stock market, please indicate ""NOT LISTED"".",Open_on_Approval,original
,"For clinical trial NCT01469000 among the more effective regimen ingredients, identify which ingredient starts with the letter P.

Then, for this identified ingredient that was last approved up till Dec, 2024, when is its exclusivity date according to the FDA?
Note that we are only look for overall FDA drug approval, not new indidcation, not supplemental approvals.
If no exclusivity date exists or if it's not available, respond with 'DATE: NA'. Otherwise, return only the date in MM-DD-YYYY format of date: MM-DD-YYYY.",Exclusivity_Date,original
MIDOSTAURIN,"For clinical trial NCT00651261. Among the more effective regimen ingredients; find which is the ingredient with the first letter start with M
 return only the name of the ingredient or unknown in all CAPS in the format of INGREDIENT: name",Ingredient,original
"May 31, 2026","First, for clinical trial NCT00718549 among the more effective regimen ingredients, identify which ingredient starts with the letter C.

Then, for this identified ingredient that was last approved up till Dec, 2024, when is its patent expiration date?
Note that we are only look for overall FDA drug approval, not new indidcation, not supplemental approvals.
Return only the date only the year YYYY format of date: YYYY.",Patent_Expire_Date_Text,original
"May 15, 2026","For clinical trial NCT02950051 among the more effective regimen ingredients, identify which ingredient starts with the letter V.

Then, for this identified ingredient that was last approved up till Dec, 2024, when is its exclusivity date according to the FDA?
Note that we are only look for overall FDA drug approval, not new indidcation, not supplemental approvals.
If no exclusivity date exists or if it's not available, respond with 'DATE: NA'. Otherwise, return only the date in MM-DD-YYYY format of date: MM-DD-YYYY.",Exclusivity_Date,original
"Jul 1, 2033","First, for clinical trial NCT00416507 among the more effective regimen ingredients, identify which ingredient starts with the letter G.

Then, for this identified ingredient that was last approved up till Dec, 2024, when is its patent expiration date?
Note that we are only look for overall FDA drug approval, not new indidcation, not supplemental approvals.
Return only the date only the year YYYY format of date: YYYY.",Patent_Expire_Date_Text,original
21.139999389648438,"For clinical trial NCT01667419, review the more effective regimen ingredients and identify which ingredient starts with the letter V.

Then, determine which pharmaceutical company received the most recent FDA approval (up until December 2024) for this identified ingredient.
Note that we are only look for overall FDA drug approval, not new indidcation, not supplemental approvals.

If this company is listed on any US stock market (including over-the-counter markets), provide:
1. The stock ticker symbol
2. The opening stock price on the FDA approval date

If the company is not listed on any US stock market, please indicate ""NOT LISTED"".",Open_on_Approval,original
Not_Listed,"For clinical trial NCT01998503, review the more effective regimen ingredients and identify which ingredient starts with the letter B.

Then, determine which pharmaceutical company received the most recent FDA approval (up until December 2024) for this identified ingredient.
Note that we are only look for overall FDA drug approval, not new indidcation, not supplemental approvals.

If this company is listed on any US stock market (including over-the-counter markets), provide:
1. The stock ticker symbol
2. The opening stock price on the FDA approval date

If the company is not listed on any US stock market, please indicate ""NOT LISTED"".",Open_on_Approval,original
"Dec 3, 2031","First, for clinical trial NCT01776840 among the more effective regimen ingredients, identify which ingredient starts with the letter I.

Then, for this identified ingredient that was last approved up till Dec, 2024, when is its patent expiration date?
Note that we are only look for overall FDA drug approval, not new indidcation, not supplemental approvals.
Return only the date only the year YYYY format of date: YYYY.",Patent_Expire_Date_Text,original
"Dec 18, 2037","First, for clinical trial NCT00256776 among the more effective regimen ingredients, identify which ingredient starts with the letter D.

Then, for this identified ingredient that was last approved up till Dec, 2024, when is its patent expiration date?
Note that we are only look for overall FDA drug approval, not new indidcation, not supplemental approvals.
Return only the date only the year YYYY format of date: YYYY.",Patent_Expire_Date_Text,original
PACLITAXEL,"For clinical trial NCT00064077. Among the more effective regimen ingredients; find which is the ingredient with the first letter start with P
 return only the name of the ingredient or unknown in all CAPS in the format of INGREDIENT: name",Ingredient,original
"Jul 1, 2033","First, for clinical trial NCT00262769 among the more effective regimen ingredients, identify which ingredient starts with the letter G.

Then, for this identified ingredient that was last approved up till Dec, 2024, when is its patent expiration date?
Note that we are only look for overall FDA drug approval, not new indidcation, not supplemental approvals.
Return only the date only the year YYYY format of date: YYYY.",Patent_Expire_Date_Text,original
SHILPA MEDICARE LTD,"First, for clinical trial NCT04988295 among the more effective regimen ingredients, identify which ingredient starts with the letter P.

Then, find which company has the latest FDA approval date up till Dec, 2024 for this identified ingredient. Note that we are only look for overall FDA drug approval, not new indidcation, not supplemental approvals. 
Return only the company name in format of COMPANY: name.",Applicant_Full_Name,original
DOCETAXEL,"For clinical trial NCT03150875. Among the more effective regimen ingredients; find which is the ingredient with the first letter start with D
 return only the name of the ingredient or unknown in all CAPS in the format of INGREDIENT: name",Ingredient,original
Not_Listed,"For clinical trial NCT01282463, review the more effective regimen ingredients and identify which ingredient starts with the letter D.

Then, determine which pharmaceutical company received the most recent FDA approval (up until December 2024) for this identified ingredient.
Note that we are only look for overall FDA drug approval, not new indidcation, not supplemental approvals.

If this company is listed on any US stock market (including over-the-counter markets), provide:
1. The stock ticker symbol
2. The opening stock price on the FDA approval date

If the company is not listed on any US stock market, please indicate ""NOT LISTED"".",Open_on_Approval,original
TRABECTEDIN,"For clinical trial NCT02672527. Among the more effective regimen ingredients; find which is the ingredient with the first letter start with T
 return only the name of the ingredient or unknown in all CAPS in the format of INGREDIENT: name",Ingredient,original
"Apr 27, 2027","First, for clinical trial NCT01197560 among the more effective regimen ingredients, identify which ingredient starts with the letter L.

Then, for this identified ingredient that was last approved up till Dec, 2024, when is its patent expiration date?
Note that we are only look for overall FDA drug approval, not new indidcation, not supplemental approvals.
Return only the date only the year YYYY format of date: YYYY.",Patent_Expire_Date_Text,original
DOCETAXEL,"For clinical trial NCT00003782. Among the more effective regimen ingredients; find which is the ingredient with the first letter start with D
 return only the name of the ingredient or unknown in all CAPS in the format of INGREDIENT: name",Ingredient,original
DEXCEL PHARMA TECHNOLOGIES LTD,"First, for clinical trial NCT00033332 among the more effective regimen ingredients, identify which ingredient starts with the letter D.

Then, find which company has the latest FDA approval date up till Dec, 2024 for this identified ingredient. Note that we are only look for overall FDA drug approval, not new indidcation, not supplemental approvals. 
Return only the company name in format of COMPANY: name.",Applicant_Full_Name,original
46.72999954223633,"For clinical trial NCT01718379, review the more effective regimen ingredients and identify which ingredient starts with the letter L.

Then, determine which pharmaceutical company received the most recent FDA approval (up until December 2024) for this identified ingredient.
Note that we are only look for overall FDA drug approval, not new indidcation, not supplemental approvals.

If this company is listed on any US stock market (including over-the-counter markets), provide:
1. The stock ticker symbol
2. The opening stock price on the FDA approval date

If the company is not listed on any US stock market, please indicate ""NOT LISTED"".",Open_on_Approval,original
"May 16, 2036","First, for clinical trial NCT00376792 among the more effective regimen ingredients, identify which ingredient starts with the letter D.

Then, for this identified ingredient that was last approved up till Dec, 2024, when is its patent expiration date?
Note that we are only look for overall FDA drug approval, not new indidcation, not supplemental approvals.
Return only the date only the year YYYY format of date: YYYY.",Patent_Expire_Date_Text,original
46.72999954223633,"For clinical trial NCT01197560, review the more effective regimen ingredients and identify which ingredient starts with the letter L.

Then, determine which pharmaceutical company received the most recent FDA approval (up until December 2024) for this identified ingredient.
Note that we are only look for overall FDA drug approval, not new indidcation, not supplemental approvals.

If this company is listed on any US stock market (including over-the-counter markets), provide:
1. The stock ticker symbol
2. The opening stock price on the FDA approval date

If the company is not listed on any US stock market, please indicate ""NOT LISTED"".",Open_on_Approval,original
,"For clinical trial NCT01998503 among the more effective regimen ingredients, identify which ingredient starts with the letter B.

Then, for this identified ingredient that was last approved up till Dec, 2024, when is its exclusivity date according to the FDA?
Note that we are only look for overall FDA drug approval, not new indidcation, not supplemental approvals.
If no exclusivity date exists or if it's not available, respond with 'DATE: NA'. Otherwise, return only the date in MM-DD-YYYY format of date: MM-DD-YYYY.",Exclusivity_Date,original
BORTEZOMIB,"For clinical trial NCT01998503. Among the more effective regimen ingredients; find which is the ingredient with the first letter start with B
 return only the name of the ingredient or unknown in all CAPS in the format of INGREDIENT: name",Ingredient,original
,"For clinical trial NCT00376792 among the more effective regimen ingredients, identify which ingredient starts with the letter D.

Then, for this identified ingredient that was last approved up till Dec, 2024, when is its exclusivity date according to the FDA?
Note that we are only look for overall FDA drug approval, not new indidcation, not supplemental approvals.
If no exclusivity date exists or if it's not available, respond with 'DATE: NA'. Otherwise, return only the date in MM-DD-YYYY format of date: MM-DD-YYYY.",Exclusivity_Date,original
"Dec 18, 2037","First, for clinical trial NCT00033332 among the more effective regimen ingredients, identify which ingredient starts with the letter D.

Then, for this identified ingredient that was last approved up till Dec, 2024, when is its patent expiration date?
Note that we are only look for overall FDA drug approval, not new indidcation, not supplemental approvals.
Return only the date only the year YYYY format of date: YYYY.",Patent_Expire_Date_Text,original
"May 16, 2036","First, for clinical trial NCT00978549 among the more effective regimen ingredients, identify which ingredient starts with the letter D.

Then, for this identified ingredient that was last approved up till Dec, 2024, when is its patent expiration date?
Note that we are only look for overall FDA drug approval, not new indidcation, not supplemental approvals.
Return only the date only the year YYYY format of date: YYYY.",Patent_Expire_Date_Text,original
"Mar 27, 2027","For clinical trial NCT02257736. Among the more effective regimen ingredients; find which is the ingredient with the first letter start with AP.

Then, for this identified ingredient that was last approved up till Dec, 2024, when is its patent expiration date?
Note that we are only look for overall FDA drug approval, not new indidcation, not supplemental approvals.
Return only the date only the year YYYY format of date: YYYY.",Patent_Expire_Date_Text,original
OLAPARIB,"For clinical trial NCT01924533. Among the more effective regimen ingredients; find which is the ingredient with the first letter start with O
 return only the name of the ingredient or unknown in all CAPS in the format of INGREDIENT: name",Ingredient,original
20.200000762939453,"For clinical trial NCT00417911, review the more effective regimen ingredients and identify which ingredient starts with the letter B.

Then, determine which pharmaceutical company received the most recent FDA approval (up until December 2024) for this identified ingredient.
Note that we are only look for overall FDA drug approval, not new indidcation, not supplemental approvals.

If this company is listed on any US stock market (including over-the-counter markets), provide:
1. The stock ticker symbol
2. The opening stock price on the FDA approval date

If the company is not listed on any US stock market, please indicate ""NOT LISTED"".",Open_on_Approval,original
FRESENIUS KABI USA LLC,"First, for clinical trial NCT01478048 among the more effective regimen ingredients, identify which ingredient starts with the letter B.

Then, find which company has the latest FDA approval date up till Dec, 2024 for this identified ingredient. Note that we are only look for overall FDA drug approval, not new indidcation, not supplemental approvals. 
Return only the company name in format of COMPANY: name.",Applicant_Full_Name,original
,"For clinical trial NCT01282463 among the more effective regimen ingredients, identify which ingredient starts with the letter D.

Then, for this identified ingredient that was last approved up till Dec, 2024, when is its exclusivity date according to the FDA?
Note that we are only look for overall FDA drug approval, not new indidcation, not supplemental approvals.
If no exclusivity date exists or if it's not available, respond with 'DATE: NA'. Otherwise, return only the date in MM-DD-YYYY format of date: MM-DD-YYYY.",Exclusivity_Date,original
DOCETAXEL,"For clinical trial NCT00478049. Among the more effective regimen ingredients; find which is the ingredient with the first letter start with D
 return only the name of the ingredient or unknown in all CAPS in the format of INGREDIENT: name",Ingredient,original
LENALIDOMIDE,"For clinical trial NCT01307605. Among the more effective regimen ingredients; find which is the ingredient with the first letter start with L
 return only the name of the ingredient or unknown in all CAPS in the format of INGREDIENT: name",Ingredient,original
,"For clinical trial NCT01924533 among the more effective regimen ingredients, identify which ingredient starts with the letter O.

Then, for this identified ingredient that was last approved up till Dec, 2024, when is its exclusivity date according to the FDA?
Note that we are only look for overall FDA drug approval, not new indidcation, not supplemental approvals.
If no exclusivity date exists or if it's not available, respond with 'DATE: NA'. Otherwise, return only the date in MM-DD-YYYY format of date: MM-DD-YYYY.",Exclusivity_Date,original
13.229999542236328,"For clinical trial NCT02340221, review the more effective regimen ingredients and identify which ingredient starts with the letter F.

Then, determine which pharmaceutical company received the most recent FDA approval (up until December 2024) for this identified ingredient.
Note that we are only look for overall FDA drug approval, not new indidcation, not supplemental approvals.

If this company is listed on any US stock market (including over-the-counter markets), provide:
1. The stock ticker symbol
2. The opening stock price on the FDA approval date

If the company is not listed on any US stock market, please indicate ""NOT LISTED"".",Open_on_Approval,original
"Jan 29, 2032","First, for clinical trial NCT02993523 among the more effective regimen ingredients, identify which ingredient starts with the letter V.

Then, for this identified ingredient that was last approved up till Dec, 2024, when is its patent expiration date?
Note that we are only look for overall FDA drug approval, not new indidcation, not supplemental approvals.
Return only the date only the year YYYY format of date: YYYY.",Patent_Expire_Date_Text,original
LENALIDOMIDE,"For clinical trial NCT01938001. Among the more effective regimen ingredients; find which is the ingredient with the first letter start with L
 return only the name of the ingredient or unknown in all CAPS in the format of INGREDIENT: name",Ingredient,original
,"For clinical trial NCT00004100 among the more effective regimen ingredients, identify which ingredient starts with the letter G.

Then, for this identified ingredient that was last approved up till Dec, 2024, when is its exclusivity date according to the FDA?
Note that we are only look for overall FDA drug approval, not new indidcation, not supplemental approvals.
If no exclusivity date exists or if it's not available, respond with 'DATE: NA'. Otherwise, return only the date in MM-DD-YYYY format of date: MM-DD-YYYY.",Exclusivity_Date,original
BRISTOL-MYERS SQUIBB CO,"First, for clinical trial NCT00002662 among the more effective regimen ingredients, identify which ingredient starts with the letter P.

Then, find which company has the latest FDA approval date up till Dec, 2024 for this identified ingredient. Note that we are only look for overall FDA drug approval, not new indidcation, not supplemental approvals. 
Return only the company name in format of COMPANY: name.",Applicant_Full_Name,original
"May 15, 2026","For clinical trial NCT02993523 among the more effective regimen ingredients, identify which ingredient starts with the letter V.

Then, for this identified ingredient that was last approved up till Dec, 2024, when is its exclusivity date according to the FDA?
Note that we are only look for overall FDA drug approval, not new indidcation, not supplemental approvals.
If no exclusivity date exists or if it's not available, respond with 'DATE: NA'. Otherwise, return only the date in MM-DD-YYYY format of date: MM-DD-YYYY.",Exclusivity_Date,original
"Apr 27, 2027","First, for clinical trial NCT01938001 among the more effective regimen ingredients, identify which ingredient starts with the letter L.

Then, for this identified ingredient that was last approved up till Dec, 2024, when is its patent expiration date?
Note that we are only look for overall FDA drug approval, not new indidcation, not supplemental approvals.
Return only the date only the year YYYY format of date: YYYY.",Patent_Expire_Date_Text,original
,"For clinical trial NCT00052936 among the more effective regimen ingredients, identify which ingredient starts with the letter P.

Then, for this identified ingredient that was last approved up till Dec, 2024, when is its exclusivity date according to the FDA?
Note that we are only look for overall FDA drug approval, not new indidcation, not supplemental approvals.
If no exclusivity date exists or if it's not available, respond with 'DATE: NA'. Otherwise, return only the date in MM-DD-YYYY format of date: MM-DD-YYYY.",Exclusivity_Date,original
DOCETAXEL,"For clinical trial NCT00703326. Among the more effective regimen ingredients; find which is the ingredient with the first letter start with D
 return only the name of the ingredient or unknown in all CAPS in the format of INGREDIENT: name",Ingredient,original
PREDNISONE,"For clinical trial NCT01251107. Among the more effective regimen ingredients; find which is the ingredient with the first letter start with P
 return only the name of the ingredient or unknown in all CAPS in the format of INGREDIENT: name",Ingredient,original
THIOTEPA,"For clinical trial NCT00002870. Among the more effective regimen ingredients; find which is the ingredient with the first letter start with T
 return only the name of the ingredient or unknown in all CAPS in the format of INGREDIENT: name",Ingredient,original
49.51612854003906,"For clinical trial NCT01108445, review the more effective regimen ingredients and identify which ingredient starts with the letter E.

Then, determine which pharmaceutical company received the most recent FDA approval (up until December 2024) for this identified ingredient.
Note that we are only look for overall FDA drug approval, not new indidcation, not supplemental approvals.

If this company is listed on any US stock market (including over-the-counter markets), provide:
1. The stock ticker symbol
2. The opening stock price on the FDA approval date

If the company is not listed on any US stock market, please indicate ""NOT LISTED"".",Open_on_Approval,original
Not_Listed,"For clinical trial NCT00445601, review the more effective regimen ingredients and identify which ingredient starts with the letter G.

Then, determine which pharmaceutical company received the most recent FDA approval (up until December 2024) for this identified ingredient.
Note that we are only look for overall FDA drug approval, not new indidcation, not supplemental approvals.

If this company is listed on any US stock market (including over-the-counter markets), provide:
1. The stock ticker symbol
2. The opening stock price on the FDA approval date

If the company is not listed on any US stock market, please indicate ""NOT LISTED"".",Open_on_Approval,original
,"For clinical trial NCT00084318 among the more effective regimen ingredients, identify which ingredient starts with the letter D.

Then, for this identified ingredient that was last approved up till Dec, 2024, when is its exclusivity date according to the FDA?
Note that we are only look for overall FDA drug approval, not new indidcation, not supplemental approvals.
If no exclusivity date exists or if it's not available, respond with 'DATE: NA'. Otherwise, return only the date in MM-DD-YYYY format of date: MM-DD-YYYY.",Exclusivity_Date,original
Not_Listed,"For clinical trial NCT00190762, review the more effective regimen ingredients and identify which ingredient starts with the letter P.

Then, determine which pharmaceutical company received the most recent FDA approval (up until December 2024) for this identified ingredient.
Note that we are only look for overall FDA drug approval, not new indidcation, not supplemental approvals.

If this company is listed on any US stock market (including over-the-counter markets), provide:
1. The stock ticker symbol
2. The opening stock price on the FDA approval date

If the company is not listed on any US stock market, please indicate ""NOT LISTED"".",Open_on_Approval,original
,"For clinical trial NCT02898077 among the more effective regimen ingredients, identify which ingredient starts with the letter P.

Then, for this identified ingredient that was last approved up till Dec, 2024, when is its exclusivity date according to the FDA?
Note that we are only look for overall FDA drug approval, not new indidcation, not supplemental approvals.
If no exclusivity date exists or if it's not available, respond with 'DATE: NA'. Otherwise, return only the date in MM-DD-YYYY format of date: MM-DD-YYYY.",Exclusivity_Date,original
Not_Listed,"For clinical trial NCT00703326, review the more effective regimen ingredients and identify which ingredient starts with the letter D.

Then, determine which pharmaceutical company received the most recent FDA approval (up until December 2024) for this identified ingredient.
Note that we are only look for overall FDA drug approval, not new indidcation, not supplemental approvals.

If this company is listed on any US stock market (including over-the-counter markets), provide:
1. The stock ticker symbol
2. The opening stock price on the FDA approval date

If the company is not listed on any US stock market, please indicate ""NOT LISTED"".",Open_on_Approval,original
DOCETAXEL,"For clinical trial NCT00446225. Among the more effective regimen ingredients; find which is the ingredient with the first letter start with D
 return only the name of the ingredient or unknown in all CAPS in the format of INGREDIENT: name",Ingredient,original
NOVARTIS PHARMACEUTICALS CORP,"First, for clinical trial NCT01108445 among the more effective regimen ingredients, identify which ingredient starts with the letter E.

Then, find which company has the latest FDA approval date up till Dec, 2024 for this identified ingredient. Note that we are only look for overall FDA drug approval, not new indidcation, not supplemental approvals. 
Return only the company name in format of COMPANY: name.",Applicant_Full_Name,original
SHILPA MEDICARE LTD,"First, for clinical trial NCT01469000 among the more effective regimen ingredients, identify which ingredient starts with the letter P.

Then, find which company has the latest FDA approval date up till Dec, 2024 for this identified ingredient. Note that we are only look for overall FDA drug approval, not new indidcation, not supplemental approvals. 
Return only the company name in format of COMPANY: name.",Applicant_Full_Name,original
SHILPA MEDICARE LTD,"First, for clinical trial NCT04538664 among the more effective regimen ingredients, identify which ingredient starts with the letter P.

Then, find which company has the latest FDA approval date up till Dec, 2024 for this identified ingredient. Note that we are only look for overall FDA drug approval, not new indidcation, not supplemental approvals. 
Return only the company name in format of COMPANY: name.",Applicant_Full_Name,original
CYCLOSPORINE,"For clinical trial NCT00260689. Among the more effective regimen ingredients; find which is the ingredient with the first letter start with C
 return only the name of the ingredient or unknown in all CAPS in the format of INGREDIENT: name",Ingredient,original
Not_Listed,"For clinical trial NCT00004100, review the more effective regimen ingredients and identify which ingredient starts with the letter G.

Then, determine which pharmaceutical company received the most recent FDA approval (up until December 2024) for this identified ingredient.
Note that we are only look for overall FDA drug approval, not new indidcation, not supplemental approvals.

If this company is listed on any US stock market (including over-the-counter markets), provide:
1. The stock ticker symbol
2. The opening stock price on the FDA approval date

If the company is not listed on any US stock market, please indicate ""NOT LISTED"".",Open_on_Approval,original
VEMURAFENIB,"For clinical trial NCT01667419. Among the more effective regimen ingredients; find which is the ingredient with the first letter start with V
 return only the name of the ingredient or unknown in all CAPS in the format of INGREDIENT: name",Ingredient,original
LENALIDOMIDE,"For clinical trial NCT00238238. Among the more effective regimen ingredients; find which is the ingredient with the first letter start with L
 return only the name of the ingredient or unknown in all CAPS in the format of INGREDIENT: name",Ingredient,original
FRESENIUS KABI USA LLC,"First, for clinical trial NCT01998503 among the more effective regimen ingredients, identify which ingredient starts with the letter B.

Then, find which company has the latest FDA approval date up till Dec, 2024 for this identified ingredient. Note that we are only look for overall FDA drug approval, not new indidcation, not supplemental approvals. 
Return only the company name in format of COMPANY: name.",Applicant_Full_Name,original
"Oct 3, 2026","For clinical trial NCT01356511 among the more effective regimen ingredients, identify which ingredient starts with the letter D.

Then, for this identified ingredient that was last approved up till Dec, 2024, when is its exclusivity date according to the FDA?
Note that we are only look for overall FDA drug approval, not new indidcation, not supplemental approvals.
If no exclusivity date exists or if it's not available, respond with 'DATE: NA'. Otherwise, return only the date in MM-DD-YYYY format of date: MM-DD-YYYY.",Exclusivity_Date,original
Not_Listed,"For clinical trial NCT04988295, review the more effective regimen ingredients and identify which ingredient starts with the letter P.

Then, determine which pharmaceutical company received the most recent FDA approval (up until December 2024) for this identified ingredient.
Note that we are only look for overall FDA drug approval, not new indidcation, not supplemental approvals.

If this company is listed on any US stock market (including over-the-counter markets), provide:
1. The stock ticker symbol
2. The opening stock price on the FDA approval date

If the company is not listed on any US stock market, please indicate ""NOT LISTED"".",Open_on_Approval,original
157.02000427246094,"For clinical trial NCT02257736. Among the more effective regimen ingredients; find which is the ingredient with the first letter start with AP.

Then, determine which pharmaceutical company received the most recent FDA approval (up until December 2024) for this identified ingredient.
Note that we are only look for overall FDA drug approval, not new indidcation, not supplemental approvals.

If this company is listed on any US stock market (including over-the-counter markets), provide:
1. The stock ticker symbol
2. The opening stock price on the FDA approval date

If the company is not listed on any US stock market, please indicate ""NOT LISTED"".",Open_on_Approval,original
HORIZON THERAPEUTICS USA INC,"First, for clinical trial NCT01251107 among the more effective regimen ingredients, identify which ingredient starts with the letter P.

Then, find which company has the latest FDA approval date up till Dec, 2024 for this identified ingredient. Note that we are only look for overall FDA drug approval, not new indidcation, not supplemental approvals. 
Return only the company name in format of COMPANY: name.",Applicant_Full_Name,original
,"For clinical trial NCT04538664 among the more effective regimen ingredients, identify which ingredient starts with the letter P.

Then, for this identified ingredient that was last approved up till Dec, 2024, when is its exclusivity date according to the FDA?
Note that we are only look for overall FDA drug approval, not new indidcation, not supplemental approvals.
If no exclusivity date exists or if it's not available, respond with 'DATE: NA'. Otherwise, return only the date in MM-DD-YYYY format of date: MM-DD-YYYY.",Exclusivity_Date,original
Not_Listed,"For clinical trial NCT00262769, review the more effective regimen ingredients and identify which ingredient starts with the letter G.

Then, determine which pharmaceutical company received the most recent FDA approval (up until December 2024) for this identified ingredient.
Note that we are only look for overall FDA drug approval, not new indidcation, not supplemental approvals.

If this company is listed on any US stock market (including over-the-counter markets), provide:
1. The stock ticker symbol
2. The opening stock price on the FDA approval date

If the company is not listed on any US stock market, please indicate ""NOT LISTED"".",Open_on_Approval,original
IBRUTINIB,"For clinical trial NCT01776840. Among the more effective regimen ingredients; find which is the ingredient with the first letter start with I
 return only the name of the ingredient or unknown in all CAPS in the format of INGREDIENT: name",Ingredient,original
ZHUHAI BEIHAI BIOTECH CO LTD,"First, for clinical trial NCT00478049 among the more effective regimen ingredients, identify which ingredient starts with the letter D.

Then, find which company has the latest FDA approval date up till Dec, 2024 for this identified ingredient. Note that we are only look for overall FDA drug approval, not new indidcation, not supplemental approvals. 
Return only the company name in format of COMPANY: name.",Applicant_Full_Name,original
"May 16, 2036","First, for clinical trial NCT01282463 among the more effective regimen ingredients, identify which ingredient starts with the letter D.

Then, for this identified ingredient that was last approved up till Dec, 2024, when is its patent expiration date?
Note that we are only look for overall FDA drug approval, not new indidcation, not supplemental approvals.
Return only the date only the year YYYY format of date: YYYY.",Patent_Expire_Date_Text,original
LENALIDOMIDE,"For clinical trial NCT01718379. Among the more effective regimen ingredients; find which is the ingredient with the first letter start with L
 return only the name of the ingredient or unknown in all CAPS in the format of INGREDIENT: name",Ingredient,original
Not_Listed,"For clinical trial NCT00002582, review the more effective regimen ingredients and identify which ingredient starts with the letter C.

Then, determine which pharmaceutical company received the most recent FDA approval (up until December 2024) for this identified ingredient.
Note that we are only look for overall FDA drug approval, not new indidcation, not supplemental approvals.

If this company is listed on any US stock market (including over-the-counter markets), provide:
1. The stock ticker symbol
2. The opening stock price on the FDA approval date

If the company is not listed on any US stock market, please indicate ""NOT LISTED"".",Open_on_Approval,original
FRESENIUS KABI USA LLC,"First, for clinical trial NCT00417911 among the more effective regimen ingredients, identify which ingredient starts with the letter B.

Then, find which company has the latest FDA approval date up till Dec, 2024 for this identified ingredient. Note that we are only look for overall FDA drug approval, not new indidcation, not supplemental approvals. 
Return only the company name in format of COMPANY: name.",Applicant_Full_Name,original
"Jul 12, 2034","First, for clinical trial NCT00002662 among the more effective regimen ingredients, identify which ingredient starts with the letter P.

Then, for this identified ingredient that was last approved up till Dec, 2024, when is its patent expiration date?
Note that we are only look for overall FDA drug approval, not new indidcation, not supplemental approvals.
Return only the date only the year YYYY format of date: YYYY.",Patent_Expire_Date_Text,original
"May 16, 2036","First, for clinical trial NCT01038661 among the more effective regimen ingredients, identify which ingredient starts with the letter D.

Then, for this identified ingredient that was last approved up till Dec, 2024, when is its patent expiration date?
Note that we are only look for overall FDA drug approval, not new indidcation, not supplemental approvals.
Return only the date only the year YYYY format of date: YYYY.",Patent_Expire_Date_Text,original
,"For clinical trial NCT00445601 among the more effective regimen ingredients, identify which ingredient starts with the letter G.

Then, for this identified ingredient that was last approved up till Dec, 2024, when is its exclusivity date according to the FDA?
Note that we are only look for overall FDA drug approval, not new indidcation, not supplemental approvals.
If no exclusivity date exists or if it's not available, respond with 'DATE: NA'. Otherwise, return only the date in MM-DD-YYYY format of date: MM-DD-YYYY.",Exclusivity_Date,original
"Nov 3, 2032","First, for clinical trial NCT00513955 among the more effective regimen ingredients, identify which ingredient starts with the letter B.

Then, for this identified ingredient that was last approved up till Dec, 2024, when is its patent expiration date?
Note that we are only look for overall FDA drug approval, not new indidcation, not supplemental approvals.
Return only the date only the year YYYY format of date: YYYY.",Patent_Expire_Date_Text,original
"Oct 3, 2026","For clinical trial NCT00833833 among the more effective regimen ingredients, identify which ingredient starts with the letter D.

Then, for this identified ingredient that was last approved up till Dec, 2024, when is its exclusivity date according to the FDA?
Note that we are only look for overall FDA drug approval, not new indidcation, not supplemental approvals.
If no exclusivity date exists or if it's not available, respond with 'DATE: NA'. Otherwise, return only the date in MM-DD-YYYY format of date: MM-DD-YYYY.",Exclusivity_Date,original
DEXAMETHASONE,"For clinical trial NCT00256776. Among the more effective regimen ingredients; find which is the ingredient with the first letter start with D
 return only the name of the ingredient or unknown in all CAPS in the format of INGREDIENT: name",Ingredient,original
,"For clinical trial NCT00446225 among the more effective regimen ingredients, identify which ingredient starts with the letter D.

Then, for this identified ingredient that was last approved up till Dec, 2024, when is its exclusivity date according to the FDA?
Note that we are only look for overall FDA drug approval, not new indidcation, not supplemental approvals.
If no exclusivity date exists or if it's not available, respond with 'DATE: NA'. Otherwise, return only the date in MM-DD-YYYY format of date: MM-DD-YYYY.",Exclusivity_Date,original
ZHUHAI BEIHAI BIOTECH CO LTD,"First, for clinical trial NCT00703326 among the more effective regimen ingredients, identify which ingredient starts with the letter D.

Then, find which company has the latest FDA approval date up till Dec, 2024 for this identified ingredient. Note that we are only look for overall FDA drug approval, not new indidcation, not supplemental approvals. 
Return only the company name in format of COMPANY: name.",Applicant_Full_Name,original
,"For clinical trial NCT00417911 among the more effective regimen ingredients, identify which ingredient starts with the letter B.

Then, for this identified ingredient that was last approved up till Dec, 2024, when is its exclusivity date according to the FDA?
Note that we are only look for overall FDA drug approval, not new indidcation, not supplemental approvals.
If no exclusivity date exists or if it's not available, respond with 'DATE: NA'. Otherwise, return only the date in MM-DD-YYYY format of date: MM-DD-YYYY.",Exclusivity_Date,original
PEMETREXED DISODIUM,"For clinical trial NCT04538664. Among the more effective regimen ingredients; find which is the ingredient with the first letter start with P
 return only the name of the ingredient or unknown in all CAPS in the format of INGREDIENT: name",Ingredient,original
35.55500030517578,"For clinical trial NCT01924533, review the more effective regimen ingredients and identify which ingredient starts with the letter O.

Then, determine which pharmaceutical company received the most recent FDA approval (up until December 2024) for this identified ingredient.
Note that we are only look for overall FDA drug approval, not new indidcation, not supplemental approvals.

If this company is listed on any US stock market (including over-the-counter markets), provide:
1. The stock ticker symbol
2. The opening stock price on the FDA approval date

If the company is not listed on any US stock market, please indicate ""NOT LISTED"".",Open_on_Approval,original
58.59000015258789,"For clinical trial NCT02950051, review the more effective regimen ingredients and identify which ingredient starts with the letter V.

Then, determine which pharmaceutical company received the most recent FDA approval (up until December 2024) for this identified ingredient.
Note that we are only look for overall FDA drug approval, not new indidcation, not supplemental approvals.

If this company is listed on any US stock market (including over-the-counter markets), provide:
1. The stock ticker symbol
2. The opening stock price on the FDA approval date

If the company is not listed on any US stock market, please indicate ""NOT LISTED"".",Open_on_Approval,original
"May 16, 2036","First, for clinical trial NCT00084318 among the more effective regimen ingredients, identify which ingredient starts with the letter D.

Then, for this identified ingredient that was last approved up till Dec, 2024, when is its patent expiration date?
Note that we are only look for overall FDA drug approval, not new indidcation, not supplemental approvals.
Return only the date only the year YYYY format of date: YYYY.",Patent_Expire_Date_Text,original
SHORLA PHARMA LTD,"First, for clinical trial NCT00002870 among the more effective regimen ingredients, identify which ingredient starts with the letter T.

Then, find which company has the latest FDA approval date up till Dec, 2024 for this identified ingredient. Note that we are only look for overall FDA drug approval, not new indidcation, not supplemental approvals. 
Return only the company name in format of COMPANY: name.",Applicant_Full_Name,original
"Jan 6, 2027","First, for clinical trial NCT00720512 among the more effective regimen ingredients, identify which ingredient starts with the letter I.

Then, for this identified ingredient that was last approved up till Dec, 2024, when is its patent expiration date?
Note that we are only look for overall FDA drug approval, not new indidcation, not supplemental approvals.
Return only the date only the year YYYY format of date: YYYY.",Patent_Expire_Date_Text,original
24.75,"For clinical trial NCT00064077, review the more effective regimen ingredients and identify which ingredient starts with the letter P.

Then, determine which pharmaceutical company received the most recent FDA approval (up until December 2024) for this identified ingredient.
Note that we are only look for overall FDA drug approval, not new indidcation, not supplemental approvals.

If this company is listed on any US stock market (including over-the-counter markets), provide:
1. The stock ticker symbol
2. The opening stock price on the FDA approval date

If the company is not listed on any US stock market, please indicate ""NOT LISTED"".",Open_on_Approval,original
"Mar 26, 2035","First, for clinical trial NCT04538664 among the more effective regimen ingredients, identify which ingredient starts with the letter P.

Then, for this identified ingredient that was last approved up till Dec, 2024, when is its patent expiration date?
Note that we are only look for overall FDA drug approval, not new indidcation, not supplemental approvals.
Return only the date only the year YYYY format of date: YYYY.",Patent_Expire_Date_Text,original
BRISTOL-MYERS SQUIBB CO,"First, for clinical trial NCT00003128 among the more effective regimen ingredients, identify which ingredient starts with the letter P.

Then, find which company has the latest FDA approval date up till Dec, 2024 for this identified ingredient. Note that we are only look for overall FDA drug approval, not new indidcation, not supplemental approvals. 
Return only the company name in format of COMPANY: name.",Applicant_Full_Name,original
Not_Listed,"For clinical trial NCT00833833, review the more effective regimen ingredients and identify which ingredient starts with the letter D.

Then, determine which pharmaceutical company received the most recent FDA approval (up until December 2024) for this identified ingredient.
Note that we are only look for overall FDA drug approval, not new indidcation, not supplemental approvals.

If this company is listed on any US stock market (including over-the-counter markets), provide:
1. The stock ticker symbol
2. The opening stock price on the FDA approval date

If the company is not listed on any US stock market, please indicate ""NOT LISTED"".",Open_on_Approval,original
ZHUHAI BEIHAI BIOTECH CO LTD,"First, for clinical trial NCT00084318 among the more effective regimen ingredients, identify which ingredient starts with the letter D.

Then, find which company has the latest FDA approval date up till Dec, 2024 for this identified ingredient. Note that we are only look for overall FDA drug approval, not new indidcation, not supplemental approvals. 
Return only the company name in format of COMPANY: name.",Applicant_Full_Name,original
BORTEZOMIB,"For clinical trial NCT00417911. Among the more effective regimen ingredients; find which is the ingredient with the first letter start with B
 return only the name of the ingredient or unknown in all CAPS in the format of INGREDIENT: name",Ingredient,original
IPSEN BIOPHARMACEUTICALS INC,"First, for clinical trial NCT00012389 among the more effective regimen ingredients, identify which ingredient starts with the letter I.

Then, find which company has the latest FDA approval date up till Dec, 2024 for this identified ingredient. Note that we are only look for overall FDA drug approval, not new indidcation, not supplemental approvals. 
Return only the company name in format of COMPANY: name.",Applicant_Full_Name,original
24.75,"For clinical trial NCT00003128, review the more effective regimen ingredients and identify which ingredient starts with the letter P.

Then, determine which pharmaceutical company received the most recent FDA approval (up until December 2024) for this identified ingredient.
Note that we are only look for overall FDA drug approval, not new indidcation, not supplemental approvals.

If this company is listed on any US stock market (including over-the-counter markets), provide:
1. The stock ticker symbol
2. The opening stock price on the FDA approval date

If the company is not listed on any US stock market, please indicate ""NOT LISTED"".",Open_on_Approval,original
GEMCITABINE HYDROCHLORIDE,"For clinical trial NCT00262769. Among the more effective regimen ingredients; find which is the ingredient with the first letter start with G
 return only the name of the ingredient or unknown in all CAPS in the format of INGREDIENT: name",Ingredient,original
15.140000343322754,"For clinical trial NCT00012389, review the more effective regimen ingredients and identify which ingredient starts with the letter I.

Then, determine which pharmaceutical company received the most recent FDA approval (up until December 2024) for this identified ingredient.
Note that we are only look for overall FDA drug approval, not new indidcation, not supplemental approvals.

If this company is listed on any US stock market (including over-the-counter markets), provide:
1. The stock ticker symbol
2. The opening stock price on the FDA approval date

If the company is not listed on any US stock market, please indicate ""NOT LISTED"".",Open_on_Approval,original
"May 16, 2036","First, for clinical trial NCT00441922 among the more effective regimen ingredients, identify which ingredient starts with the letter D.

Then, for this identified ingredient that was last approved up till Dec, 2024, when is its patent expiration date?
Note that we are only look for overall FDA drug approval, not new indidcation, not supplemental approvals.
Return only the date only the year YYYY format of date: YYYY.",Patent_Expire_Date_Text,original
DOCETAXEL,"For clinical trial NCT00441922. Among the more effective regimen ingredients; find which is the ingredient with the first letter start with D
 return only the name of the ingredient or unknown in all CAPS in the format of INGREDIENT: name",Ingredient,original
"May 28, 2026","For clinical trial NCT01197560 among the more effective regimen ingredients, identify which ingredient starts with the letter L.

Then, for this identified ingredient that was last approved up till Dec, 2024, when is its exclusivity date according to the FDA?
Note that we are only look for overall FDA drug approval, not new indidcation, not supplemental approvals.
If no exclusivity date exists or if it's not available, respond with 'DATE: NA'. Otherwise, return only the date in MM-DD-YYYY format of date: MM-DD-YYYY.",Exclusivity_Date,original
GEMCITABINE HYDROCHLORIDE,"For clinical trial NCT00004100. Among the more effective regimen ingredients; find which is the ingredient with the first letter start with G
 return only the name of the ingredient or unknown in all CAPS in the format of INGREDIENT: name",Ingredient,original
DOCETAXEL,"For clinical trial NCT00021255. Among the more effective regimen ingredients; find which is the ingredient with the first letter start with D
 return only the name of the ingredient or unknown in all CAPS in the format of INGREDIENT: name",Ingredient,original
"Nov 3, 2032","First, for clinical trial NCT01998503 among the more effective regimen ingredients, identify which ingredient starts with the letter B.

Then, for this identified ingredient that was last approved up till Dec, 2024, when is its patent expiration date?
Note that we are only look for overall FDA drug approval, not new indidcation, not supplemental approvals.
Return only the date only the year YYYY format of date: YYYY.",Patent_Expire_Date_Text,original
SHILPA MEDICARE LTD,"First, for clinical trial NCT03800134 among the more effective regimen ingredients, identify which ingredient starts with the letter P.

Then, find which company has the latest FDA approval date up till Dec, 2024 for this identified ingredient. Note that we are only look for overall FDA drug approval, not new indidcation, not supplemental approvals. 
Return only the company name in format of COMPANY: name.",Applicant_Full_Name,original
,"For clinical trial NCT01667419 among the more effective regimen ingredients, identify which ingredient starts with the letter V.

Then, for this identified ingredient that was last approved up till Dec, 2024, when is its exclusivity date according to the FDA?
Note that we are only look for overall FDA drug approval, not new indidcation, not supplemental approvals.
If no exclusivity date exists or if it's not available, respond with 'DATE: NA'. Otherwise, return only the date in MM-DD-YYYY format of date: MM-DD-YYYY.",Exclusivity_Date,original
"Jan 29, 2032","First, for clinical trial NCT02950051 among the more effective regimen ingredients, identify which ingredient starts with the letter V.

Then, for this identified ingredient that was last approved up till Dec, 2024, when is its patent expiration date?
Note that we are only look for overall FDA drug approval, not new indidcation, not supplemental approvals.
Return only the date only the year YYYY format of date: YYYY.",Patent_Expire_Date_Text,original
,"For clinical trial NCT00090051 among the more effective regimen ingredients, identify which ingredient starts with the letter C.

Then, for this identified ingredient that was last approved up till Dec, 2024, when is its exclusivity date according to the FDA?
Note that we are only look for overall FDA drug approval, not new indidcation, not supplemental approvals.
If no exclusivity date exists or if it's not available, respond with 'DATE: NA'. Otherwise, return only the date in MM-DD-YYYY format of date: MM-DD-YYYY.",Exclusivity_Date,original
ZHUHAI BEIHAI BIOTECH CO LTD,"First, for clinical trial NCT00978549 among the more effective regimen ingredients, identify which ingredient starts with the letter D.

Then, find which company has the latest FDA approval date up till Dec, 2024 for this identified ingredient. Note that we are only look for overall FDA drug approval, not new indidcation, not supplemental approvals. 
Return only the company name in format of COMPANY: name.",Applicant_Full_Name,original
"Jun 26, 2035","First, for clinical trial NCT00002582 among the more effective regimen ingredients, identify which ingredient starts with the letter C.

Then, for this identified ingredient that was last approved up till Dec, 2024, when is its patent expiration date?
Note that we are only look for overall FDA drug approval, not new indidcation, not supplemental approvals.
Return only the date only the year YYYY format of date: YYYY.",Patent_Expire_Date_Text,original
DEXAMETHASONE,"For clinical trial NCT01356511. Among the more effective regimen ingredients; find which is the ingredient with the first letter start with D
 return only the name of the ingredient or unknown in all CAPS in the format of INGREDIENT: name",Ingredient,original
SUN PHARMACEUTICAL INDUSTRIES LTD,"First, for clinical trial NCT00262769 among the more effective regimen ingredients, identify which ingredient starts with the letter G.

Then, find which company has the latest FDA approval date up till Dec, 2024 for this identified ingredient. Note that we are only look for overall FDA drug approval, not new indidcation, not supplemental approvals. 
Return only the company name in format of COMPANY: name.",Applicant_Full_Name,original
LENALIDOMIDE,"For clinical trial NCT01197560. Among the more effective regimen ingredients; find which is the ingredient with the first letter start with L
 return only the name of the ingredient or unknown in all CAPS in the format of INGREDIENT: name",Ingredient,original
"May 16, 2036","First, for clinical trial NCT00703326 among the more effective regimen ingredients, identify which ingredient starts with the letter D.

Then, for this identified ingredient that was last approved up till Dec, 2024, when is its patent expiration date?
Note that we are only look for overall FDA drug approval, not new indidcation, not supplemental approvals.
Return only the date only the year YYYY format of date: YYYY.",Patent_Expire_Date_Text,original
Not_Listed,"For clinical trial NCT01038661, review the more effective regimen ingredients and identify which ingredient starts with the letter D.

Then, determine which pharmaceutical company received the most recent FDA approval (up until December 2024) for this identified ingredient.
Note that we are only look for overall FDA drug approval, not new indidcation, not supplemental approvals.

If this company is listed on any US stock market (including over-the-counter markets), provide:
1. The stock ticker symbol
2. The opening stock price on the FDA approval date

If the company is not listed on any US stock market, please indicate ""NOT LISTED"".",Open_on_Approval,original
IRINOTECAN HYDROCHLORIDE,"For clinical trial NCT00079274. Among the more effective regimen ingredients; find which is the ingredient with the first letter start with I
 return only the name of the ingredient or unknown in all CAPS in the format of INGREDIENT: name",Ingredient,original
EUGIA PHARMA SPECIALITIES LTD,"First, for clinical trial NCT00002582 among the more effective regimen ingredients, identify which ingredient starts with the letter C.

Then, find which company has the latest FDA approval date up till Dec, 2024 for this identified ingredient. Note that we are only look for overall FDA drug approval, not new indidcation, not supplemental approvals. 
Return only the company name in format of COMPANY: name.",Applicant_Full_Name,original
"Mar 26, 2035","First, for clinical trial NCT00190762 among the more effective regimen ingredients, identify which ingredient starts with the letter P.

Then, for this identified ingredient that was last approved up till Dec, 2024, when is its patent expiration date?
Note that we are only look for overall FDA drug approval, not new indidcation, not supplemental approvals.
Return only the date only the year YYYY format of date: YYYY.",Patent_Expire_Date_Text,original
"Oct 3, 2026","For clinical trial NCT00256776 among the more effective regimen ingredients, identify which ingredient starts with the letter D.

Then, for this identified ingredient that was last approved up till Dec, 2024, when is its exclusivity date according to the FDA?
Note that we are only look for overall FDA drug approval, not new indidcation, not supplemental approvals.
If no exclusivity date exists or if it's not available, respond with 'DATE: NA'. Otherwise, return only the date in MM-DD-YYYY format of date: MM-DD-YYYY.",Exclusivity_Date,original
,"For clinical trial NCT00260689 among the more effective regimen ingredients, identify which ingredient starts with the letter C.

Then, for this identified ingredient that was last approved up till Dec, 2024, when is its exclusivity date according to the FDA?
Note that we are only look for overall FDA drug approval, not new indidcation, not supplemental approvals.
If no exclusivity date exists or if it's not available, respond with 'DATE: NA'. Otherwise, return only the date in MM-DD-YYYY format of date: MM-DD-YYYY.",Exclusivity_Date,original
24.75,"For clinical trial NCT02898077, review the more effective regimen ingredients and identify which ingredient starts with the letter P.

Then, determine which pharmaceutical company received the most recent FDA approval (up until December 2024) for this identified ingredient.
Note that we are only look for overall FDA drug approval, not new indidcation, not supplemental approvals.

If this company is listed on any US stock market (including over-the-counter markets), provide:
1. The stock ticker symbol
2. The opening stock price on the FDA approval date

If the company is not listed on any US stock market, please indicate ""NOT LISTED"".",Open_on_Approval,original
24.75,"For clinical trial NCT00002662, review the more effective regimen ingredients and identify which ingredient starts with the letter P.

Then, determine which pharmaceutical company received the most recent FDA approval (up until December 2024) for this identified ingredient.
Note that we are only look for overall FDA drug approval, not new indidcation, not supplemental approvals.

If this company is listed on any US stock market (including over-the-counter markets), provide:
1. The stock ticker symbol
2. The opening stock price on the FDA approval date

If the company is not listed on any US stock market, please indicate ""NOT LISTED"".",Open_on_Approval,original
SUN PHARMACEUTICAL INDUSTRIES LTD,"First, for clinical trial NCT00445601 among the more effective regimen ingredients, identify which ingredient starts with the letter G.

Then, find which company has the latest FDA approval date up till Dec, 2024 for this identified ingredient. Note that we are only look for overall FDA drug approval, not new indidcation, not supplemental approvals. 
Return only the company name in format of COMPANY: name.",Applicant_Full_Name,original
"Nov 3, 2032","First, for clinical trial NCT01478048 among the more effective regimen ingredients, identify which ingredient starts with the letter B.

Then, for this identified ingredient that was last approved up till Dec, 2024, when is its patent expiration date?
Note that we are only look for overall FDA drug approval, not new indidcation, not supplemental approvals.
Return only the date only the year YYYY format of date: YYYY.",Patent_Expire_Date_Text,original
"Nov 29, 2025","First, for clinical trial NCT00685646 among the more effective regimen ingredients, identify which ingredient starts with the letter Z.

Then, for this identified ingredient that was last approved up till Dec, 2024, when is its patent expiration date?
Note that we are only look for overall FDA drug approval, not new indidcation, not supplemental approvals.
Return only the date only the year YYYY format of date: YYYY.",Patent_Expire_Date_Text,original
"Jul 12, 2034","First, for clinical trial NCT00064077 among the more effective regimen ingredients, identify which ingredient starts with the letter P.

Then, for this identified ingredient that was last approved up till Dec, 2024, when is its patent expiration date?
Note that we are only look for overall FDA drug approval, not new indidcation, not supplemental approvals.
Return only the date only the year YYYY format of date: YYYY.",Patent_Expire_Date_Text,original
Not_Listed,"For clinical trial NCT00441922, review the more effective regimen ingredients and identify which ingredient starts with the letter D.

Then, determine which pharmaceutical company received the most recent FDA approval (up until December 2024) for this identified ingredient.
Note that we are only look for overall FDA drug approval, not new indidcation, not supplemental approvals.

If this company is listed on any US stock market (including over-the-counter markets), provide:
1. The stock ticker symbol
2. The opening stock price on the FDA approval date

If the company is not listed on any US stock market, please indicate ""NOT LISTED"".",Open_on_Approval,original
PHARMACYCLICS LLC,"First, for clinical trial NCT01776840 among the more effective regimen ingredients, identify which ingredient starts with the letter I.

Then, find which company has the latest FDA approval date up till Dec, 2024 for this identified ingredient. Note that we are only look for overall FDA drug approval, not new indidcation, not supplemental approvals. 
Return only the company name in format of COMPANY: name.",Applicant_Full_Name,original
EMD SERONO INC,"First, for clinical trial NCT00718549 among the more effective regimen ingredients, identify which ingredient starts with the letter C.

Then, find which company has the latest FDA approval date up till Dec, 2024 for this identified ingredient. Note that we are only look for overall FDA drug approval, not new indidcation, not supplemental approvals. 
Return only the company name in format of COMPANY: name.",Applicant_Full_Name,original
,"For clinical trial NCT01038661 among the more effective regimen ingredients, identify which ingredient starts with the letter D.

Then, for this identified ingredient that was last approved up till Dec, 2024, when is its exclusivity date according to the FDA?
Note that we are only look for overall FDA drug approval, not new indidcation, not supplemental approvals.
If no exclusivity date exists or if it's not available, respond with 'DATE: NA'. Otherwise, return only the date in MM-DD-YYYY format of date: MM-DD-YYYY.",Exclusivity_Date,original
"Jul 12, 2034","First, for clinical trial NCT02898077 among the more effective regimen ingredients, identify which ingredient starts with the letter P.

Then, for this identified ingredient that was last approved up till Dec, 2024, when is its patent expiration date?
Note that we are only look for overall FDA drug approval, not new indidcation, not supplemental approvals.
Return only the date only the year YYYY format of date: YYYY.",Patent_Expire_Date_Text,original
Not_Listed,"For clinical trial NCT00978549, review the more effective regimen ingredients and identify which ingredient starts with the letter D.

Then, determine which pharmaceutical company received the most recent FDA approval (up until December 2024) for this identified ingredient.
Note that we are only look for overall FDA drug approval, not new indidcation, not supplemental approvals.

If this company is listed on any US stock market (including over-the-counter markets), provide:
1. The stock ticker symbol
2. The opening stock price on the FDA approval date

If the company is not listed on any US stock market, please indicate ""NOT LISTED"".",Open_on_Approval,original
"Dec 18, 2037","First, for clinical trial NCT01356511 among the more effective regimen ingredients, identify which ingredient starts with the letter D.

Then, for this identified ingredient that was last approved up till Dec, 2024, when is its patent expiration date?
Note that we are only look for overall FDA drug approval, not new indidcation, not supplemental approvals.
Return only the date only the year YYYY format of date: YYYY.",Patent_Expire_Date_Text,original
20.200000762939453,"For clinical trial NCT00513955, review the more effective regimen ingredients and identify which ingredient starts with the letter B.

Then, determine which pharmaceutical company received the most recent FDA approval (up until December 2024) for this identified ingredient.
Note that we are only look for overall FDA drug approval, not new indidcation, not supplemental approvals.

If this company is listed on any US stock market (including over-the-counter markets), provide:
1. The stock ticker symbol
2. The opening stock price on the FDA approval date

If the company is not listed on any US stock market, please indicate ""NOT LISTED"".",Open_on_Approval,original
GEMCITABINE HYDROCHLORIDE,"For clinical trial NCT00445601. Among the more effective regimen ingredients; find which is the ingredient with the first letter start with G
 return only the name of the ingredient or unknown in all CAPS in the format of INGREDIENT: name",Ingredient,original
JANSSEN BIOTECH INC,"For clinical trial NCT02257736. Among the more effective regimen ingredients; find which is the ingredient with the first letter start with AP.

Then, find which company has the latest FDA approval date up till Dec, 2024 for this identified ingredient. Note that we are only look for overall FDA drug approval, not new indidcation, not supplemental approvals. 
Return only the company name in format of COMPANY: name.",Applicant_Full_Name,original
Not_Listed,"For clinical trial NCT01356511, review the more effective regimen ingredients and identify which ingredient starts with the letter D.

Then, determine which pharmaceutical company received the most recent FDA approval (up until December 2024) for this identified ingredient.
Note that we are only look for overall FDA drug approval, not new indidcation, not supplemental approvals.

If this company is listed on any US stock market (including over-the-counter markets), provide:
1. The stock ticker symbol
2. The opening stock price on the FDA approval date

If the company is not listed on any US stock market, please indicate ""NOT LISTED"".",Open_on_Approval,original
CYCLOPHOSPHAMIDE,"For clinical trial NCT00002582. Among the more effective regimen ingredients; find which is the ingredient with the first letter start with C
 return only the name of the ingredient or unknown in all CAPS in the format of INGREDIENT: name",Ingredient,original
Not_Listed,"For clinical trial NCT00003782, review the more effective regimen ingredients and identify which ingredient starts with the letter D.

Then, determine which pharmaceutical company received the most recent FDA approval (up until December 2024) for this identified ingredient.
Note that we are only look for overall FDA drug approval, not new indidcation, not supplemental approvals.

If this company is listed on any US stock market (including over-the-counter markets), provide:
1. The stock ticker symbol
2. The opening stock price on the FDA approval date

If the company is not listed on any US stock market, please indicate ""NOT LISTED"".",Open_on_Approval,original
Not_Listed,"For clinical trial NCT00446225, review the more effective regimen ingredients and identify which ingredient starts with the letter D.

Then, determine which pharmaceutical company received the most recent FDA approval (up until December 2024) for this identified ingredient.
Note that we are only look for overall FDA drug approval, not new indidcation, not supplemental approvals.

If this company is listed on any US stock market (including over-the-counter markets), provide:
1. The stock ticker symbol
2. The opening stock price on the FDA approval date

If the company is not listed on any US stock market, please indicate ""NOT LISTED"".",Open_on_Approval,original
"Aug 3, 2027","First, for clinical trial NCT00052936 among the more effective regimen ingredients, identify which ingredient starts with the letter P.

Then, for this identified ingredient that was last approved up till Dec, 2024, when is its patent expiration date?
Note that we are only look for overall FDA drug approval, not new indidcation, not supplemental approvals.
Return only the date only the year YYYY format of date: YYYY.",Patent_Expire_Date_Text,original
EUGIA PHARMA SPECIALITIES LTD,"First, for clinical trial NCT00090051 among the more effective regimen ingredients, identify which ingredient starts with the letter C.

Then, find which company has the latest FDA approval date up till Dec, 2024 for this identified ingredient. Note that we are only look for overall FDA drug approval, not new indidcation, not supplemental approvals. 
Return only the company name in format of COMPANY: name.",Applicant_Full_Name,original
,"For clinical trial NCT00978549 among the more effective regimen ingredients, identify which ingredient starts with the letter D.

Then, for this identified ingredient that was last approved up till Dec, 2024, when is its exclusivity date according to the FDA?
Note that we are only look for overall FDA drug approval, not new indidcation, not supplemental approvals.
If no exclusivity date exists or if it's not available, respond with 'DATE: NA'. Otherwise, return only the date in MM-DD-YYYY format of date: MM-DD-YYYY.",Exclusivity_Date,original
BRISTOL MYERS SQUIBB,"First, for clinical trial NCT00238238 among the more effective regimen ingredients, identify which ingredient starts with the letter L.

Then, find which company has the latest FDA approval date up till Dec, 2024 for this identified ingredient. Note that we are only look for overall FDA drug approval, not new indidcation, not supplemental approvals. 
Return only the company name in format of COMPANY: name.",Applicant_Full_Name,original
BRISTOL MYERS SQUIBB,"First, for clinical trial NCT01197560 among the more effective regimen ingredients, identify which ingredient starts with the letter L.

Then, find which company has the latest FDA approval date up till Dec, 2024 for this identified ingredient. Note that we are only look for overall FDA drug approval, not new indidcation, not supplemental approvals. 
Return only the company name in format of COMPANY: name.",Applicant_Full_Name,original
DEXCEL PHARMA TECHNOLOGIES LTD,"First, for clinical trial NCT00256776 among the more effective regimen ingredients, identify which ingredient starts with the letter D.

Then, find which company has the latest FDA approval date up till Dec, 2024 for this identified ingredient. Note that we are only look for overall FDA drug approval, not new indidcation, not supplemental approvals. 
Return only the company name in format of COMPANY: name.",Applicant_Full_Name,original
"May 28, 2026","For clinical trial NCT01718379 among the more effective regimen ingredients, identify which ingredient starts with the letter L.

Then, for this identified ingredient that was last approved up till Dec, 2024, when is its exclusivity date according to the FDA?
Note that we are only look for overall FDA drug approval, not new indidcation, not supplemental approvals.
If no exclusivity date exists or if it's not available, respond with 'DATE: NA'. Otherwise, return only the date in MM-DD-YYYY format of date: MM-DD-YYYY.",Exclusivity_Date,original
58.59000015258789,"For clinical trial NCT02993523, review the more effective regimen ingredients and identify which ingredient starts with the letter V.

Then, determine which pharmaceutical company received the most recent FDA approval (up until December 2024) for this identified ingredient.
Note that we are only look for overall FDA drug approval, not new indidcation, not supplemental approvals.

If this company is listed on any US stock market (including over-the-counter markets), provide:
1. The stock ticker symbol
2. The opening stock price on the FDA approval date

If the company is not listed on any US stock market, please indicate ""NOT LISTED"".",Open_on_Approval,original
DEXCEL PHARMA TECHNOLOGIES LTD,"First, for clinical trial NCT01356511 among the more effective regimen ingredients, identify which ingredient starts with the letter D.

Then, find which company has the latest FDA approval date up till Dec, 2024 for this identified ingredient. Note that we are only look for overall FDA drug approval, not new indidcation, not supplemental approvals. 
Return only the company name in format of COMPANY: name.",Applicant_Full_Name,original
"Apr 27, 2027","First, for clinical trial NCT01718379 among the more effective regimen ingredients, identify which ingredient starts with the letter L.

Then, for this identified ingredient that was last approved up till Dec, 2024, when is its patent expiration date?
Note that we are only look for overall FDA drug approval, not new indidcation, not supplemental approvals.
Return only the date only the year YYYY format of date: YYYY.",Patent_Expire_Date_Text,original
"May 28, 2026","For clinical trial NCT00430365 among the more effective regimen ingredients, identify which ingredient starts with the letter L.

Then, for this identified ingredient that was last approved up till Dec, 2024, when is its exclusivity date according to the FDA?
Note that we are only look for overall FDA drug approval, not new indidcation, not supplemental approvals.
If no exclusivity date exists or if it's not available, respond with 'DATE: NA'. Otherwise, return only the date in MM-DD-YYYY format of date: MM-DD-YYYY.",Exclusivity_Date,original
NOVARTIS PHARMACEUTICALS CORP,"First, for clinical trial NCT00685646 among the more effective regimen ingredients, identify which ingredient starts with the letter Z.

Then, find which company has the latest FDA approval date up till Dec, 2024 for this identified ingredient. Note that we are only look for overall FDA drug approval, not new indidcation, not supplemental approvals. 
Return only the company name in format of COMPANY: name.",Applicant_Full_Name,original
"Feb 25, 2031","First, for clinical trial NCT00260689 among the more effective regimen ingredients, identify which ingredient starts with the letter C.

Then, for this identified ingredient that was last approved up till Dec, 2024, when is its patent expiration date?
Note that we are only look for overall FDA drug approval, not new indidcation, not supplemental approvals.
Return only the date only the year YYYY format of date: YYYY.",Patent_Expire_Date_Text,original
34.470001220703125,"For clinical trial NCT01639001, review the more effective regimen ingredients and identify which ingredient starts with the letter C.

Then, determine which pharmaceutical company received the most recent FDA approval (up until December 2024) for this identified ingredient.
Note that we are only look for overall FDA drug approval, not new indidcation, not supplemental approvals.

If this company is listed on any US stock market (including over-the-counter markets), provide:
1. The stock ticker symbol
2. The opening stock price on the FDA approval date

If the company is not listed on any US stock market, please indicate ""NOT LISTED"".",Open_on_Approval,original
SUN PHARMACEUTICAL INDUSTRIES LTD,"First, for clinical trial NCT00004100 among the more effective regimen ingredients, identify which ingredient starts with the letter G.

Then, find which company has the latest FDA approval date up till Dec, 2024 for this identified ingredient. Note that we are only look for overall FDA drug approval, not new indidcation, not supplemental approvals. 
Return only the company name in format of COMPANY: name.",Applicant_Full_Name,original
,"For clinical trial NCT00003128 among the more effective regimen ingredients, identify which ingredient starts with the letter P.

Then, for this identified ingredient that was last approved up till Dec, 2024, when is its exclusivity date according to the FDA?
Note that we are only look for overall FDA drug approval, not new indidcation, not supplemental approvals.
If no exclusivity date exists or if it's not available, respond with 'DATE: NA'. Otherwise, return only the date in MM-DD-YYYY format of date: MM-DD-YYYY.",Exclusivity_Date,original
DOCETAXEL,"For clinical trial NCT00978549. Among the more effective regimen ingredients; find which is the ingredient with the first letter start with D
 return only the name of the ingredient or unknown in all CAPS in the format of INGREDIENT: name",Ingredient,original
"Mar 26, 2035","First, for clinical trial NCT04988295 among the more effective regimen ingredients, identify which ingredient starts with the letter P.

Then, for this identified ingredient that was last approved up till Dec, 2024, when is its patent expiration date?
Note that we are only look for overall FDA drug approval, not new indidcation, not supplemental approvals.
Return only the date only the year YYYY format of date: YYYY.",Patent_Expire_Date_Text,original
EVEROLIMUS,"For clinical trial NCT01108445. Among the more effective regimen ingredients; find which is the ingredient with the first letter start with E
 return only the name of the ingredient or unknown in all CAPS in the format of INGREDIENT: name",Ingredient,original
"Jul 7, 2028","First, for clinical trial NCT02672527 among the more effective regimen ingredients, identify which ingredient starts with the letter T.

Then, for this identified ingredient that was last approved up till Dec, 2024, when is its patent expiration date?
Note that we are only look for overall FDA drug approval, not new indidcation, not supplemental approvals.
Return only the date only the year YYYY format of date: YYYY.",Patent_Expire_Date_Text,original
46.72999954223633,"For clinical trial NCT01307605, review the more effective regimen ingredients and identify which ingredient starts with the letter L.

Then, determine which pharmaceutical company received the most recent FDA approval (up until December 2024) for this identified ingredient.
Note that we are only look for overall FDA drug approval, not new indidcation, not supplemental approvals.

If this company is listed on any US stock market (including over-the-counter markets), provide:
1. The stock ticker symbol
2. The opening stock price on the FDA approval date

If the company is not listed on any US stock market, please indicate ""NOT LISTED"".",Open_on_Approval,original
ZHUHAI BEIHAI BIOTECH CO LTD,"First, for clinical trial NCT01282463 among the more effective regimen ingredients, identify which ingredient starts with the letter D.

Then, find which company has the latest FDA approval date up till Dec, 2024 for this identified ingredient. Note that we are only look for overall FDA drug approval, not new indidcation, not supplemental approvals. 
Return only the company name in format of COMPANY: name.",Applicant_Full_Name,original
ZHUHAI BEIHAI BIOTECH CO LTD,"First, for clinical trial NCT03150875 among the more effective regimen ingredients, identify which ingredient starts with the letter D.

Then, find which company has the latest FDA approval date up till Dec, 2024 for this identified ingredient. Note that we are only look for overall FDA drug approval, not new indidcation, not supplemental approvals. 
Return only the company name in format of COMPANY: name.",Applicant_Full_Name,original
ZOLEDRONIC ACID,"For clinical trial NCT00685646. Among the more effective regimen ingredients; find which is the ingredient with the first letter start with Z
 return only the name of the ingredient or unknown in all CAPS in the format of INGREDIENT: name",Ingredient,original
Not_Listed,"For clinical trial NCT00021255, review the more effective regimen ingredients and identify which ingredient starts with the letter D.

Then, determine which pharmaceutical company received the most recent FDA approval (up until December 2024) for this identified ingredient.
Note that we are only look for overall FDA drug approval, not new indidcation, not supplemental approvals.

If this company is listed on any US stock market (including over-the-counter markets), provide:
1. The stock ticker symbol
2. The opening stock price on the FDA approval date

If the company is not listed on any US stock market, please indicate ""NOT LISTED"".",Open_on_Approval,original
"Aug 12, 2027","First, for clinical trial NCT01924533 among the more effective regimen ingredients, identify which ingredient starts with the letter O.

Then, for this identified ingredient that was last approved up till Dec, 2024, when is its patent expiration date?
Note that we are only look for overall FDA drug approval, not new indidcation, not supplemental approvals.
Return only the date only the year YYYY format of date: YYYY.",Patent_Expire_Date_Text,original
Not_Listed,"For clinical trial NCT00084318, review the more effective regimen ingredients and identify which ingredient starts with the letter D.

Then, determine which pharmaceutical company received the most recent FDA approval (up until December 2024) for this identified ingredient.
Note that we are only look for overall FDA drug approval, not new indidcation, not supplemental approvals.

If this company is listed on any US stock market (including over-the-counter markets), provide:
1. The stock ticker symbol
2. The opening stock price on the FDA approval date

If the company is not listed on any US stock market, please indicate ""NOT LISTED"".",Open_on_Approval,original
CLADRIBINE,"For clinical trial NCT00718549. Among the more effective regimen ingredients; find which is the ingredient with the first letter start with C
 return only the name of the ingredient or unknown in all CAPS in the format of INGREDIENT: name",Ingredient,original
PF PRISM CV,"First, for clinical trial NCT01639001 among the more effective regimen ingredients, identify which ingredient starts with the letter C.

Then, find which company has the latest FDA approval date up till Dec, 2024 for this identified ingredient. Note that we are only look for overall FDA drug approval, not new indidcation, not supplemental approvals. 
Return only the company name in format of COMPANY: name.",Applicant_Full_Name,original
JANSSEN PRODUCTS LP,"First, for clinical trial NCT02672527 among the more effective regimen ingredients, identify which ingredient starts with the letter T.

Then, find which company has the latest FDA approval date up till Dec, 2024 for this identified ingredient. Note that we are only look for overall FDA drug approval, not new indidcation, not supplemental approvals. 
Return only the company name in format of COMPANY: name.",Applicant_Full_Name,original
31.94444465637207,"For clinical trial NCT00685646, review the more effective regimen ingredients and identify which ingredient starts with the letter Z.

Then, determine which pharmaceutical company received the most recent FDA approval (up until December 2024) for this identified ingredient.
Note that we are only look for overall FDA drug approval, not new indidcation, not supplemental approvals.

If this company is listed on any US stock market (including over-the-counter markets), provide:
1. The stock ticker symbol
2. The opening stock price on the FDA approval date

If the company is not listed on any US stock market, please indicate ""NOT LISTED"".",Open_on_Approval,original
"Mar 26, 2035","First, for clinical trial NCT03800134 among the more effective regimen ingredients, identify which ingredient starts with the letter P.

Then, for this identified ingredient that was last approved up till Dec, 2024, when is its patent expiration date?
Note that we are only look for overall FDA drug approval, not new indidcation, not supplemental approvals.
Return only the date only the year YYYY format of date: YYYY.",Patent_Expire_Date_Text,original
SHILPA MEDICARE LTD,"First, for clinical trial NCT00190762 among the more effective regimen ingredients, identify which ingredient starts with the letter P.

Then, find which company has the latest FDA approval date up till Dec, 2024 for this identified ingredient. Note that we are only look for overall FDA drug approval, not new indidcation, not supplemental approvals. 
Return only the company name in format of COMPANY: name.",Applicant_Full_Name,original
DEXAMETHASONE,"For clinical trial NCT00033332. Among the more effective regimen ingredients; find which is the ingredient with the first letter start with D
 return only the name of the ingredient or unknown in all CAPS in the format of INGREDIENT: name",Ingredient,original
"Jan 6, 2027","First, for clinical trial NCT00012389 among the more effective regimen ingredients, identify which ingredient starts with the letter I.

Then, for this identified ingredient that was last approved up till Dec, 2024, when is its patent expiration date?
Note that we are only look for overall FDA drug approval, not new indidcation, not supplemental approvals.
Return only the date only the year YYYY format of date: YYYY.",Patent_Expire_Date_Text,original
Not_Listed,"For clinical trial NCT03800134, review the more effective regimen ingredients and identify which ingredient starts with the letter P.

Then, determine which pharmaceutical company received the most recent FDA approval (up until December 2024) for this identified ingredient.
Note that we are only look for overall FDA drug approval, not new indidcation, not supplemental approvals.

If this company is listed on any US stock market (including over-the-counter markets), provide:
1. The stock ticker symbol
2. The opening stock price on the FDA approval date

If the company is not listed on any US stock market, please indicate ""NOT LISTED"".",Open_on_Approval,original
"Jul 1, 2033","First, for clinical trial NCT00004100 among the more effective regimen ingredients, identify which ingredient starts with the letter G.

Then, for this identified ingredient that was last approved up till Dec, 2024, when is its patent expiration date?
Note that we are only look for overall FDA drug approval, not new indidcation, not supplemental approvals.
Return only the date only the year YYYY format of date: YYYY.",Patent_Expire_Date_Text,original
PACLITAXEL,"For clinical trial NCT00003128. Among the more effective regimen ingredients; find which is the ingredient with the first letter start with P
 return only the name of the ingredient or unknown in all CAPS in the format of INGREDIENT: name",Ingredient,original
PEMETREXED DISODIUM,"For clinical trial NCT03800134. Among the more effective regimen ingredients; find which is the ingredient with the first letter start with P
 return only the name of the ingredient or unknown in all CAPS in the format of INGREDIENT: name",Ingredient,original
PACLITAXEL,"For clinical trial NCT00002662. Among the more effective regimen ingredients; find which is the ingredient with the first letter start with P
 return only the name of the ingredient or unknown in all CAPS in the format of INGREDIENT: name",Ingredient,original
"Oct 3, 2026","For clinical trial NCT00033332 among the more effective regimen ingredients, identify which ingredient starts with the letter D.

Then, for this identified ingredient that was last approved up till Dec, 2024, when is its exclusivity date according to the FDA?
Note that we are only look for overall FDA drug approval, not new indidcation, not supplemental approvals.
If no exclusivity date exists or if it's not available, respond with 'DATE: NA'. Otherwise, return only the date in MM-DD-YYYY format of date: MM-DD-YYYY.",Exclusivity_Date,original
,"For clinical trial NCT00478049 among the more effective regimen ingredients, identify which ingredient starts with the letter D.

Then, for this identified ingredient that was last approved up till Dec, 2024, when is its exclusivity date according to the FDA?
Note that we are only look for overall FDA drug approval, not new indidcation, not supplemental approvals.
If no exclusivity date exists or if it's not available, respond with 'DATE: NA'. Otherwise, return only the date in MM-DD-YYYY format of date: MM-DD-YYYY.",Exclusivity_Date,original
Not_Listed,"For clinical trial NCT00079274, review the more effective regimen ingredients and identify which ingredient starts with the letter I.

Then, determine which pharmaceutical company received the most recent FDA approval (up until December 2024) for this identified ingredient.
Note that we are only look for overall FDA drug approval, not new indidcation, not supplemental approvals.

If this company is listed on any US stock market (including over-the-counter markets), provide:
1. The stock ticker symbol
2. The opening stock price on the FDA approval date

If the company is not listed on any US stock market, please indicate ""NOT LISTED"".",Open_on_Approval,original
"May 28, 2026","For clinical trial NCT01307605 among the more effective regimen ingredients, identify which ingredient starts with the letter L.

Then, for this identified ingredient that was last approved up till Dec, 2024, when is its exclusivity date according to the FDA?
Note that we are only look for overall FDA drug approval, not new indidcation, not supplemental approvals.
If no exclusivity date exists or if it's not available, respond with 'DATE: NA'. Otherwise, return only the date in MM-DD-YYYY format of date: MM-DD-YYYY.",Exclusivity_Date,original
"Apr 27, 2027","First, for clinical trial NCT01307605 among the more effective regimen ingredients, identify which ingredient starts with the letter L.

Then, for this identified ingredient that was last approved up till Dec, 2024, when is its patent expiration date?
Note that we are only look for overall FDA drug approval, not new indidcation, not supplemental approvals.
Return only the date only the year YYYY format of date: YYYY.",Patent_Expire_Date_Text,original
ABBVIE INC,"First, for clinical trial NCT00260689 among the more effective regimen ingredients, identify which ingredient starts with the letter C.

Then, find which company has the latest FDA approval date up till Dec, 2024 for this identified ingredient. Note that we are only look for overall FDA drug approval, not new indidcation, not supplemental approvals. 
Return only the company name in format of COMPANY: name.",Applicant_Full_Name,original
46.72999954223633,"For clinical trial NCT01938001, review the more effective regimen ingredients and identify which ingredient starts with the letter L.

Then, determine which pharmaceutical company received the most recent FDA approval (up until December 2024) for this identified ingredient.
Note that we are only look for overall FDA drug approval, not new indidcation, not supplemental approvals.

If this company is listed on any US stock market (including over-the-counter markets), provide:
1. The stock ticker symbol
2. The opening stock price on the FDA approval date

If the company is not listed on any US stock market, please indicate ""NOT LISTED"".",Open_on_Approval,original
,"For clinical trial NCT00416507 among the more effective regimen ingredients, identify which ingredient starts with the letter G.

Then, for this identified ingredient that was last approved up till Dec, 2024, when is its exclusivity date according to the FDA?
Note that we are only look for overall FDA drug approval, not new indidcation, not supplemental approvals.
If no exclusivity date exists or if it's not available, respond with 'DATE: NA'. Otherwise, return only the date in MM-DD-YYYY format of date: MM-DD-YYYY.",Exclusivity_Date,original
,"For clinical trial NCT02340221 among the more effective regimen ingredients, identify which ingredient starts with the letter F.

Then, for this identified ingredient that was last approved up till Dec, 2024, when is its exclusivity date according to the FDA?
Note that we are only look for overall FDA drug approval, not new indidcation, not supplemental approvals.
If no exclusivity date exists or if it's not available, respond with 'DATE: NA'. Otherwise, return only the date in MM-DD-YYYY format of date: MM-DD-YYYY.",Exclusivity_Date,original
"May 16, 2036","First, for clinical trial NCT00478049 among the more effective regimen ingredients, identify which ingredient starts with the letter D.

Then, for this identified ingredient that was last approved up till Dec, 2024, when is its patent expiration date?
Note that we are only look for overall FDA drug approval, not new indidcation, not supplemental approvals.
Return only the date only the year YYYY format of date: YYYY.",Patent_Expire_Date_Text,original
,"For clinical trial NCT01251107 among the more effective regimen ingredients, identify which ingredient starts with the letter P.

Then, for this identified ingredient that was last approved up till Dec, 2024, when is its exclusivity date according to the FDA?
Note that we are only look for overall FDA drug approval, not new indidcation, not supplemental approvals.
If no exclusivity date exists or if it's not available, respond with 'DATE: NA'. Otherwise, return only the date in MM-DD-YYYY format of date: MM-DD-YYYY.",Exclusivity_Date,original
CRIZOTINIB,"Regarding clinical trial NCT01639001, among the ingredients of the regimen demonstrating superior efficacy, identify the specific agent whose nomenclature begins with the letter 'C'. Return exclusively the name of the ingredient or 'UNKNOWN' in uppercase letters, strictly adhering to the format: INGREDIENT: NAME.",Ingredient,style1_formal
CRIZOTINIB,"For NCT01639001, find the more effective ingredient starting with C. Return only the name or UNKNOWN in all CAPS as INGREDIENT: name.",Ingredient,style2_concise
CRIZOTINIB,"First, examine clinical trial NCT01639001 to identify the ingredients in the more effective regimen. Then, determine which of these ingredients has a name starting with the letter C. Finally, return only the name of the ingredient or unknown in all CAPS in the format of INGREDIENT: name.",Ingredient,style3_stepwise
CRIZOTINIB,"Regarding clinical trial NCT01639001. Among the components of the more efficacious regimens, identify the constituent whose name commences with the letter 'C'; return the result exclusively as the constituent's name, or ""unknown"", in all-uppercase, formatted as INGREDIENT: name.",Ingredient,style1_formal
CRIZOTINIB,"For clinical trial NCT01639001: Find the more effective regimen ingredient starting with C. Return the name or ""unknown"" in all CAPS, formatted as INGREDIENT: name.",Ingredient,style2_concise
CRIZOTINIB,"First, for clinical trial NCT01639001, find the ingredients from the more effective regimen. Then, from these ingredients, find which one starts with the letter C. Finally, return only the name of the ingredient or unknown in all CAPS in the format of INGREDIENT: name.",Ingredient,style3_stepwise
IRINOTECAN HYDROCHLORIDE,"Regarding clinical trial NCT00012389: From the set of constituents comprising the more efficacious regimens, identify the ingredient whose name commences with the letter 'I'. The output must be restricted to the ingredient's name, or 'UNKNOWN', rendered in all capital letters in the format: INGREDIENT: name",Ingredient,style1_formal
IRINOTECAN HYDROCHLORIDE,"For clinical trial NCT00012389, identify the ingredient starting with I in the more effective regimen. Return the name or UNKNOWN in all caps, formatted as INGREDIENT: name.",Ingredient,style2_concise
IRINOTECAN HYDROCHLORIDE,"First, consider the clinical trial NCT00012389. Then, from the more effective regimen ingredients identified in this trial, find the ingredient whose name starts with the letter 'I'. Finally, return only the name of this ingredient, or 'unknown' if none is found, in all CAPS using the format: INGREDIENT: name",Ingredient,style3_stepwise
,"With respect to clinical trial NCT03150875, identify the therapeutically active constituent of the specified regimen whose nomenclature commences with the letter 'D'.

Subsequently, for this identified substance, ascertain the U.S. Food and Drug Administration (FDA) designated exclusivity date, provided its most recent marketing authorization was granted on or before December 2024.
It is to be noted that this query pertains exclusively to the original marketing authorization by the FDA, and explicitly excludes approvals for new indications or supplemental applications.
Should the exclusivity date be non-existent or unavailable, the required response is 'DATE: NA'. In all other cases, the response must consist solely of the date, presented in the format 'date: MM-DD-YYYY'.",Exclusivity_Date,style1_formal
,"For clinical trial NCT03150875, identify the effective regimen ingredient that starts with the letter D.

For this ingredient, what is its FDA exclusivity date from its last overall approval up till Dec, 2024?
Consider only overall FDA drug approval, not new indications or supplemental approvals.
If no exclusivity date exists or is unavailable, respond with 'DATE: NA'. Otherwise, return the date in the format: date: MM-DD-YYYY.",Exclusivity_Date,style2_concise
,"First, for clinical trial NCT03150875, identify which ingredient among the more effective regimen ingredients starts with the letter D.

Then, for this identified ingredient, find its FDA exclusivity date that is associated with its last overall FDA drug approval granted up till Dec, 2024.
Note that we are only looking for overall FDA drug approval, not new indication, not supplemental approvals.

Finally, provide the resulting date. If no exclusivity date exists or if it's not available, respond with 'DATE: NA'. Otherwise, return only the date in MM-DD-YYYY format of date: MM-DD-YYYY.",Exclusivity_Date,style3_stepwise
"Jun 26, 2035","Pertaining to clinical trial NCT00090051, among the constituents of the more efficacious regimen, identify the component that commences with the letter 'C'.

Subsequently, for this identified component, determine its patent expiration date, considering its most recent overall FDA drug approval was conferred on or before Dec, 2024.
Note that the inquiry is restricted to overall FDA drug approval, excluding new indications and supplemental approvals.
Return only the year component of the date, in the YYYY format of date: YYYY.",Patent_Expire_Date_Text,style1_formal
"Jun 26, 2035","In clinical trial NCT00090051, which effective regimen ingredient starts with C?

For this ingredient, what is the patent expiration date of its last overall FDA drug approval by Dec, 2024?
Note: Exclude new indications and supplemental approvals.
Return the year only in YYYY format.",Patent_Expire_Date_Text,style2_concise
"Jun 26, 2035","First, for clinical trial NCT00090051, identify the ingredient within the more effective regimen that starts with the letter C.

Then, for this specific ingredient, find the patent expiration date associated with its last overall FDA drug approval on or before Dec, 2024. Note that new indications or supplemental approvals should not be considered.

Finally, return only the year of that patent expiration date in YYYY format.",Patent_Expire_Date_Text,style3_stepwise
BRISTOL MYERS SQUIBB,"Initially, with respect to the therapeutic regimen evaluated in clinical trial NCT01307605, identify the constituent active ingredient whose name commences with the letter L.

Subsequently, ascertain the company holding the most recent FDA approval for the aforementioned ingredient, with an approval date no later than December 2024. It is to be noted that this query is restricted to original FDA drug approvals, thereby excluding approvals for new indications or supplemental applications.

Provide only the company's name, formatted as follows: COMPANY: name.",Applicant_Full_Name,style1_formal
BRISTOL MYERS SQUIBB,"For clinical trial NCT01307605, identify the ingredient in the more effective regimen starting with the letter L.

Then, for this ingredient, find the company with the latest overall FDA drug approval by Dec, 2024. Exclude new indications and supplemental approvals.
Return the company name in the format COMPANY: name.",Applicant_Full_Name,style2_concise
BRISTOL MYERS SQUIBB,"First, for clinical trial NCT01307605, identify the ingredients included in the more effective regimen.

Then, from this list of ingredients, select the one that starts with the letter L.

Finally, for this specific ingredient, find which company received the latest overall FDA drug approval (not a new indication or supplemental approval) up till Dec, 2024. Return only the company name in the format of COMPANY: name.",Applicant_Full_Name,style3_stepwise
HOFFMANN LA ROCHE INC,"Pertaining to clinical trial NCT01667419, identify the therapeutic agent among the efficacious regimen components whose name commences with the letter V.

Subsequently, determine the company that holds the most recent FDA approval for this identified agent, with an approval date on or before Dec, 2024. Note that this query is restricted to the overall FDA drug approval, thereby excluding new indications or supplemental approvals.
Return only the company name in the format of COMPANY: name.",Applicant_Full_Name,style1_formal
HOFFMANN LA ROCHE INC,"From the more effective regimens in clinical trial NCT01667419, identify the ingredient starting with V.

Find the company with the latest overall FDA drug approval for this ingredient by Dec, 2024. Exclude new indications and supplemental approvals.
Return the company name in the format: COMPANY: name.",Applicant_Full_Name,style2_concise
HOFFMANN LA ROCHE INC,"First, examine the more effective regimen in clinical trial NCT01667419 and identify the ingredient that starts with the letter V.

Then, for the ingredient identified in the previous step, find the company that received the latest overall FDA drug approval. The approval date must be on or before Dec, 2024. Note that you should only consider overall FDA drug approvals, not new indications or supplemental approvals.

Finally, return only the company name in the format of COMPANY: name.",Applicant_Full_Name,style3_stepwise
"Jul 14, 2025","In reference to clinical trial NCT01639001, among the constituent agents of the more efficacious therapeutic regimens, identify the specific agent whose name commences with the letter C.

Subsequently, for this identified agent, provided its most recent initial approval was granted on or before Dec, 2024, what is its FDA-conferred regulatory exclusivity date?
Note that this inquiry pertains exclusively to the overall FDA drug approval, and not to new indications or supplemental approvals.
If no exclusivity date exists or if it is unavailable, respond with 'DATE: NA'. Otherwise, return only the date in the MM-DD-YYYY format of date: MM-DD-YYYY.",Exclusivity_Date,style1_formal
"Jul 14, 2025","For clinical trial NCT01639001, which ingredient in the more effective regimen starts with the letter C?

For this ingredient, what is its FDA exclusivity date from its last overall drug approval up till Dec, 2024?
Consider only overall FDA drug approval, not new indications or supplemental approvals.
If no exclusivity date exists or is unavailable, respond 'DATE: NA'. Otherwise, return only the date in the format: date: MM-DD-YYYY.",Exclusivity_Date,style2_concise
"Jul 14, 2025","First, for clinical trial NCT01639001, among the more effective regimen ingredients, identify which ingredient starts with the letter C.

Then, for this identified ingredient, find its exclusivity date according to the FDA for its last approval up till Dec, 2024. Note that we are only looking for overall FDA drug approval, not new indication or supplemental approvals.

Finally, if no exclusivity date exists or if it's not available, respond with 'DATE: NA'. Otherwise, return only the date in MM-DD-YYYY format as: date: MM-DD-YYYY.",Exclusivity_Date,style3_stepwise
PEMETREXED DISODIUM,"For clinical trial NCT01469000, from the set of ingredients comprising the more effective regimens, identify the constituent whose name commences with the letter P; return only the name of the ingredient or 'unknown' in all capital letters, in the format of INGREDIENT: name.",Ingredient,style1_formal
PEMETREXED DISODIUM,"For clinical trial NCT01469000, from the more effective regimen ingredients, find the ingredient starting with P. Return the name or UNKNOWN in all CAPS in the format of INGREDIENT: name.",Ingredient,style2_concise
PEMETREXED DISODIUM,"First, for clinical trial NCT01469000, identify the ingredients in the more effective regimen. Then, from that list, find the ingredient name that starts with the letter P. Finally, return only the name of the ingredient or unknown in all CAPS in the format of INGREDIENT: name.",Ingredient,style3_stepwise
FULVESTRANT,"Regarding clinical trial NCT02340221: Among the ingredients of the most efficacious regimens, identify the one whose name commences with the letter 'F'; return only the name of the ingredient or unknown in all CAPS in the format of INGREDIENT: name",Ingredient,style1_formal
FULVESTRANT,"For clinical trial NCT02340221, find the more effective regimen ingredient starting with F and return only the name of the ingredient or unknown in all CAPS in the format of INGREDIENT: name",Ingredient,style2_concise
FULVESTRANT,"First, for clinical trial NCT02340221, consider the ingredients of the more effective regimen. Then, from those ingredients, find the one with a name that starts with the letter F. Finally, return only the name of that ingredient, or unknown if none is found, in all CAPS using the format: INGREDIENT: name",Ingredient,style3_stepwise
ZHUHAI BEIHAI BIOTECH CO LTD,"Pertaining to the investigational regimen of clinical trial NCT01038661, identify the constituent therapeutic agent whose name commences with the letter 'D'.

Subsequently, for this identified therapeutic agent, determine the company that received the most recent original FDA drug approval on or before December 2024. The scope of this query is limited to initial marketing authorizations, thereby excluding approvals for new indications or supplemental applications. The output must be formatted strictly as COMPANY: name.",Applicant_Full_Name,style1_formal
ZHUHAI BEIHAI BIOTECH CO LTD,"For clinical trial NCT01038661, identify the effective regimen ingredient starting with the letter D.

For this ingredient, find the company with the latest FDA approval date by Dec, 2024. This search is for overall FDA drug approval, not new indidcation, not supplemental approvals.
Return only the company name in format of COMPANY: name.",Applicant_Full_Name,style2_concise
ZHUHAI BEIHAI BIOTECH CO LTD,"First, for clinical trial NCT01038661, identify which ingredient among the more effective regimens starts with the letter D.

Then, find which company has the latest overall FDA drug approval for this ingredient, with a search date up till Dec, 2024. Note that this search should not include new indications or supplemental approvals.

Finally, return only the company name in the format of COMPANY: name.",Applicant_Full_Name,style3_stepwise
BRISTOL MYERS SQUIBB,"With respect to clinical trial NCT01938001, identify the therapeutic agent within the most efficacious treatment regimen whose nomenclature begins with the letter 'L'.

Following this identification, determine the entity that holds the latest initial U.S. Food and Drug Administration (FDA) marketing approval for said agent, granted on or before Dec, 2024. Note that the scope of this query is confined to the original drug approval, explicitly excluding approvals for new indications or supplemental applications.
Return only the company name, formatted as COMPANY: name.",Applicant_Full_Name,style1_formal
BRISTOL MYERS SQUIBB,"For clinical trial NCT01938001, identify the ingredient in the more effective regimen that starts with L.

For this ingredient, find the company with the latest overall FDA drug approval by Dec, 2024. Exclude new indications and supplemental approvals.

Return only the company name in the format: COMPANY: name.",Applicant_Full_Name,style2_concise
BRISTOL MYERS SQUIBB,"First, for the clinical trial NCT01938001, examine the ingredients listed in the more effective regimen and identify which one starts with the letter L.

Then, using the ingredient identified in the first step, find the company that holds the latest overall FDA drug approval. Be sure to only consider approvals up to December 2024 and exclude any new indications or supplemental approvals.

Finally, provide your answer by returning only the company's name in the specific format of COMPANY: name.",Applicant_Full_Name,style3_stepwise
,"With respect to clinical trial NCT00262769, among the constituents of the more efficacious therapeutic regimens, determine which ingredient's name commences with the letter G.

Subsequently, for this identified ingredient, which received its final approval on or before Dec, 2024, what is its exclusivity expiration date as designated by the U.S. Food and Drug Administration (FDA)?
Note that the query is restricted to the overall FDA drug approval and expressly excludes new indications or supplemental approvals.
If no exclusivity date exists or if such information is not available, the designated response is 'DATE: NA'. Otherwise, return the date solely in the format of date: MM-DD-YYYY.",Exclusivity_Date,style1_formal
,"In clinical trial NCT00262769, identify the effective regimen ingredient starting with 'G'. What is the FDA exclusivity date for this ingredient, last approved by Dec, 2024?

Consider only overall FDA drug approval, not new indications or supplemental approvals.
If the exclusivity date is unavailable, respond with 'DATE: NA'. Otherwise, return the date in the format: date: MM-DD-YYYY.",Exclusivity_Date,style2_concise
,"First, for clinical trial NCT00262769 among the more effective regimen ingredients, identify which ingredient starts with the letter G.

Then, for this identified ingredient that was last approved up till Dec, 2024, find its exclusivity date according to the FDA. Note that we are only looking for overall FDA drug approval, not new indication, not supplemental approvals.

Finally, if no exclusivity date exists or if it's not available, respond with 'DATE: NA'. Otherwise, return only the date in MM-DD-YYYY format of date: MM-DD-YYYY.",Exclusivity_Date,style3_stepwise
FRESENIUS KABI USA LLC,"For clinical trial NCT02340221, among the constituent therapeutic agents of the more efficacious regimen, identify the agent whose name commences with the letter F.

Subsequently, for the aforementioned agent, determine which entity holds the most recent initial FDA drug approval up till Dec, 2024. This inquiry pertains strictly to the overall FDA drug approval, excluding new indications and supplemental approvals.
Provide the response solely in the format of COMPANY: name.",Applicant_Full_Name,style1_formal
FRESENIUS KABI USA LLC,"In clinical trial NCT02340221's more effective regimen, find the ingredient starting with the letter F.

Then, for this ingredient, find the company with the latest overall FDA drug approval by Dec, 2024. Exclude new indications and supplemental approvals. Return only the company name in format of COMPANY: name.",Applicant_Full_Name,style2_concise
FRESENIUS KABI USA LLC,"First, for clinical trial NCT02340221 among the more effective regimen ingredients, identify which ingredient starts with the letter F.

Then, find which company has the latest FDA approval date up till Dec, 2024 for this identified ingredient. Note that we are only look for overall FDA drug approval, not new indidcation, not supplemental approvals.

Finally, return only the company name in format of COMPANY: name.",Applicant_Full_Name,style3_stepwise
DOCETAXEL,"For clinical trial NCT01282463: Among the constituents of the more efficacious regimens, identify the ingredient whose name commences with the letter 'D'; return only the name of the ingredient, or ""unknown"", in all CAPS, in the format of INGREDIENT: name.",Ingredient,style1_formal
DOCETAXEL,"For clinical trial NCT01282463, find the ingredient in the more effective regimen that starts with the letter D. Return only the ingredient name or UNKNOWN in all caps, formatted as INGREDIENT: name.",Ingredient,style2_concise
DOCETAXEL,"First, for clinical trial NCT01282463, find the ingredients listed in the more effective regimen.
Then, from that list, identify the ingredient whose name starts with the letter D.
Finally, return only the name of that ingredient, or ""unknown"" if none is found, in all CAPS and in the format of INGREDIENT: name.",Ingredient,style3_stepwise
"Feb 13, 2031","For clinical trial NCT00720512, among the efficacious therapeutic components of the specified regimen, identify the ingredient whose name commences with the letter I.

Subsequently, for this identified ingredient, provided its most recent overall approval by the FDA was granted on or before December 2024, ascertain its FDA-conferred exclusivity expiration date.
Note that the query is restricted to the overall FDA drug approval and explicitly excludes new indications or supplemental approvals.
Should an exclusivity date be nonexistent or unavailable, respond with 'DATE: NA'. Otherwise, the date must be returned exclusively in the format 'date: MM-DD-YYYY'.",Exclusivity_Date,style1_formal
"Feb 13, 2031","In trial NCT00720512, identify the effective regimen ingredient starting with the letter I.

For this ingredient, what is its FDA exclusivity date from its last approval by Dec, 2024?
Consider only overall FDA drug approval, not new indications or supplemental approvals.
If the exclusivity date is unavailable, respond with 'DATE: NA'. Otherwise, return only the date in MM-DD-YYYY format of date: MM-DD-YYYY.",Exclusivity_Date,style2_concise
"Feb 13, 2031","First, for clinical trial NCT00720512 among the more effective regimen ingredients, identify which ingredient starts with the letter I.

Then, for this identified ingredient that was last approved up till Dec, 2024, find its exclusivity date according to the FDA.
Note that we are only look for overall FDA drug approval, not new indidcation, not supplemental approvals.

Finally, if no exclusivity date exists or if it's not available, respond with 'DATE: NA'. Otherwise, return only the date in MM-DD-YYYY format of date: MM-DD-YYYY.",Exclusivity_Date,style3_stepwise
HORIZON THERAPEUTICS USA INC,"Initially, concerning clinical trial NCT00052936, identify the constituent agent within the more efficacious therapeutic regimen whose name commences with the letter P.

Subsequently, determine the corporate entity that holds the most recent original U.S. Food and Drug Administration (FDA) approval for this identified agent, issued on or before Dec, 2024. Note that this inquiry is restricted to initial marketing authorizations, excluding approvals for new indications or supplemental approvals.
Return only the company name in the format: COMPANY: name.",Applicant_Full_Name,style1_formal
HORIZON THERAPEUTICS USA INC,"In clinical trial NCT00052936, find the ingredient starting with 'P' from the more effective regimens.

Find the company with the latest overall FDA drug approval for this ingredient by Dec, 2024. Exclude new indications and supplemental approvals.
Return only the company name in format of COMPANY: name.",Applicant_Full_Name,style2_concise
HORIZON THERAPEUTICS USA INC,"First, for clinical trial NCT00052936 among the more effective regimen ingredients, identify which ingredient starts with the letter P.

Then, for this identified ingredient, find which company has the latest FDA approval date up till Dec, 2024. Note that we are only looking for overall FDA drug approval, not new indidcation, not supplemental approvals.

Finally, return only the company name in the format of COMPANY: name.",Applicant_Full_Name,style3_stepwise
CYCLOPHOSPHAMIDE,"Regarding clinical trial NCT00090051, from the constituents of the more efficacious regimens, identify the one commencing with the letter 'C' and return only its name, or UNKNOWN, in all CAPS, per the format: INGREDIENT: name.",Ingredient,style1_formal
CYCLOPHOSPHAMIDE,"For clinical trial NCT00090051, find the most effective regimen ingredient starting with C and return the name or UNKNOWN in all CAPS in the format: INGREDIENT: name",Ingredient,style2_concise
CYCLOPHOSPHAMIDE,"First, for clinical trial NCT00090051, identify the ingredients of the more effective regimen. Then, from that list, find the ingredient with a name that starts with the letter C. Finally, return only the name of the ingredient or unknown in all CAPS in the format of INGREDIENT: name.",Ingredient,style3_stepwise
Not_Listed,"For clinical trial NCT00416507, examine the constituent ingredients of the more efficacious regimen and identify the ingredient whose name commences with the letter G.

Then, determine the pharmaceutical company that received the most recent U.S. Food and Drug Administration (FDA) approval for this identified ingredient, for the period ending December 2024.
Note that this inquiry pertains exclusively to original drug approvals (i.e., New Drug Application/Biologics License Application), and excludes approvals for new indications or supplemental applications.

If this company is listed on any US stock market (including over-the-counter markets), provide:
1. The stock ticker symbol
2. The opening stock price on the FDA approval date

If the company is not listed on any US stock market, please indicate ""NOT LISTED"".",Open_on_Approval,style1_formal
Not_Listed,"For trial NCT00416507, identify the ingredient in the more effective regimen that starts with the letter G.

Then, for this ingredient, identify the company with the most recent new drug approval by December 2024. Exclude new indications and supplemental approvals.

If the company is listed on a US stock market (including over-the-counter markets), provide:
1. The stock ticker symbol
2. The opening stock price on the FDA approval date

If the company is not listed on a US stock market, indicate ""NOT LISTED"".",Open_on_Approval,style2_concise
Not_Listed,"First, for clinical trial NCT00416507, review the more effective regimen ingredients and identify which ingredient starts with the letter G.

Then, determine which pharmaceutical company received the most recent FDA approval (up until December 2024) for this identified ingredient.
Note that we are only look for overall FDA drug approval, not new indidcation, not supplemental approvals.

Finally, if this company is listed on any US stock market (including over-the-counter markets), provide:
1. The stock ticker symbol
2. The opening stock price on the FDA approval date

If the company is not listed on any US stock market, please indicate ""NOT LISTED"".",Open_on_Approval,style3_stepwise
15.140000343322754,"Pertaining to clinical trial NCT00720512, evaluate the constituent components of the superior therapeutic regimen and ascertain the specific agent whose nomenclature commences with the letter 'I'.

Subsequently, determine the pharmaceutical entity that secured the most recent U.S. Food and Drug Administration (FDA) approval for the aforementioned agent, for the period up to and including December 2024.
Please note that this inquiry is restricted to initial, comprehensive FDA drug approvals and explicitly excludes new indications or supplemental approvals.

Should the identified pharmaceutical entity be publicly traded on any United States stock exchange (inclusive of over-the-counter markets), provide:
1. The corresponding stock ticker symbol
2. The opening stock price on the date of the FDA approval

If the company is not publicly traded on a United States stock exchange, please indicate ""NOT LISTED"".",Open_on_Approval,style1_formal
15.140000343322754,"For clinical trial NCT00720512, identify the ingredient starting with 'I' in the more effective regimen.

Then, find the company with the most recent overall FDA drug approval for this ingredient by December 2024. Exclude new indications and supplemental approvals.

If the company is listed on a US stock market (including OTC markets), provide:
1. Stock ticker symbol
2. Opening stock price on the FDA approval date

If the company is not US-listed, state ""NOT LISTED"".",Open_on_Approval,style2_concise
15.140000343322754,"First, for clinical trial NCT00720512, review the more effective regimen ingredients and identify which ingredient starts with the letter I.

Then, for the ingredient identified above, determine which pharmaceutical company received the most recent overall FDA drug approval (up until December 2024).
Note that we are only looking for overall FDA drug approval, not new indication, not supplemental approvals.

Finally, if this company is listed on any US stock market (including over-the-counter markets), provide:
1. The stock ticker symbol
2. The opening stock price on the FDA approval date

If the company is not listed on any US stock market, please indicate ""NOT LISTED"".",Open_on_Approval,style3_stepwise
PEMETREXED DISODIUM,"For clinical trial NCT00190762, from the constituent agents of the regimen demonstrating superior efficacy, identify the agent whose name commences with the letter 'P'; return only the name of the ingredient or unknown in all CAPS in the format of INGREDIENT: name",Ingredient,style1_formal
PEMETREXED DISODIUM,For clinical trial NCT00190762. From the more effective regimen ingredients; find the ingredient starting with P return only the name of the ingredient or unknown in all CAPS in the format of INGREDIENT: name,Ingredient,style2_concise
PEMETREXED DISODIUM,"First, for clinical trial NCT00190762, consider the more effective regimen ingredients. Then, find which of those ingredients has a name that starts with the letter P. Finally, return only the name of the ingredient or unknown in all CAPS in the format of INGREDIENT: name.",Ingredient,style3_stepwise
Not_Listed,"Regarding clinical trial NCT00052936, analyze the constituents of the more efficacious regimen to identify the component whose name commences with the letter P.

Subsequently, ascertain the pharmaceutical entity that obtained the most recent U.S. Food and Drug Administration (FDA) approval for this identified component, for the period concluding in December 2024.
It should be noted that this inquiry is restricted to original FDA drug approvals and explicitly excludes new indications and supplemental approvals.

Should this entity be listed on any U.S. stock market (including over-the-counter markets), provide the following information:
1. The stock ticker symbol
2. The opening stock price on the date of the FDA approval

If the company is not listed on any U.S. stock market, please provide the designation ""NOT LISTED"".",Open_on_Approval,style1_formal
Not_Listed,"For clinical trial NCT00052936, identify the ingredient in the more effective regimen starting with the letter P.

Then, identify the pharmaceutical company with the most recent FDA approval for this ingredient by December 2024.
Note: This refers to original FDA drug approvals only, not new indications or supplemental approvals.

If the company is US-listed (including over-the-counter markets), provide:
1. The stock ticker symbol
2. The opening stock price on the FDA approval date

If the company is not US-listed, state ""NOT LISTED"".",Open_on_Approval,style2_concise
Not_Listed,"First, for clinical trial NCT00052936, review the more effective regimen ingredients and identify which ingredient starts with the letter P.

Then, determine which pharmaceutical company received the most recent FDA approval (up until December 2024) for this identified ingredient.
Note that we are only look for overall FDA drug approval, not new indidcation, not supplemental approvals.

Finally, if this company is listed on any US stock market (including over-the-counter markets), provide:
1. The stock ticker symbol
2. The opening stock price on the FDA approval date

If the company is not listed on any US stock market, please indicate ""NOT LISTED"".",Open_on_Approval,style3_stepwise
"Jul 12, 2034","In reference to clinical trial NCT00003128, identify the constituent ingredient of the more efficacious therapeutic regimens whose nomenclature commences with the letter P.

Subsequently, for this identified ingredient, which received its last approval on or prior to December 2024, what is the date of its patent expiration?
Note that the scope of this inquiry is limited to the overall Food and Drug Administration (FDA) drug approval, and does not extend to new indications or supplemental approvals.
Return only the date only the year YYYY format of date: YYYY.",Patent_Expire_Date_Text,style1_formal
"Jul 12, 2034","For clinical trial NCT00003128, identify the ingredient in the more effective regimen that starts with the letter P.

Then, find the patent expiration date for this ingredient, based on its last overall FDA drug approval by Dec, 2024.
Note: Exclude new indications and supplemental approvals.
Return only the year in YYYY format.",Patent_Expire_Date_Text,style2_concise
"Jul 12, 2034","First, for clinical trial NCT00003128, among the more effective regimen ingredients, identify which ingredient starts with the letter P.

Then, for this identified ingredient, find its patent expiration date based on its last overall FDA drug approval up till Dec, 2024. Note that we are only looking for overall FDA drug approval, not new indication, not supplemental approvals.

Finally, return only the year of that date in YYYY format.",Patent_Expire_Date_Text,style3_stepwise
"Nov 3, 2032","Pertaining to clinical trial NCT00417911, from among the constituent agents of the more efficacious therapeutic regimens, identify the specific agent whose nomenclature begins with the letter B.

Subsequently, for this identified agent whose most recent approval was granted on or before Dec, 2024, determine its patent expiration date.
It should be noted that the inquiry pertains exclusively to the overall Food and Drug Administration (FDA) drug approval, and does not extend to new indications or supplemental approvals.
Return the date solely in the year format: YYYY.",Patent_Expire_Date_Text,style1_formal
"Nov 3, 2032","For clinical trial NCT00417911, identify the ingredient in the more effective regimen that starts with the letter B.

For this ingredient, what is the patent expiration date for its last approval up till Dec, 2024?
Note: Use only overall FDA drug approval, not new indidcation or supplemental approvals.
Return only the year in YYYY format.",Patent_Expire_Date_Text,style2_concise
"Nov 3, 2032","First, for clinical trial NCT00417911, search through the more effective regimen ingredients to identify the one that starts with the letter B.

Then, for this identified ingredient, find its last overall FDA drug approval granted up till Dec, 2024. Finally, determine the patent expiration date associated with that approval.
Note that we are only look for overall FDA drug approval, not new indidcation, not supplemental approvals.
Return only the date only the year YYYY format of date: YYYY.",Patent_Expire_Date_Text,style3_stepwise
ABBVIE INC,"Regarding clinical trial NCT02950051, among the constituent agents of the investigated therapeutic regimen(s), determine the identity of the agent whose name commences with the letter 'V'.

Subsequently, ascertain the company that received the most recent original Food and Drug Administration (FDA) approval for this identified agent, with an approval date on or before Dec, 2024. It is stipulated that this query pertains exclusively to an initial marketing authorization (i.e., a New Drug Application or Biologics License Application) and excludes supplemental approvals or approvals for new indications.
The response must be presented solely as the company name in the format: COMPANY: name.",Applicant_Full_Name,style1_formal
ABBVIE INC,"For clinical trial NCT02950051, identify the effective regimen ingredient starting with 'V'.

For that ingredient, find the company with the latest overall FDA drug approval by Dec, 2024. Exclude new indications and supplemental approvals. Return the company name as COMPANY: name.",Applicant_Full_Name,style2_concise
ABBVIE INC,"First, for clinical trial NCT02950051, review the more effective regimen ingredients to identify the specific ingredient that starts with the letter V.

Then, for the ingredient you have identified, find the company that holds the latest overall FDA drug approval with a date up till Dec, 2024. Note that you must only consider overall FDA drug approval, not new indications or supplemental approvals.

Finally, return only the company name in the following format: COMPANY: name.",Applicant_Full_Name,style3_stepwise
VENETOCLAX,"For clinical trial NCT02950051. Among the more effective regimen ingredients; identify the ingredient commencing with the letter V, returning only the name of the ingredient or unknown in all CAPS in the format of INGREDIENT: name",Ingredient,style1_formal
VENETOCLAX,"For clinical trial NCT02950051. From the more effective regimen ingredients, find the one starting with 'V'. Return the name or UNKNOWN in all CAPS in the format INGREDIENT: name.",Ingredient,style2_concise
VENETOCLAX,"First, for clinical trial NCT02950051, identify the ingredients listed in the more effective regimen. Then, from that list, find the ingredient with a name that starts with the letter V. Finally, return only the name of the ingredient or unknown in all CAPS in the format of INGREDIENT: name.",Ingredient,style3_stepwise
Not_Listed,"For clinical trial NCT00033332, analyze the constituent components of the more efficacious therapeutic regimen and identify the active pharmaceutical ingredient whose nomenclature commences with the letter 'D'.

Subsequently, determine the pharmaceutical entity that obtained the most recent U.S. Food and Drug Administration (FDA) approval for this identified ingredient for the period ending December 2024.
Note that this inquiry is restricted to original marketing authorizations, specifically New Drug Application (NDA) or Biologics License Application (BLA) approvals, and excludes new indications or supplemental approvals.

If this company is listed on any U.S. stock market (including over-the-counter markets), provide:
1. The stock ticker symbol
2. The opening stock price on the FDA approval date

If the company is not listed on any U.S. stock market, please indicate ""NOT LISTED"".",Open_on_Approval,style1_formal
Not_Listed,"For clinical trial NCT00033332, identify the ingredient in the more effective regimen starting with the letter D.

For this ingredient, find the company with the most recent new drug FDA approval by December 2024.

If the company is listed on a US stock market (including over-the-counter markets), provide:
1. The stock ticker symbol
2. The opening stock price on the FDA approval date

If the company is not listed on a US stock market, state ""NOT LISTED"".",Open_on_Approval,style2_concise
Not_Listed,"First, for clinical trial NCT00033332, review the more effective regimen ingredients and identify which ingredient starts with the letter D.

Then, determine which pharmaceutical company received the most recent FDA approval (up until December 2024) for this identified ingredient.
Note that we are only looking for overall FDA drug approval, not new indication, not supplemental approvals.

Finally, if this company is listed on any US stock market (including over-the-counter markets), provide:
1. The stock ticker symbol
2. The opening stock price on the FDA approval date

If the company is not listed on any US stock market, indicate ""NOT LISTED"".",Open_on_Approval,style3_stepwise
"Aug 16, 2041","Initially, pertaining to clinical trial NCT00002870, from the constituent components of the more efficacious therapeutic regimens, identify the active pharmaceutical ingredient whose nomenclature commences with the letter T.

Subsequently, for this identified ingredient that received its most recent overall FDA approval on or before December 2024, determine its patent expiration date.
Note: This query pertains exclusively to the primary, overall Food and Drug Administration (FDA) drug approval, and excludes approvals for new indications or supplemental applications.
The response should provide only the year of the patent expiration date, in the format: YYYY.",Patent_Expire_Date_Text,style1_formal
"Aug 16, 2041","For clinical trial NCT00002870, identify the regimen ingredient starting with the letter T. What is its patent expiration date, given its last approval was by Dec, 2024?

Note: Consider only overall FDA drug approval, not new indications or supplemental approvals.
Return only the year in YYYY format: YYYY.",Patent_Expire_Date_Text,style2_concise
"Aug 16, 2041","First, for clinical trial NCT00002870, identify which ingredient among the more effective regimen ingredients starts with the letter T.

Then, for this identified ingredient, consider its last overall FDA drug approval up till Dec, 2024. Note that we are only looking for overall FDA drug approval, not new indication, not supplemental approvals. Finally, provide its patent expiration date.
Return only the date only the year YYYY format of date: YYYY.",Patent_Expire_Date_Text,style3_stepwise
,"Pertaining to clinical trial NCT01108445, from among the components of the more efficacious regimen, identify the therapeutic agent that commences with the letter 'E'.

Then, for this identified agent, ascertain its FDA-designated exclusivity date, based on its most recent overall marketing approval on or before December, 2024.
Note that the query is restricted to overall FDA drug approval, excluding new indications or supplemental approvals.
If no exclusivity date exists or if it is unavailable, respond with 'DATE: NA'. Otherwise, return only the date in the MM-DD-YYYY format of date: MM-DD-YYYY.",Exclusivity_Date,style1_formal
,"In clinical trial NCT01108445, identify the effective regimen ingredient that starts with 'E'.

For this ingredient, what is the FDA exclusivity date for its last overall approval up till Dec, 2024?
Consider only overall FDA drug approval, not new indications or supplemental approvals.
If the date is unavailable, respond 'DATE: NA'. Otherwise, use the format: date: MM-DD-YYYY.",Exclusivity_Date,style2_concise
,"First, for clinical trial NCT01108445, among the more effective regimen ingredients, identify which ingredient starts with the letter E.

Then, for this identified ingredient, find its last overall FDA drug approval that occurred up till Dec, 2024.
Note that we are only looking for overall FDA drug approval, not new indication, not supplemental approvals.

Finally, based on that approval, provide its exclusivity date according to the FDA. If no exclusivity date exists or if it's not available, respond with 'DATE: NA'. Otherwise, return only the date in the format: date: MM-DD-YYYY.",Exclusivity_Date,style3_stepwise
Not_Listed,"Pertaining to clinical trial NCT00256776, evaluate the components of the superior-efficacy regimen and identify the constituent whose name commences with the letter D.

Subsequently, ascertain the pharmaceutical corporation that received the most recent U.S. Food and Drug Administration (FDA) approval (for the period ending December 2024) for this identified constituent.
Note that this inquiry is restricted to overall FDA drug approvals and expressly excludes new indications or supplemental approvals.

Should this corporation be listed on any US stock market (including over-the-counter markets), provide:
1. The stock ticker symbol
2. The opening stock price on the FDA approval date

If the corporation is not listed on any US stock market, it should be designated as ""NOT LISTED"".",Open_on_Approval,style1_formal
Not_Listed,"For clinical trial NCT00256776, identify the ingredient starting with D in the more effective regimen.

For this ingredient, find the company with the most recent original FDA drug approval by December 2024. Exclude new indications and supplemental approvals.

If the company is listed on a US stock market (including over-the-counter markets), provide:
1. The stock ticker symbol
2. The opening stock price on the FDA approval date

If the company is not US-listed, indicate ""NOT LISTED"".",Open_on_Approval,style2_concise
Not_Listed,"First, for clinical trial NCT00256776, review the more effective regimen ingredients and identify which ingredient starts with the letter D.

Then, determine which pharmaceutical company received the most recent overall FDA drug approval for this identified ingredient, up until December 2024.
Note that we are only looking for overall FDA drug approval, not new indication, not supplemental approvals.

Finally, if this company is listed on any US stock market (including over-the-counter markets), provide:
1. The stock ticker symbol
2. The opening stock price on the FDA approval date

If the company is not listed on any US stock market, please indicate ""NOT LISTED"".",Open_on_Approval,style3_stepwise
,"For clinical trial NCT02672527, among the therapeutic regimens demonstrating superior efficacy, identify the constituent agent whose name commences with the letter T.

Subsequently, for this identified agent, determine its FDA-designated exclusivity expiration date, corresponding to its overall drug approval granted on or before December, 2024.
Note: The inquiry is specific to the overall FDA drug approval and expressly excludes new indications or supplemental approvals.
If an exclusivity date is nonexistent or unavailable, respond with 'DATE: NA'. Otherwise, return the date exclusively in the MM-DD-YYYY format, specified as: date: MM-DD-YYYY.",Exclusivity_Date,style1_formal
,"For clinical trial NCT02672527, what ingredient in the more effective regimen starts with T?

Based on its last overall drug approval (not new indication or supplemental) by Dec, 2024, what is this ingredient's FDA exclusivity date?
If the date is unavailable, respond 'DATE: NA'. Otherwise, return the date as: date: MM-DD-YYYY.",Exclusivity_Date,style2_concise
,"First, for clinical trial NCT02672527, among the more effective regimen ingredients, identify which ingredient starts with the letter T.

Then, for this identified ingredient, find its FDA exclusivity date based on its last approval up till Dec, 2024.
Note that we are only looking for overall FDA drug approval, not new indication, not supplemental approvals.

Finally, if no exclusivity date exists or if it's not available, respond with 'DATE: NA'. Otherwise, return only the date in the format 'date: MM-DD-YYYY'.",Exclusivity_Date,style3_stepwise
BORTEZOMIB,"Pertaining to clinical trial NCT00513955, among the ingredients of the more effective regimens, identify the specific ingredient whose name commences with the letter 'B'. The output must be restricted to the name of the ingredient or 'unknown', rendered in all CAPS, and adhere to the format: INGREDIENT: name.",Ingredient,style1_formal
BORTEZOMIB,"For clinical trial NCT00513955, find the ingredient starting with B from the more effective regimens. Return only the ingredient name or 'unknown' in all CAPS in the format INGREDIENT: name.",Ingredient,style2_concise
BORTEZOMIB,"First, for clinical trial NCT00513955, find the ingredients associated with the more effective regimen.
Then, from that list of ingredients, find the one whose name starts with the letter B.
Finally, return only the name of the ingredient or unknown in all CAPS in the format of INGREDIENT: name",Ingredient,style3_stepwise
"Dec 18, 2037","Regarding clinical trial NCT00833833, identify the constituent agent within the superior efficacy regimen whose name commences with the letter 'D'.

Subsequently, for the aforementioned agent, ascertain the patent expiration date, given its most recent overall FDA drug approval was granted on or before December 2024.
Note that the query is restricted to overall FDA drug approval and excludes new indications or supplemental approvals.
Return only the date only the year YYYY format of date: YYYY.",Patent_Expire_Date_Text,style1_formal
"Dec 18, 2037","In clinical trial NCT00833833, find the ingredient in the more effective regimen that starts with D.

For this ingredient, what is its patent expiration date based on its last approval up to Dec, 2024?
Consider only overall FDA drug approval, excluding new indications and supplemental approvals.
Return only the year in YYYY format.",Patent_Expire_Date_Text,style2_concise
"Dec 18, 2037","First, for clinical trial NCT00833833, identify which ingredient among the more effective regimen ingredients starts with the letter D.

Then, using the ingredient from the previous step, find its last overall FDA drug approval up till Dec, 2024.
Note that we are only looking for overall FDA drug approval, not new indication, not supplemental approvals.

Finally, for that specific approval, provide its patent expiration date.
Return only the date only the year YYYY format of date: YYYY.",Patent_Expire_Date_Text,style3_stepwise
Not_Listed,"Regarding clinical trial NCT00478049, analyze the constituent components of the superior efficacy regimen and identify the specific component whose name commences with the letter 'D'.

Subsequently, determine the pharmaceutical entity that received the most recent U.S. Food and Drug Administration (FDA) approval for this identified component, with a data cutoff of December 2024.
Note that the scope of this inquiry is restricted to initial New Drug Applications (NDAs) or Biologics License Applications (BLAs), and excludes approvals for new indications or supplemental approvals.

If this entity is publicly traded on a U.S. stock exchange (including over-the-counter markets), provide:
1. The stock ticker symbol
2. The opening stock price on the date of the FDA approval

If the entity is not listed on a U.S. stock exchange, please indicate ""NOT LISTED"".",Open_on_Approval,style1_formal
Not_Listed,"For clinical trial NCT00478049, identify the ingredient in the more effective regimen that starts with the letter D.

Then, find the pharmaceutical company that received the most recent FDA new drug approval for this ingredient by December 2024.
Note: This excludes new indications and supplemental approvals.

If this company is listed on any US stock market (including over-the-counter markets), provide:
1. The stock ticker symbol
2. The opening stock price on the FDA approval date

If the company is not listed on any US stock market, state ""NOT LISTED"".",Open_on_Approval,style2_concise
Not_Listed,"First, for clinical trial NCT00478049, review the more effective regimen ingredients and identify which ingredient starts with the letter D.

Then, determine which pharmaceutical company received the most recent FDA approval (up until December 2024) for this identified ingredient.
Note that we are only look for overall FDA drug approval, not new indidcation, not supplemental approvals.

Finally, if this company is listed on any US stock market (including over-the-counter markets), provide:
1. The stock ticker symbol
2. The opening stock price on the FDA approval date

If the company is not listed on any US stock market, please indicate ""NOT LISTED"".",Open_on_Approval,style3_stepwise
DEXCEL PHARMA TECHNOLOGIES LTD,"Initially, with respect to clinical trial NCT00833833, identify the active pharmaceutical ingredient within the more efficacious regimen whose name commences with the letter 'D'.

Subsequently, determine which company holds the most recent initial FDA approval for the aforementioned ingredient, granted up to December 2024. It should be noted that the scope of this query is limited to initial drug approvals, excluding new indications and supplemental approvals.
Provide the output solely as the company name in the format of COMPANY: name.",Applicant_Full_Name,style1_formal
DEXCEL PHARMA TECHNOLOGIES LTD,"For clinical trial NCT00833833, identify the ingredient in the more effective regimen starting with the letter D.

For this ingredient, find the company with the latest overall FDA drug approval by Dec, 2024. Exclude new indications and supplemental approvals. Return the company name in the format COMPANY: name.",Applicant_Full_Name,style2_concise
DEXCEL PHARMA TECHNOLOGIES LTD,"First, for clinical trial NCT00833833 among the more effective regimen ingredients, identify which ingredient starts with the letter D.

Then, find which company has the latest FDA approval date up till Dec, 2024 for this identified ingredient. Note that we are only looking for overall FDA drug approval, not new indication, not supplemental approvals. Finally, return only the company name in the format of COMPANY: name.",Applicant_Full_Name,style3_stepwise
BRISTOL-MYERS SQUIBB CO,"Pertaining to clinical trial NCT00064077, identify the therapeutic agent within the most efficacious regimen whose name commences with the letter 'P'.

Subsequently, for the identified agent, determine the company that holds the most recent initial FDA marketing authorization with an approval date on or before December 2024. This inquiry is restricted to original drug approvals, thereby excluding new indications and supplemental approvals. The output shall consist solely of the company name, formatted as COMPANY: name.",Applicant_Full_Name,style1_formal
BRISTOL-MYERS SQUIBB CO,"In clinical trial NCT00064077, identify the effective regimen ingredient starting with the letter P.

For that ingredient, find the company with the latest overall FDA drug approval up till Dec, 2024. Exclude new indications and supplemental approvals.

Return only the company name in the format: COMPANY: name.",Applicant_Full_Name,style2_concise
BRISTOL-MYERS SQUIBB CO,"First, for clinical trial NCT00064077, identify which of the more effective regimen ingredients starts with the letter P.

Then, for this identified ingredient, find the company with the latest overall FDA drug approval date up till Dec, 2024. Note that you are only to look for overall FDA drug approval, not new indications or supplemental approvals.

Finally, return only the company name in the format of COMPANY: name.",Applicant_Full_Name,style3_stepwise
"May 16, 2036","With respect to clinical trial NCT00446225, among the constituent components of the more efficacious therapeutic regimens, identify the specific ingredient whose name commences with the letter D.

Subsequently, for this identified ingredient, which received its last overall FDA drug approval on or before Dec, 2024, determine its patent expiration date.
Note that this inquiry pertains exclusively to the overall FDA drug approval, and excludes new indications or supplemental approvals.
Return the date solely in the year format: YYYY.",Patent_Expire_Date_Text,style1_formal
"May 16, 2036","For clinical trial NCT00446225, identify the effective regimen ingredient starting with the letter D.

For this ingredient, find the patent expiration date of its last overall FDA drug approval by Dec, 2024.
Note: Consider only overall FDA drug approval, not new indications or supplemental approvals.
Return the date in YYYY format.",Patent_Expire_Date_Text,style2_concise
"May 16, 2036","First, for clinical trial NCT00446225, identify which ingredient among the more effective regimen ingredients starts with the letter D.

Then, for this identified ingredient, find its patent expiration date based on its last overall FDA drug approval up till Dec, 2024. Note that we are only looking for overall FDA drug approval, not new indications or supplemental approvals.

Finally, return only the year of the patent expiration date in the following format: YYYY.",Patent_Expire_Date_Text,style3_stepwise
,"Regarding clinical trial NCT00651261, among the constituent agents of the more efficacious regimens, identify the agent whose name commences with the letter M.

Subsequently, for this identified agent, determine its FDA-designated exclusivity expiration date, contingent upon its last overall drug approval being granted on or before December, 2024.
Note that this inquiry is restricted to overall FDA drug approval, and expressly excludes new indications or supplemental approvals.
If an exclusivity date is non-existent or unavailable, respond with 'DATE: NA'. Otherwise, return only the date in the MM-DD-YYYY format, as specified by date: MM-DD-YYYY.",Exclusivity_Date,style1_formal
,"In clinical trial NCT00651261, which ingredient from the more effective regimens starts with M?

For this ingredient, last approved by Dec, 2024, what is its FDA exclusivity date?
Note: Consider only overall FDA drug approval, not new indications or supplemental approvals. If the exclusivity date is unavailable, return 'DATE: NA'. Otherwise, return the date in the format: date: MM-DD-YYYY.",Exclusivity_Date,style2_concise
,"First, from clinical trial NCT00651261, in the more effective regimen, identify the ingredient that starts with the letter M.

Then, for this ingredient, find its last overall FDA drug approval on or before December 2024. Do not consider new indications or supplemental approvals.

Finally, provide its FDA exclusivity date. If no exclusivity date exists or is not available, respond with 'DATE: NA'. Otherwise, return only the date in MM-DD-YYYY format of date: MM-DD-YYYY.",Exclusivity_Date,style3_stepwise
,"Regarding clinical trial NCT00002662, identify the constituent of the most efficacious therapeutic regimen whose nomenclature commences with the letter 'P'.

Subsequently, for this identified agent approved on or before December 2024, ascertain its exclusivity expiration date as determined by the Food and Drug Administration (FDA).
Note that the query is restricted to the overall FDA drug approval, excluding new indications and supplemental approvals.
If an exclusivity date does not exist or is unavailable, respond with 'DATE: NA'. Otherwise, return only the date in the MM-DD-YYYY format: date: MM-DD-YYYY.",Exclusivity_Date,style1_formal
,"In trial NCT00002662, which effective regimen ingredient starts with the letter P?

For this ingredient, last approved by Dec 2024, what is its FDA exclusivity date?
Consider overall FDA drug approval only, not new indications or supplemental approvals.
If the date is unavailable, respond 'DATE: NA'. Otherwise, return the date in the format: date: MM-DD-YYYY.",Exclusivity_Date,style2_concise
,"First, for clinical trial NCT00002662 among the more effective regimen ingredients, identify which ingredient starts with the letter P.

Then, for this identified ingredient, find its FDA exclusivity date corresponding to its last overall drug approval up till Dec, 2024.

Note that we are only look for overall FDA drug approval, not new indidcation, not supplemental approvals.

Finally, if no exclusivity date exists or if it's not available, respond with 'DATE: NA'. Otherwise, return only the date in MM-DD-YYYY format of date: MM-DD-YYYY.",Exclusivity_Date,style3_stepwise
BRISTOL-MYERS SQUIBB CO,"First, pertaining to clinical trial NCT02898077, identify the constituent agent of the more efficacious regimen whose name commences with the letter 'P'.

Subsequently, for this identified agent, determine the company holding the latest U.S. Food and Drug Administration (FDA) approval date on or before December, 2024. This query is restricted to initial drug approvals, excluding approvals for new indications or supplemental applications.
Return only the company name formatted as: COMPANY: name.",Applicant_Full_Name,style1_formal
BRISTOL-MYERS SQUIBB CO,"In the more effective regimens of clinical trial NCT02898077, identify the ingredient starting with P.

For this ingredient, find the company with the latest overall FDA drug approval by Dec, 2024. Exclude new indications and supplemental approvals. Return the company name in the format: COMPANY: name.",Applicant_Full_Name,style2_concise
BRISTOL-MYERS SQUIBB CO,"First, for clinical trial NCT02898077, identify which ingredient from the more effective regimen starts with the letter P.

Then, for this identified ingredient, find the company with the latest overall FDA drug approval date up till Dec, 2024. Please note, this search should be for overall FDA drug approval only, excluding new indications and supplemental approvals.

Finally, return only the company name in the format of COMPANY: name.",Applicant_Full_Name,style3_stepwise
IPSEN BIOPHARMACEUTICALS INC,"With respect to clinical trial NCT00720512, identify the constituent agent of the more efficacious regimens whose name commences with the letter 'I'.

Subsequently, for the identified agent, ascertain the company holding the most recent FDA approval as of Dec, 2024. Note that this query pertains exclusively to original drug approvals, excluding new indications and supplemental approvals.
Return only the company name in the format: COMPANY: name.",Applicant_Full_Name,style1_formal
IPSEN BIOPHARMACEUTICALS INC,"For clinical trial NCT00720512, identify the ingredient from the more effective regimen that starts with the letter I.

Find the company with the latest overall FDA drug approval for this ingredient by Dec, 2024. Exclude new indications and supplemental approvals.
Return only the company name in the format: COMPANY: name.",Applicant_Full_Name,style2_concise
IPSEN BIOPHARMACEUTICALS INC,"First, for clinical trial NCT00720512, identify which ingredient among the more effective regimen ingredients starts with the letter I.

Then, for this identified ingredient, find which company has the latest overall FDA drug approval up till Dec, 2024. Note that we are only looking for an overall FDA drug approval, not a new indication or supplemental approvals.

Finally, return only the company name in the format of COMPANY: name.",Applicant_Full_Name,style3_stepwise
"Feb 13, 2031","Regarding clinical trial NCT00079274, from among the more efficacious regimen ingredients, identify the specific ingredient commencing with the letter 'I'.

Subsequently, for this identified ingredient, determine its Food and Drug Administration (FDA) exclusivity expiration date, based upon its last approval on or prior to Dec, 2024.
Note that this inquiry is restricted to the overall FDA drug approval and explicitly excludes new indications and supplemental approvals.
If no exclusivity date exists or is unavailable, respond with 'DATE: NA'. Otherwise, return only the date in the MM-DD-YYYY format, presented as: date: MM-DD-YYYY.",Exclusivity_Date,style1_formal
"Feb 13, 2031","In clinical trial NCT00079274, which ingredient from the more effective regimens starts with the letter I?

For this ingredient, what is the FDA exclusivity date for its last approval by Dec, 2024?
Consider only overall FDA drug approval, not new indications or supplemental approvals.
If the date is unavailable, respond with 'DATE: NA'. Otherwise, return the date in the format: date: MM-DD-YYYY.",Exclusivity_Date,style2_concise
"Feb 13, 2031","First, for clinical trial NCT00079274, among the more effective regimen ingredients, identify which ingredient starts with the letter I.

Then, for this identified ingredient, find its exclusivity date according to the FDA based on its last overall drug approval up till Dec, 2024.
Note that we are only looking for overall FDA drug approval, not new indication, not supplemental approvals.

Finally, if no exclusivity date exists or if it's not available, respond with 'DATE: NA'. Otherwise, return only the date in MM-DD-YYYY format of date: MM-DD-YYYY.",Exclusivity_Date,style3_stepwise
,"Regarding clinical trial NCT00441922, from the components of the more effective therapeutic regimen, identify the agent whose name commences with the letter 'D'.

Subsequently, for this identified agent, last approved on or before Dec, 2024, determine its exclusivity expiration date as designated by the Food and Drug Administration (FDA).
This inquiry is confined to the primary FDA drug approval, explicitly excluding new indications or supplemental approvals.
Should an exclusivity date be non-existent or unavailable, the specified response is 'DATE: NA'. Otherwise, provide only the date in the format 'date: MM-DD-YYYY'.",Exclusivity_Date,style1_formal
,"For clinical trial NCT00441922, identify the effective regimen ingredient that starts with the letter D.

Then, for this ingredient, find its FDA exclusivity date based on its last overall drug approval on or before Dec, 2024.
Consider only overall FDA drug approval, not new indications or supplemental approvals.
If no exclusivity date exists or is unavailable, respond with 'DATE: NA'. Otherwise, return only the date in MM-DD-YYYY format of date: MM-DD-YYYY.",Exclusivity_Date,style2_concise
,"First, for clinical trial NCT00441922, identify which ingredient from among the more effective regimen ingredients starts with the letter D.

Then, for this identified ingredient, find its exclusivity date according to the FDA based on its last approval up till Dec, 2024.
Note that we are only look for overall FDA drug approval, not new indidcation, not supplemental approvals.

Finally, if no exclusivity date exists or if it's not available, respond with 'DATE: NA'. Otherwise, return only the date in MM-DD-YYYY format of date: MM-DD-YYYY.",Exclusivity_Date,style3_stepwise
46.72999954223633,"Pertaining to clinical trial NCT00430365, analyze the constituent agents of the more efficacious regimen and identify the component whose name commences with the letter L.

Then, determine the pharmaceutical entity that was granted the most recent U.S. Food and Drug Administration (FDA) approval for this identified agent, within the period concluding in December 2024.
Note that this inquiry is restricted to original New Drug Application (NDA) approvals, thereby excluding new indications and supplemental approvals.

If this company is publicly traded on a United States stock exchange (including over-the-counter markets), provide:
1. The stock ticker symbol
2. The opening stock price on the date of the FDA approval

If the company is not publicly traded on any US stock market, please provide the designation ""NOT LISTED"".",Open_on_Approval,style1_formal
46.72999954223633,"For trial NCT00430365, identify the ingredient in the more effective regimen that starts with the letter L.

Then, find the company with the most recent FDA approval for this ingredient by December 2024.
Note: Consider only original drug approvals, not new indications or supplemental approvals.

If the company is listed on a US stock market (including over-the-counter markets), provide:
1. The stock ticker symbol
2. The opening stock price on the FDA approval date

If not listed, state ""NOT LISTED"".",Open_on_Approval,style2_concise
46.72999954223633,"First, for clinical trial NCT00430365, review the more effective regimen ingredients and identify which ingredient starts with the letter L.

Then, determine which pharmaceutical company received the most recent FDA approval (up until December 2024) for this identified ingredient.
Note that we are only look for overall FDA drug approval, not new indidcation, not supplemental approvals.

Finally, if this company is listed on any US stock market (including over-the-counter markets), provide:
1. The stock ticker symbol
2. The opening stock price on the FDA approval date

If the company is not listed on any US stock market, please indicate ""NOT LISTED"".",Open_on_Approval,style3_stepwise
,"With reference to clinical trial NCT04988295, from among the principal therapeutic constituents of the investigational regimen, identify the agent whose name commences with the letter 'P'.

Subsequently, for this identified constituent, ascertain its Food and Drug Administration (FDA) marketing exclusivity expiration date, provided its most recent primary approval was granted on or before December 2024.
Note that the query pertains exclusively to the overall FDA drug approval and not to new indications or supplemental approvals.
If no exclusivity date exists or if it is not available, respond with 'DATE: NA'. Otherwise, return only the date in MM-DD-YYYY format of date: MM-DD-YYYY.",Exclusivity_Date,style1_formal
,"For trial NCT04988295, which effective regimen ingredient starts with the letter P?

For this ingredient, what is its FDA exclusivity date based on its last overall drug approval by Dec, 2024? Exclude new indications and supplemental approvals.

If the date is unavailable, respond 'DATE: NA'. Otherwise, return the date as: date: MM-DD-YYYY.",Exclusivity_Date,style2_concise
,"First, for clinical trial NCT04988295, identify which ingredient from among the more effective regimen ingredients starts with the letter P.

Then, for this identified ingredient, find its exclusivity date according to the FDA, based on its last overall drug approval up till Dec, 2024. Note that we are only looking for overall FDA drug approval, not new indications or supplemental approvals.

Finally, if no exclusivity date exists or if it's not available, respond with 'DATE: NA'. Otherwise, return only the date in MM-DD-YYYY format of date: MM-DD-YYYY.",Exclusivity_Date,style3_stepwise
ZHUHAI BEIHAI BIOTECH CO LTD,"With respect to clinical trial NCT00003782, identify the active pharmaceutical ingredient within the more efficacious therapeutic regimens whose name commences with the letter 'D'.

Subsequently, for the identified ingredient, determine the company that holds the most recent initial FDA drug approval issued on or before Dec, 2024. This query is restricted to the original, overall drug approval and expressly excludes new indications or supplemental approvals. The output should present only the company name, in the format: COMPANY: name.",Applicant_Full_Name,style1_formal
ZHUHAI BEIHAI BIOTECH CO LTD,"From the more effective regimen in clinical trial NCT00003782, identify the ingredient starting with D.

For this ingredient, find the company with the latest overall FDA drug approval by Dec, 2024. Exclude new indications and supplemental approvals.
Return only the company name in the format COMPANY: name.",Applicant_Full_Name,style2_concise
ZHUHAI BEIHAI BIOTECH CO LTD,"First, for clinical trial NCT00003782, examine the more effective regimen ingredients and identify the one that starts with the letter D.

Then, for this identified ingredient, find the company that received the latest overall FDA drug approval with a date up till Dec, 2024. Note that we are only looking for the overall FDA drug approval, not new indications or supplemental approvals.

Finally, return only the company name in the format of COMPANY: name.",Applicant_Full_Name,style3_stepwise
"Feb 14, 2034","Pertaining to clinical trial NCT02340221, among the constituents of the superior therapeutic regimen, determine the specific constituent commencing with the letter F.

Subsequently, for this identified constituent, whose most recent overall FDA drug approval occurred on or before Dec, 2024, determine its patent expiration date.
It is to be noted that the inquiry is restricted to the overall FDA drug approval, explicitly excluding new indications and supplemental approvals.
The response should provide only the year of the date, in the specified YYYY format of date: YYYY.",Patent_Expire_Date_Text,style1_formal
"Feb 14, 2034","For clinical trial NCT02340221, identify the regimen ingredient starting with the letter F.

For this ingredient, what is the patent expiration date of its last approval by Dec, 2024?
Note: Consider only overall FDA drug approval, not new indications or supplemental approvals.
Return only the year in YYYY format.",Patent_Expire_Date_Text,style2_concise
"Feb 14, 2034","First, for clinical trial NCT02340221, examine the ingredients of the 'more effective regimen' and identify which one starts with the letter F.

Then, for this identified ingredient, determine its patent expiration date. This must be based on its last overall FDA drug approval up till Dec, 2024. Note that we are only looking for overall FDA drug approval, not new indication, not supplemental approvals.

Finally, return only the year of the patent expiration date in the format: YYYY.",Patent_Expire_Date_Text,style3_stepwise
"Jul 1, 2033","Pertaining to clinical trial NCT00445601, from the constituent agents of the efficacious therapeutic regimen, identify the agent whose name commences with the letter G.

Subsequently, for this identified agent, ascertain its patent expiration date, given that its final overall FDA drug approval was granted on or before Dec, 2024.
Note that this inquiry pertains exclusively to the overall FDA drug approval, thereby excluding new indications or supplemental approvals.
Provide the response as the year only, in the specified date format: YYYY.",Patent_Expire_Date_Text,style1_formal
"Jul 1, 2033","For clinical trial NCT00445601, identify the effective regimen ingredient starting with G.

For this ingredient, find the patent expiration date, considering its last approval was by Dec, 2024.

Consider only overall FDA drug approval, not new indications or supplemental approvals.

Return the year in YYYY format.",Patent_Expire_Date_Text,style2_concise
"Jul 1, 2033","First, for clinical trial NCT00445601, from the more effective regimen ingredients, identify the ingredient that starts with the letter G.

Then, for this identified ingredient, find its patent expiration date. This date must correspond to its last overall FDA drug approval up till Dec, 2024. Note that we are only looking for overall FDA drug approval, not new indication, not supplemental approvals.

Finally, return only the year of the patent expiration date in YYYY format.",Patent_Expire_Date_Text,style3_stepwise
,"Regarding clinical trial NCT00064077, among the constituent agents of the more effective therapeutic regimen, identify the agent whose name commences with the letter P.

Subsequently, for this identified agent, determine its FDA-designated exclusivity date, considering its most recent overall drug approval was granted on or before Dec, 2024.
Note that the inquiry is restricted to the overall FDA drug approval and excludes new indications or supplemental approvals.
If no exclusivity date exists or if it is not available, respond with 'DATE: NA'. Otherwise, return only the date in the MM-DD-YYYY format, as follows: date: MM-DD-YYYY.",Exclusivity_Date,style1_formal
,"For clinical trial NCT00064077, which ingredient in the more effective regimen starts with P?

For this ingredient, what is its FDA exclusivity date for its last approval up to Dec, 2024?
Note: consider only overall FDA drug approval, not new indications or supplemental approvals.
If the exclusivity date is unavailable, respond with 'DATE: NA'. Otherwise, return the date as: date: MM-DD-YYYY.",Exclusivity_Date,style2_concise
,"First, for clinical trial NCT00064077, identify which ingredient among the more effective regimen ingredients starts with the letter P.

Then, for this identified ingredient, find its last overall FDA drug approval up till Dec, 2024. Note that we are only looking for overall FDA drug approval, not new indication, not supplemental approvals.

Finally, determine this ingredient's exclusivity date according to the FDA. If no exclusivity date exists or if it's not available, respond with 'DATE: NA'. Otherwise, return only the date in MM-DD-YYYY format of date: MM-DD-YYYY.",Exclusivity_Date,style3_stepwise
"May 16, 2036","Pertaining to clinical trial NCT03150875, identify the active pharmaceutical ingredient within the therapeutic regimen whose name commences with the letter 'D'.

Subsequently, for this identified ingredient, what is its patent expiration date, given that its most recent U.S. Food and Drug Administration approval was granted on or before December 2024?
Note: This inquiry is restricted to the initial overall FDA drug approval (New Drug Application/Biologics License Application) and excludes supplemental approvals or new indications.
The response should be provided solely as the year in YYYY format: YYYY.",Patent_Expire_Date_Text,style1_formal
"May 16, 2036","For clinical trial NCT03150875, identify the regimen ingredient starting with the letter D.

For this ingredient, last approved by Dec, 2024, what is its patent expiration date?
Note: Consider only overall FDA drug approval, not new indications or supplemental approvals.
Return only the year in YYYY format.",Patent_Expire_Date_Text,style2_concise
"May 16, 2036","First, from clinical trial NCT03150875, identify which ingredient among the more effective regimens starts with the letter D.

Then, for this identified ingredient, find the patent expiration date that corresponds to its last overall FDA drug approval up till Dec, 2024.
Note that we are only looking for overall FDA drug approval, not new indication, and not supplemental approvals.

Finally, return only the year of the date in the format: YYYY.",Patent_Expire_Date_Text,style3_stepwise
Not_Listed,"Pertaining to clinical trial NCT03150875, review the constituents of the more efficacious regimen and identify the active ingredient whose name commences with the letter D.

Subsequently, determine which pharmaceutical company received the most recent U.S. Food and Drug Administration (FDA) approval for this identified ingredient through December 2024.
Note that this inquiry is restricted to original drug approvals and explicitly excludes new indications or supplemental approvals.

If this company is listed on any U.S. stock market (including over-the-counter markets), provide:
1. The stock ticker symbol
2. The opening stock price on the FDA approval date

If the company is not listed on any U.S. stock market, indicate ""NOT LISTED"".",Open_on_Approval,style1_formal
Not_Listed,"For clinical trial NCT03150875, identify the ingredient in the more effective regimen starting with the letter D.

Then, find the company with the most recent FDA approval for this ingredient by December 2024.
Note: This is for new drug approvals only, not new indications or supplemental approvals.

If the company is listed on a US stock market (including over-the-counter markets), provide:
1. The stock ticker symbol
2. The opening stock price on the FDA approval date

If the company is not listed on any US stock market, indicate ""NOT LISTED"".",Open_on_Approval,style2_concise
Not_Listed,"First, for clinical trial NCT03150875, review the more effective regimen ingredients and identify which ingredient starts with the letter D.

Then, determine which pharmaceutical company received the most recent FDA approval (up until December 2024) for this identified ingredient.
Note that we are only look for overall FDA drug approval, not new indidcation, not supplemental approvals.

Finally, if this company is listed on any US stock market (including over-the-counter markets), provide:
1. The stock ticker symbol
2. The opening stock price on the FDA approval date

If the company is not listed on any US stock market, please indicate ""NOT LISTED"".",Open_on_Approval,style3_stepwise
"Oct 22, 2026","For clinical trial NCT01667419, identify the constituent within the more efficacious regimen that commences with the letter V.

Subsequently, for this identified constituent, determine the patent expiration date, given its final approval was conferred on or before Dec, 2024.
Note that the query pertains exclusively to the overall U.S. Food and Drug Administration (FDA) drug approval, not new indications or supplemental approvals.
Return only the year of the date in the YYYY format: YYYY.",Patent_Expire_Date_Text,style1_formal
"Oct 22, 2026","For clinical trial NCT01667419, identify the effective regimen ingredient starting with the letter V.

For this ingredient, what is its patent expiration date based on its last approval by Dec, 2024?
Note: Consider only overall FDA drug approval, not new indications or supplemental approvals.
Return the date in YYYY format.",Patent_Expire_Date_Text,style2_concise
"Oct 22, 2026","First, for clinical trial NCT01667419 among the more effective regimen ingredients, identify which ingredient starts with the letter V.

Then, for this identified ingredient that was last approved up till Dec, 2024, find its patent expiration date. Note that we are only look for overall FDA drug approval, not new indidcation, not supplemental approvals.

Finally, return only the date only the year YYYY format of date: YYYY.",Patent_Expire_Date_Text,style3_stepwise
"May 1, 2026","With respect to clinical trial NCT01108445, identify the active pharmaceutical ingredient within the more efficacious regimen whose name commences with the letter E.

Subsequently, for this specified ingredient, determine the corresponding patent expiration date, given its latest overall FDA drug approval was conferred on or before December 2024.
It is to be noted that the query pertains exclusively to the overall FDA drug approval, and not to new indications or supplemental approvals.
The response should be rendered solely as the year, in the format: YYYY.",Patent_Expire_Date_Text,style1_formal
"May 1, 2026","For clinical trial NCT01108445, which regimen ingredient starts with E?

For this ingredient, what is the patent expiration date for its last approval by Dec 2024?
Note: Consider only overall FDA drug approval, not new indications or supplemental approvals.
Return only the year in YYYY format.",Patent_Expire_Date_Text,style2_concise
"May 1, 2026","First, for clinical trial NCT01108445 among the more effective regimen ingredients, identify which ingredient starts with the letter E.

Then, for this identified ingredient, find the patent expiration date for its last overall FDA drug approval up till Dec, 2024. Note that we are only look for overall FDA drug approval, not new indidcation, not supplemental approvals.

Finally, return only the date only the year YYYY format of date: YYYY.",Patent_Expire_Date_Text,style3_stepwise
,,Exclusivity_Date,style1_formal
,"For clinical trial NCT01478048, which ingredient in the more effective regimen starts with the letter B?

Then, for this ingredient, find its FDA exclusivity date based on its last overall drug approval up to Dec, 2024.
Consider only overall FDA drug approval, not new indications or supplemental approvals.
If no exclusivity date exists or is unavailable, respond with 'DATE: NA'. Otherwise, return the date in the format: date: MM-DD-YYYY.",Exclusivity_Date,style2_concise
,"First, for clinical trial NCT01478048 among the more effective regimen ingredients, identify which ingredient starts with the letter B.

Then, for this identified ingredient that was last approved up till Dec, 2024, find its exclusivity date according to the FDA.
Note that we are only look for overall FDA drug approval, not new indidcation, not supplemental approvals.

Finally, if no exclusivity date exists or if it's not available, respond with 'DATE: NA'. Otherwise, return only the date in MM-DD-YYYY format of date: MM-DD-YYYY.",Exclusivity_Date,style3_stepwise
,"Pertaining to clinical trial NCT00190762, among the constituent agents of the more efficacious regimens, identify the one whose name commences with the letter 'P'.

Subsequently, for this identified agent with an original marketing approval date on or before December 2024, determine its exclusivity date as designated by the U.S. Food and Drug Administration (FDA).
Note that the query is confined to the overall FDA drug approval and explicitly excludes new indications or supplemental approvals.
If no exclusivity date exists or is available, the required response is 'DATE: NA'. Otherwise, return the date solely in the MM-DD-YYYY format, structured as: date: MM-DD-YYYY.",Exclusivity_Date,style1_formal
,"In clinical trial NCT00190762, which ingredient of the more effective regimen starts with the letter P?

For this ingredient, what is its FDA exclusivity date from its last approval up to Dec, 2024?
Consider only overall FDA drug approval, not new indications or supplemental approvals.
If the date is unavailable, respond 'DATE: NA'. Otherwise, return the date in the format: date: MM-DD-YYYY.",Exclusivity_Date,style2_concise
,"First, for clinical trial NCT00190762, identify which ingredient from the more effective regimen starts with the letter P.

Then, for this identified ingredient, find its last overall FDA drug approval date up till Dec, 2024. Note that we are only looking for overall FDA drug approval, not new indications or supplemental approvals.

Finally, provide its corresponding FDA exclusivity date. If no exclusivity date exists or if it's not available, respond with 'DATE: NA'. Otherwise, return only the date in the format: date: MM-DD-YYYY.",Exclusivity_Date,style3_stepwise
"Aug 3, 2027","In the context of clinical trial NCT01251107, among the constituents of the more efficacious therapeutic regimen, identify the component whose name commences with the letter P.

Subsequently, for this identified constituent, which received its most recent approval on or prior to Dec, 2024, determine its patent expiration date.
Note that the inquiry is restricted to overall FDA drug approval, and excludes new indications or supplemental approvals.
Return only the year of the date in the format: YYYY.",Patent_Expire_Date_Text,style1_formal
"Aug 3, 2027","For clinical trial NCT01251107, what effective regimen ingredient starts with the letter P?

For this ingredient, what is its patent expiration date, assuming its last overall FDA drug approval was by Dec, 2024?
Note: Consider only overall FDA drug approval, not new indications or supplemental approvals.
Return only the year in YYYY format.",Patent_Expire_Date_Text,style2_concise
"Aug 3, 2027","First, for clinical trial NCT01251107, please review the 'more effective regimen ingredients' and identify which one starts with the letter P.

Then, for this identified ingredient, find the patent expiration date associated with its last approval up till Dec, 2024.
Note that we are only look for overall FDA drug approval, not new indidcation, not supplemental approvals.
Return only the date only the year YYYY format of date: YYYY.",Patent_Expire_Date_Text,style3_stepwise
Not_Listed,"With respect to clinical trial NCT00376792, an analysis of the more effective therapeutic regimen's constituent ingredients is required to identify the specific agent whose name commences with the letter D.

Following this, ascertain the pharmaceutical firm that secured the most recent U.S. Food and Drug Administration (FDA) approval for the aforementioned agent, within the timeframe concluding in December 2024.
It is to be noted that this query is restricted to an 'overall FDA drug approval' and specifically excludes new indications and supplemental approvals.

Should this firm be listed on any U.S. stock market, inclusive of over-the-counter markets, please furnish:
1. The stock ticker symbol
2. The opening stock price on the FDA approval date

If the firm is not listed on any U.S. stock market, indicate ""NOT LISTED"".",Open_on_Approval,style1_formal
Not_Listed,"For trial NCT00376792, identify the ingredient in the more effective regimen that starts with D.

Then, find the company that received the most recent FDA approval for this ingredient by December 2024.
Consider only original drug approvals, not new indications or supplemental approvals.

If the company is listed on a US stock market (including OTC):
1. Stock ticker symbol
2. Opening stock price on the FDA approval date

If not listed, state ""NOT LISTED"".",Open_on_Approval,style2_concise
Not_Listed,"First, for clinical trial NCT00376792, review the more effective regimen ingredients and identify which ingredient starts with the letter D.

Then, determine which pharmaceutical company received the most recent FDA approval (up until December 2024) for this identified ingredient.
Note that we are only look for overall FDA drug approval, not new indidcation, not supplemental approvals.

Finally, if this company is listed on any US stock market (including over-the-counter markets), provide:
1. The stock ticker symbol
2. The opening stock price on the FDA approval date

If the company is not listed on any US stock market, please indicate ""NOT LISTED"".",Open_on_Approval,style3_stepwise
Not_Listed,"With respect to clinical trial NCT01469000, evaluate the constituents of the more efficacious therapeutic regimen and identify the specific constituent commencing with the letter P.

Subsequently, determine the pharmaceutical entity that received the most recent U.S. Food and Drug Administration (FDA) approval for this constituent, with an approval date on or before December 2024.
Note that this inquiry is specific to original approvals (i.e., New Drug Applications or Biologics License Applications) and excludes supplemental approvals or new indications.

If said entity is publicly traded on a U.S. stock exchange, including over-the-counter (OTC) markets, provide the following:
1. The stock ticker symbol
2. The opening stock price on the date of the FDA approval

If the entity is not listed on a U.S. stock exchange, indicate ""NOT LISTED"".",Open_on_Approval,style1_formal
Not_Listed,"For trial NCT01469000, identify the ingredient in the more effective regimen starting with P.

Then, for this ingredient, find the company with the most recent overall FDA drug approval by December 2024. Exclude new indications and supplemental approvals.

If the company is US-listed (including over-the-counter markets), provide:
1. The stock ticker symbol
2. The opening stock price on the FDA approval date

If the company is not US-listed, state ""NOT LISTED"".",Open_on_Approval,style2_concise
Not_Listed,"First, for clinical trial NCT01469000, review the ingredients of the more effective regimen and identify the one that starts with the letter P.

Then, for the ingredient identified in the first step, determine which pharmaceutical company received the most recent overall FDA drug approval up until December 2024. Do not consider new indications or supplemental approvals.

Finally, check if this company is listed on any US stock market, including over-the-counter markets. If it is listed, provide:
1. The stock ticker symbol
2. The opening stock price on the date of the FDA approval

If the company is not listed, indicate ""NOT LISTED"".",Open_on_Approval,style3_stepwise
,"For clinical trial NCT02257736, among the constituents of the more efficacious regimen, identify the specific component whose name commences with the letter A.

Subsequently, for this identified constituent which received its most recent overall drug approval prior to December 2024, determine its exclusivity expiration date as designated by the Food and Drug Administration (FDA).
It is to be noted that the query pertains exclusively to the overall FDA drug approval, and excludes considerations of new indications or supplemental approvals.
In the event that an exclusivity expiration date does not exist or is unavailable, the specified response is 'DATE: NA'. Otherwise, the output should be restricted to the date, presented in the format: date: MM-DD-YYYY.",Exclusivity_Date,style1_formal
,"For clinical trial NCT02257736, identify the effective regimen ingredient that starts with the letter A.

For this ingredient, find its FDA exclusivity date based on its last overall drug approval up to Dec, 2024.
Only consider overall FDA drug approval, not new indications or supplemental approvals.
If no exclusivity date exists or is unavailable, respond with 'DATE: NA'. Otherwise, return only the date in MM-DD-YYYY format of date: MM-DD-YYYY.",Exclusivity_Date,style2_concise
,"First, for clinical trial NCT02257736, among the more effective regimen ingredients, identify which ingredient starts with the letter A.

Then, for this identified ingredient, find its last overall FDA drug approval up till Dec, 2024. Note that we are only look for overall FDA drug approval, not new indidcation, not supplemental approvals.

Finally, based on that approval, state its exclusivity date according to the FDA. If no exclusivity date exists or if it's not available, respond with 'DATE: NA'. Otherwise, return only the date in MM-DD-YYYY format of date: MM-DD-YYYY.",Exclusivity_Date,style3_stepwise
"May 12, 2027","Initially, for clinical trial NCT01639001, identify the therapeutic agent within the superior efficacy regimen whose name commences with the letter C.

Subsequently, for this identified agent with a final U.S. Food and Drug Administration (FDA) approval date on or before December 2024, determine its patent expiration date.
Note: This inquiry is restricted to the initial New Drug Application (NDA) or Biologics License Application (BLA) approval, thereby excluding supplemental approvals and new indications.
Provide the response solely as the year of patent expiration in YYYY format.",Patent_Expire_Date_Text,style1_formal
"May 12, 2027","For clinical trial NCT01639001, identify the effective regimen ingredient starting with C.

For this ingredient, last approved by Dec, 2024, what is its patent expiration date?
Note: Look for overall FDA drug approval only, not new indications or supplemental approvals.
Return only the year in YYYY format.",Patent_Expire_Date_Text,style2_concise
"May 12, 2027","First, for clinical trial NCT01639001, identify the ingredient from the more effective regimen that starts with the letter C.

Then, for this ingredient, find the patent expiration date that corresponds to its last overall FDA drug approval. The approval must be on or before Dec, 2024, and note that we are only looking for overall FDA drug approval, not new indications or supplemental approvals.

Finally, for that patent expiration date, return only the year in the format: YYYY.",Patent_Expire_Date_Text,style3_stepwise
Not_Listed,"In reference to clinical trial NCT00002870, examine the constituent agents of the more effective therapeutic regimen and identify the agent whose name begins with the letter T.

Subsequently, determine the pharmaceutical company that secured the most recent U.S. Food and Drug Administration (FDA) approval for this identified agent, for the period ending December 2024.
The inquiry is restricted to initial drug approvals and excludes approvals for new indications or supplemental applications.

Should this company be publicly listed on a United States stock exchange or an over-the-counter market, provide:
1. The stock ticker symbol
2. The opening stock price on the date of FDA approval

If the company is not publicly listed on a U.S. market, indicate ""NOT LISTED"".",Open_on_Approval,style1_formal
Not_Listed,"For clinical trial NCT00002870, identify the ingredient starting with 'T' in the more effective regimen.

For this ingredient, which company received the most recent FDA approval by December 2024?
Note: Consider original drug approvals only, not new indications or supplemental approvals.

If the company is listed on a US stock market (including over-the-counter markets), provide:
1. Stock ticker symbol
2. Opening stock price on the FDA approval date

If not listed on a US stock market, state ""NOT LISTED"".",Open_on_Approval,style2_concise
Not_Listed,"First, for clinical trial NCT00002870, review the ingredients of the more effective regimen and identify the one that starts with the letter T.

Then, for the ingredient identified in the first step, determine which pharmaceutical company received the most recent FDA approval up until December 2024.
Note that we are only looking for overall FDA drug approval, not new indications or supplemental approvals.

Finally, if this company is listed on any US stock market (including over-the-counter markets), provide:
1. The stock ticker symbol
2. The opening stock price on the FDA approval date

If the company is not listed on any US stock market, please indicate ""NOT LISTED"".",Open_on_Approval,style3_stepwise
20.200000762939453,"Pertaining to clinical trial NCT01478048, examine the constituents of the more effective regimen and identify the specific constituent that commences with the letter B.

Subsequently, determine the pharmaceutical company that was granted the most recent FDA approval (up until December 2024) for the identified constituent.
Note: This inquiry is restricted to overall FDA drug approval and expressly excludes new indications or supplemental approvals.

If the identified company is listed on any U.S. stock market (including over-the-counter markets), provide:
1. The stock ticker symbol
2. The opening stock price on the FDA approval date

If the company is not listed on any U.S. stock market, please indicate ""NOT LISTED"".",Open_on_Approval,style1_formal
20.200000762939453,"For clinical trial NCT01478048, identify the ingredient in the more effective regimen starting with the letter B.

Then, find the company with the most recent overall FDA drug approval for this ingredient up until December 2024. Exclude new indication and supplemental approvals.

If this company is listed on any US stock market (including over-the-counter markets), provide:
1. The stock ticker symbol
2. The opening stock price on the FDA approval date

If the company is not listed on any US stock market, state ""NOT LISTED"".",Open_on_Approval,style2_concise
20.200000762939453,"First, for clinical trial NCT01478048, review the more effective regimen ingredients and identify which ingredient starts with the letter B.

Then, for this identified ingredient, determine which pharmaceutical company received the most recent overall FDA drug approval (not new indication or supplemental approvals) up until December 2024.

Finally, if this company is listed on any US stock market (including over-the-counter markets), provide:
1. The stock ticker symbol
2. The opening stock price on the FDA approval date

If the company is not listed on any US stock market, please indicate ""NOT LISTED"".",Open_on_Approval,style3_stepwise
"Mar 26, 2035","Regarding clinical trial NCT01469000, from the most efficacious therapeutic regimens, identify the constituent agent whose name commences with the letter 'P'.

Subsequently, for this identified agent, determine its patent expiration date, provided its most recent overall drug approval by the U.S. Food and Drug Administration (FDA) occurred on or before December 2024.
Note: This inquiry is restricted to overall FDA drug approval and explicitly excludes new indications or supplemental approvals.
Provide the response solely as the year in the format: YYYY.",Patent_Expire_Date_Text,style1_formal
"Mar 26, 2035","In clinical trial NCT01469000, identify the regimen ingredient starting with P.

For this ingredient, what is the patent expiration date of its last approval by Dec, 2024?
Consider only overall FDA drug approval, not new indications or supplemental approvals.
Return the year only in YYYY format.",Patent_Expire_Date_Text,style2_concise
"Mar 26, 2035","First, for clinical trial NCT01469000 among the more effective regimen ingredients, identify which ingredient starts with the letter P.

Then, for this identified ingredient, find its last overall FDA drug approval up till Dec, 2024.
Note that we are only look for overall FDA drug approval, not new indidcation, not supplemental approvals.

Finally, for that specific approval, when is its patent expiration date?
Return only the date only the year YYYY format of date: YYYY.",Patent_Expire_Date_Text,style3_stepwise
Not_Listed,"Regarding clinical trial NCT04538664, analyze the constituent components of the more effective regimen and identify the ingredient whose name commences with the letter 'P'.

Subsequently, ascertain which pharmaceutical company secured the most recent U.S. Food and Drug Administration (FDA) approval (through December 2024) for this identified ingredient.
Note that the scope is restricted to overall FDA drug approvals, and explicitly excludes new indications or supplemental approvals.

If this company is listed on any US stock market (including over-the-counter markets), provide:
1. The stock ticker symbol
2. The opening stock price on the FDA approval date

If the company is not listed on any US stock market, indicate ""NOT LISTED"".",Open_on_Approval,style1_formal
Not_Listed,"For clinical trial NCT04538664, identify the ingredient in the more effective regimen that starts with the letter P.

Then, find the company with the most recent FDA approval for this ingredient by December 2024.
Note: Original FDA drug approvals only; not new indications or supplemental approvals.

If the company is listed on any US stock market (including over-the-counter markets), provide:
1. The stock ticker symbol
2. The opening stock price on the FDA approval date

If the company is not listed on any US stock market, state ""NOT LISTED"".",Open_on_Approval,style2_concise
Not_Listed,"First, for clinical trial NCT04538664, review the ingredients of the more effective regimen and identify the one that starts with the letter P.

Then, for this specific ingredient, determine which pharmaceutical company received the most recent overall FDA drug approval up until December 2024. Note that we are only looking for overall FDA drug approval, not new indications or supplemental approvals.

Finally, if this company is listed on any US stock market (including over-the-counter markets), provide:
1. The stock ticker symbol
2. The opening stock price on the FDA approval date

If the company is not listed on any US stock market, please indicate ""NOT LISTED"".",Open_on_Approval,style3_stepwise
Not_Listed,"Regarding clinical trial NCT01776840, analyze the components of the more effective regimen and identify the constituent agent beginning with the letter I.

Subsequently, determine the pharmaceutical company that received the most recent U.S. Food and Drug Administration (FDA) approval for this identified agent, for the period ending December 2024.
Note that this inquiry pertains exclusively to original drug approvals, and excludes new indications or supplemental approvals.

If this company is listed on any U.S. stock market (including over-the-counter markets), provide:
1. The stock ticker symbol
2. The opening stock price on the FDA approval date

If the company is not listed on any U.S. stock market, indicate ""NOT LISTED"".",Open_on_Approval,style1_formal
Not_Listed,"For clinical trial NCT01776840, identify the ingredient starting with the letter I in the more effective regimen.

For this ingredient, identify the company with the most recent FDA approval by December 2024.
Search for overall FDA drug approval only, not new indidcation, not supplemental approvals.

If this company is listed on any US stock market (including over-the-counter markets), provide:
1. The stock ticker symbol
2. The opening stock price on the FDA approval date

If the company is not listed on any US stock market, state ""NOT LISTED"".",Open_on_Approval,style2_concise
Not_Listed,"First, for clinical trial NCT01776840, review the more effective regimen ingredients and identify which ingredient starts with the letter I.

Then, determine which pharmaceutical company received the most recent FDA approval (up until December 2024) for this identified ingredient.
Note that we are only looking for overall FDA drug approval, not new indications or supplemental approvals.

Finally, if this company is listed on any US stock market (including over-the-counter markets), provide:
1. The stock ticker symbol
2. The opening stock price on the FDA approval date

If the company is not listed on any US stock market, please indicate ""NOT LISTED"".",Open_on_Approval,style3_stepwise
"Aug 24, 2029","Regarding clinical trial NCT01776840, identify the constituent agent within the efficacious therapeutic regimens whose name commences with the letter 'I'.

Then, for this identified agent, what is its FDA-designated marketing exclusivity date, given its most recent overall drug approval was granted on or before Dec, 2024?
Note that this inquiry is restricted to the overall FDA drug approval, not new indications or supplemental approvals.
If no exclusivity date exists or if it is unavailable, respond with 'DATE: NA'. Otherwise, return only the date in the MM-DD-YYYY format of date: MM-DD-YYYY.",Exclusivity_Date,style1_formal
"Aug 24, 2029","Identify the ingredient starting with 'I' in the more effective regimen of clinical trial NCT01776840.

Then, find the FDA exclusivity date for this ingredient's last overall approval on or before Dec, 2024.
Consider only overall FDA drug approval, not new indications or supplemental approvals.
If no exclusivity date is available, respond 'DATE: NA'. Otherwise, return the date in the format: date: MM-DD-YYYY.",Exclusivity_Date,style2_concise
"Aug 24, 2029","First, for clinical trial NCT01776840 among the more effective regimen ingredients, identify which ingredient starts with the letter I.

Then, for this identified ingredient, determine its exclusivity date according to the FDA, based on its last overall drug approval up till Dec, 2024. Note that we are only looking for overall FDA drug approval, not new indications or supplemental approvals.

Finally, if no exclusivity date exists or if it's not available, respond with 'DATE: NA'. Otherwise, return only the date in the format 'date: MM-DD-YYYY'.",Exclusivity_Date,style3_stepwise
PEMETREXED DISODIUM,For clinical trial NCT04988295. From the constituent components of the more efficacious regimens; identify the ingredient whose name commences with the letter P return only the name of the ingredient or unknown in all CAPS in the format of INGREDIENT: name,Ingredient,style1_formal
PEMETREXED DISODIUM,"For clinical trial NCT04988295, find the ingredient starting with P among the more effective regimens. Return the name or 'unknown' in all caps in the format INGREDIENT: name.",Ingredient,style2_concise
PEMETREXED DISODIUM,"First, for clinical trial NCT04988295, consider the more effective regimen ingredients. Then, from that list, find the ingredient that starts with the letter P. Finally, return only the name of the ingredient or unknown in all CAPS in the format of INGREDIENT: name.",Ingredient,style3_stepwise
ASTRAZENECA PHARMACEUTICALS LP,"For clinical trial NCT01924533, among the constituents of the therapeutic regimen, identify the agent whose name commences with the letter O.

Subsequently, determine the company holding the most recent U.S. Food and Drug Administration (FDA) approval for this identified agent as of December 2024. Note that the query is restricted to initial marketing authorizations, excluding supplemental approvals or new indications.
Return only the company name in the format: COMPANY: name.",Applicant_Full_Name,style1_formal
ASTRAZENECA PHARMACEUTICALS LP,"For clinical trial NCT01924533, identify the effective regimen ingredient that starts with the letter O.

For this ingredient, find the company with the latest overall FDA drug approval by Dec, 2024. Consider only overall drug approvals, not new indications or supplemental approvals. Return only the company name in the format: COMPANY: name.",Applicant_Full_Name,style2_concise
ASTRAZENECA PHARMACEUTICALS LP,"First, examine clinical trial NCT01924533. From the ingredients listed in the more effective regimen, identify the one whose name begins with the letter O.

Then, using the ingredient identified in the first step, find the company that received the latest overall FDA drug approval for it. Your search should only consider approvals up to December 2024 and must exclude new indications and supplemental approvals.

Finally, provide only the name of that company using the specific format: COMPANY: name.",Applicant_Full_Name,style3_stepwise
"Feb 13, 2031","Pertaining to clinical trial NCT00012389, from the constituent agents of the most efficacious regimens, identify the agent whose name commences with the letter I.

Subsequently, for this identified agent, determine its Food and Drug Administration (FDA) exclusivity date, based on its most recent overall drug approval as of Dec, 2024.
Note that this query is restricted to the overall FDA drug approval, explicitly excluding new indications or supplemental approvals.
If an exclusivity date does not exist or is unavailable, respond with 'DATE: NA'. Otherwise, return only the date in MM-DD-YYYY format of date: MM-DD-YYYY.",Exclusivity_Date,style1_formal
"Feb 13, 2031","For clinical trial NCT00012389, which effective regimen ingredient starts with the letter I?

For this ingredient, find its FDA exclusivity date based on its last overall drug approval by Dec, 2024. Exclude new indications and supplemental approvals.

If the exclusivity date is unavailable, respond 'DATE: NA'. Otherwise, return the date in the format date: MM-DD-YYYY.",Exclusivity_Date,style2_concise
"Feb 13, 2031","First, for clinical trial NCT00012389, identify the ingredient from the more effective regimen ingredients that starts with the letter I.

Then, for this identified ingredient, find its FDA exclusivity date based on its last overall FDA drug approval up to December 2024. Note that we are only looking for overall FDA drug approval, not new indications or supplemental approvals.

Finally, if no exclusivity date exists or if it's not available, respond with 'DATE: NA'. Otherwise, return only the date in MM-DD-YYYY format of date: MM-DD-YYYY.",Exclusivity_Date,style3_stepwise
ZHUHAI BEIHAI BIOTECH CO LTD,"First, for clinical trial NCT00021255, among the constituent agents of the more efficacious regimen, identify the therapeutic agent whose name commences with the letter 'D'.

Then, for the identified agent, determine the company holding the most recent initial FDA drug approval as of December 2024. Note that this inquiry is restricted to the original New Drug Application (NDA) approval, explicitly excluding new indications and supplemental approvals.
Return only the company name in the format of COMPANY: name.",Applicant_Full_Name,style1_formal
ZHUHAI BEIHAI BIOTECH CO LTD,"For clinical trial NCT00021255, find the ingredient in the more effective regimen starting with the letter D.

Then, find the company with the latest overall FDA drug approval for this ingredient up to Dec 2024. Exclude new indications and supplemental approvals.
Return only the company name in the format COMPANY: name.",Applicant_Full_Name,style2_concise
ZHUHAI BEIHAI BIOTECH CO LTD,"First, review the more effective regimen ingredients for clinical trial NCT00021255 and identify the ingredient that starts with the letter D.

Then, for that specific ingredient, find its latest overall FDA drug approval date up to Dec, 2024, making sure to exclude new indications or supplemental approvals.

Finally, provide the name of the company that holds this approval, using the exact format: COMPANY: name.",Applicant_Full_Name,style3_stepwise
DOCETAXEL,"For clinical trial NCT00376792, from the constituents of the more efficacious regimen, identify the ingredient whose name commences with the letter D; return only the name of the ingredient or unknown in all capital letters in the format of INGREDIENT: name",Ingredient,style1_formal
DOCETAXEL,"For clinical trial NCT00376792, find the ingredient from the more effective regimens that starts with D. Return only the name or UNKNOWN in all caps, formatted as INGREDIENT: name.",Ingredient,style2_concise
DOCETAXEL,"First, for clinical trial NCT00376792, identify the ingredients listed in the more effective regimen. Then, from those ingredients, find the one whose name starts with the letter D. Finally, return only the name of the ingredient or unknown in all CAPS in the format of INGREDIENT: name.",Ingredient,style3_stepwise
BRISTOL MYERS SQUIBB,"For clinical trial NCT00430365, identify the constituent within the superior therapeutic regimen whose name commences with the letter L.

Subsequently, for this identified constituent, determine the company that received the most recent FDA approval up till Dec, 2024. The search criteria are restricted to the overall FDA drug approval, explicitly excluding new indications and supplemental approvals. The result should be returned exclusively in the format of COMPANY: name.",Applicant_Full_Name,style1_formal
BRISTOL MYERS SQUIBB,"For clinical trial NCT00430365, identify the regimen ingredient that starts with the letter L.

For this ingredient, find the company with the latest overall FDA drug approval up till Dec, 2024. This search is for overall drug approval only, not new indications or supplemental approvals. 
Return only the company name in format of COMPANY: name.",Applicant_Full_Name,style2_concise
BRISTOL MYERS SQUIBB,"First, for clinical trial NCT00430365, review the ingredients of the more effective regimen and identify the specific ingredient that starts with the letter L.

Then, for the ingredient you have identified, find the company that holds the latest overall FDA drug approval. The approval date must be up till Dec, 2024, and you should only look for overall FDA drug approval, not new indidcation or supplemental approvals.

Finally, return only the company name in the format of COMPANY: name.",Applicant_Full_Name,style3_stepwise
ABBVIE INC,"First, with respect to clinical trial NCT02993523, identify the constituent agent of the efficacious regimen whose name commences with the letter V.

Then, for the identified agent, determine which company holds the most recent original U.S. Food and Drug Administration (FDA) approval granted on or before Dec, 2024. Note that this query pertains exclusively to initial marketing authorizations and excludes new indications or supplemental approvals.
Return only the company name in the format of COMPANY: name.",Applicant_Full_Name,style1_formal
ABBVIE INC,"From clinical trial NCT02993523's regimen, identify the ingredient starting with V.

For this ingredient, find the company with the latest FDA approval by Dec, 2024. Consider only overall drug approvals, not new indications or supplemental approvals. Return the company name in the format COMPANY: name.",Applicant_Full_Name,style2_concise
ABBVIE INC,"First, in the clinical trial NCT02993523, examine the more effective regimen ingredients and identify the ingredient that starts with the letter V.

Then, for the ingredient you just identified, find the company that received the latest overall FDA drug approval with an approval date up to December, 2024. Please note, you should only consider overall FDA drug approval, not new indications or supplemental approvals.

Finally, return only the company's name using the format COMPANY: name.",Applicant_Full_Name,style3_stepwise
"Oct 9, 2028","Pertaining to clinical trial NCT00651261, identify the constituent active ingredient of the more efficacious therapeutic regimens whose nomenclature commences with the letter M.

Subsequently, for this identified ingredient, which received its most recent primary approval on or prior to December 2024, determine its patent expiration date.
Note that this query pertains exclusively to primary U.S. Food and Drug Administration (FDA) approval, and does not encompass new indications or supplemental approvals.
Return only the year of the date, in the specified YYYY format: YYYY.",Patent_Expire_Date_Text,style1_formal
"Oct 9, 2028","For clinical trial NCT00651261, identify the effective regimen ingredient starting with the letter M.

For this ingredient, what is the patent expiration date of its last overall FDA drug approval by Dec, 2024?
Note: Consider only overall FDA drug approval, not new indications or supplemental approvals.

Return only the year in YYYY format.",Patent_Expire_Date_Text,style2_concise
"Oct 9, 2028","First, review the clinical trial NCT00651261. From the more effective regimen ingredients, identify the one that starts with the letter M.

Then, for that specific ingredient, find its patent expiration date. This should be for its last approval up to Dec, 2024. Note that we are only looking for overall FDA drug approval, not new indications or supplemental approvals.

Finally, return only the year of the expiration date in YYYY format.",Patent_Expire_Date_Text,style3_stepwise
ZHUHAI BEIHAI BIOTECH CO LTD,"For clinical trial NCT00376792, from the ingredients of the more effective regimen, identify the component whose name commences with the letter 'D'.

Subsequently, determine the company that received the latest original FDA drug approval for the identified component, up to and including Dec, 2024. Note that this query is restricted to original approvals, thereby excluding new indications and supplemental approvals.
The output should be returned exclusively as the company name, in the format of COMPANY: name.",Applicant_Full_Name,style1_formal
ZHUHAI BEIHAI BIOTECH CO LTD,"In clinical trial NCT00376792, identify the ingredient starting with D within the more effective regimen.

Then, find the company with the latest overall FDA drug approval for this ingredient by Dec, 2024. Exclude new indications and supplemental approvals. Return only the company name in the format of COMPANY: name.",Applicant_Full_Name,style2_concise
ZHUHAI BEIHAI BIOTECH CO LTD,"First, review the clinical trial NCT00376792. From the list of ingredients in the more effective regimen, identify the one that starts with the letter D.

Then, for the ingredient identified in the previous step, find the company that received the latest overall FDA drug approval. Ensure the approval date is on or before December 2024, and specifically exclude new indications or supplemental approvals.

Finally, return only the name of that company using the exact format: COMPANY: name.",Applicant_Full_Name,style3_stepwise
"Apr 27, 2027","For clinical trial NCT00430365, from the constituents of the efficacious therapeutic regimen, identify the agent whose name commences with the letter 'L'.

Subsequently, for the identified agent, determine its patent expiration date, given that its most recent original Food and Drug Administration (FDA) marketing authorization occurred on or before December 2024.
Note that the query pertains exclusively to the initial marketing authorization, excluding approvals for new indications or supplemental applications.
The response must consist solely of the year, presented in YYYY format.",Patent_Expire_Date_Text,style1_formal
"Apr 27, 2027","In clinical trial NCT00430365, which effective regimen ingredient starts with the letter L?

For this ingredient, last approved by Dec, 2024, what is its patent expiration date?
Consider only overall FDA drug approval, not new indidcation, not supplemental approvals.
Return only the year in YYYY format.",Patent_Expire_Date_Text,style2_concise
"Apr 27, 2027","First, for clinical trial NCT00430365, from among the more effective regimen ingredients, identify the one that starts with the letter L.

Then, for this identified ingredient, determine its patent expiration date based on its last overall FDA drug approval up to December, 2024.
Note that we are only looking for overall FDA drug approval, not new indication, not supplemental approvals.

Finally, return only the year of the date in YYYY format.",Patent_Expire_Date_Text,style3_stepwise
"May 28, 2026","Pertaining to clinical trial NCT00238238, from the constituent components of the more efficacious therapeutic regimens, determine the active pharmaceutical ingredient whose name commences with the letter L.

Subsequently, for this identified component, whose most recent marketing authorization by the U.S. Food and Drug Administration (FDA) was granted on or before December 2024, ascertain its exclusivity expiration date.
The scope of this query is restricted to the initial overall drug approval, explicitly excluding approvals for new indications or supplemental applications.
Should an exclusivity date be nonexistent or unavailable, the designated response is 'DATE: NA'. Conversely, if an exclusivity date is documented, return it exclusively in the format 'date: MM-DD-YYYY'.",Exclusivity_Date,style1_formal
"May 28, 2026","For clinical trial NCT00238238, identify the ingredient in the more effective regimen starting with the letter L.

Then, for this ingredient, what is its FDA exclusivity date for its last approval up to Dec, 2024?
Consider only overall FDA drug approval, not new indications or supplemental approvals.
If no exclusivity date is available, respond with 'DATE: NA'. Otherwise, return only the date in MM-DD-YYYY format of date: MM-DD-YYYY.",Exclusivity_Date,style2_concise
"May 28, 2026","First, for clinical trial NCT00238238 among the more effective regimen ingredients, identify which ingredient starts with the letter L.

Then, for this identified ingredient, find its exclusivity date according to the FDA corresponding to its last overall drug approval up till Dec, 2024.
Note that we are only look for overall FDA drug approval, not new indidcation, not supplemental approvals.
Finally, if no exclusivity date exists or if it's not available, respond with 'DATE: NA'. Otherwise, return only the date in MM-DD-YYYY format of date: MM-DD-YYYY.",Exclusivity_Date,style3_stepwise
GEMCITABINE HYDROCHLORIDE,"For clinical trial NCT00416507. Among the constituents of the more efficacious regimen; identify the constituent whose name commences with the letter 'G', returning only the name of the constituent or unknown in all CAPS in the format of INGREDIENT: name",Ingredient,style1_formal
GEMCITABINE HYDROCHLORIDE,"For clinical trial NCT00416507: From the more effective regimen ingredients, find the ingredient starting with G. Return only the ingredient name or unknown in all CAPS in the format: INGREDIENT: name",Ingredient,style2_concise
GEMCITABINE HYDROCHLORIDE,"First, for clinical trial NCT00416507, find the ingredients among the more effective regimen. Then, from that list, identify which ingredient has a name that starts with the letter G. Finally, return only the name of the ingredient, or unknown if not found, in all CAPS in the format of INGREDIENT: name.",Ingredient,style3_stepwise
46.72999954223633,"Regarding clinical trial NCT00238238, examine the constituents of the more effective regimen and identify the component whose name commences with the letter L.

Subsequently, ascertain which pharmaceutical entity was granted the most recent U.S. Food and Drug Administration (FDA) approval for said component, up until December 2024.
Note that this inquiry is restricted to original marketing approvals and expressly excludes new indications or supplemental approvals.

If this company is publicly traded on any U.S. stock market (including over-the-counter markets), provide:
1. The stock ticker symbol
2. The opening stock price on the FDA approval date

Should the company not be listed on any U.S. stock market, please provide the designation ""NOT LISTED"".",Open_on_Approval,style1_formal
46.72999954223633,"For trial NCT00238238, identify the ingredient starting with L in the more effective regimen.

Then, name the company with the most recent FDA approval for this ingredient by December 2024.
Note: Consider only initial FDA drug approvals, not new indications or supplemental approvals.

If the company is US-listed (including over-the-counter markets), provide:
1. Stock ticker symbol
2. Opening stock price on the FDA approval date

If not US-listed, state ""NOT LISTED"".",Open_on_Approval,style2_concise
46.72999954223633,"First, for clinical trial NCT00238238, review the more effective regimen ingredients and identify which ingredient starts with the letter L.

Then, determine which pharmaceutical company received the most recent FDA approval (up until December 2024) for this identified ingredient.
Note that we are only look for overall FDA drug approval, not new indidcation, not supplemental approvals.

Finally, if this company is listed on any US stock market (including over-the-counter markets), provide:
1. The stock ticker symbol
2. The opening stock price on the FDA approval date

If the company is not listed on any US stock market, please indicate ""NOT LISTED"".",Open_on_Approval,style3_stepwise
68.68279266357422,"Pertaining to clinical trial NCT00651261, examine the constituent components of the more efficacious regimen and identify the active ingredient that begins with the letter M.

Subsequently, ascertain the pharmaceutical company that obtained the most recent U.S. Food and Drug Administration (FDA) approval for this identified ingredient, up to and including December 2024.
Note that this inquiry is limited to initial marketing authorizations and expressly excludes approvals for new indications or supplemental applications.

If the subject company is publicly traded on any U.S. stock market, including over-the-counter markets, provide:
1. The stock ticker symbol
2. The opening stock price on the FDA approval date

If the company is not listed on a U.S. stock market, provide the designation ""NOT LISTED"".",Open_on_Approval,style1_formal
68.68279266357422,"For trial NCT00651261, identify the ingredient in the more effective regimen that starts with the letter M.

Then, find the company that received the most recent FDA approval for this ingredient by December 2024.
Consider only initial FDA drug approvals, not supplemental approvals or new indications.

If the company is listed on any US stock market (including over-the-counter markets), provide:
1. The stock ticker symbol
2. The opening stock price on the FDA approval date

If the company is not listed on any US stock market, state ""NOT LISTED"".",Open_on_Approval,style2_concise
68.68279266357422,"First, for clinical trial NCT00651261, review the ingredients of the more effective regimen.

Then, from that list of ingredients, identify the one that starts with the letter M.

Finally, determine which pharmaceutical company received the most recent overall FDA drug approval for this identified ingredient (up until December 2024).
Note that we are only looking for an overall FDA drug approval, not a new indication or supplemental approval.

If this company is listed on any US stock market (including over-the-counter markets), provide:
1. The stock ticker symbol
2. The opening stock price on the FDA approval date

If the company is not listed on any US stock market, please indicate ""NOT LISTED"".",Open_on_Approval,style3_stepwise
61.45000076293945,"For clinical trial NCT00260689, analyze the components of the regimen demonstrating superior efficacy and identify the ingredient whose name commences with the letter C.

Subsequently, determine the pharmaceutical company that received the most recent U.S. Food and Drug Administration (FDA) approval for this identified ingredient, on or before December 2024.
Note that the inquiry is limited to an overall FDA drug approval, excluding new indications or supplemental approvals.

If this company is publicly traded on any U.S. stock market (including over-the-counter markets), provide:
1. The stock ticker symbol
2. The opening stock price on the date of the FDA approval

If the company is not listed on any U.S. stock market, please indicate ""NOT LISTED"".",Open_on_Approval,style1_formal
61.45000076293945,"For clinical trial NCT00260689, identify the ingredient in the more effective regimen that starts with C.

Then, identify the company with the most recent FDA drug approval for this ingredient by December 2024. Exclude new indications and supplemental approvals.

If the company is listed on a US stock market (including over-the-counter markets), provide:
1. The stock ticker symbol
2. The opening stock price on the FDA approval date

If the company is not listed, state ""NOT LISTED"".",Open_on_Approval,style2_concise
61.45000076293945,"First, for clinical trial NCT00260689, review the more effective regimen ingredients and identify which ingredient starts with the letter C.

Then, determine which pharmaceutical company received the most recent FDA approval (up until December 2024) for this identified ingredient.
Note that we are only look for overall FDA drug approval, not new indidcation, not supplemental approvals.

Finally, if this company is listed on any US stock market (including over-the-counter markets), provide:
1. The stock ticker symbol
2. The opening stock price on the FDA approval date

If the company is not listed on any US stock market, please indicate ""NOT LISTED"".",Open_on_Approval,style3_stepwise
APALUTAMIDE,"For clinical trial NCT02257736. Among the more efficacious regimen ingredients; identify the ingredient whose name commences with the letters AP, returning only the name of the ingredient or unknown in all CAPS in the format of INGREDIENT: name",Ingredient,style1_formal
APALUTAMIDE,"For clinical trial NCT02257736, find the more effective regimen ingredient starting with AP; return only the name of the ingredient or unknown in all CAPS in the format of INGREDIENT: name",Ingredient,style2_concise
APALUTAMIDE,"First, for clinical trial NCT02257736, look at the more effective regimen ingredients. Then, find which is the ingredient with the first letter start with AP. Finally, return only the name of the ingredient or unknown in all CAPS in the format of INGREDIENT: name.",Ingredient,style3_stepwise
"May 16, 2036","Pertaining to clinical trial NCT00021255, among the components of the more efficacious regimens, identify the therapeutic agent that commences with the letter D.

Subsequently, for this identified agent, ascertain its patent expiration date, contingent upon its most recent overall FDA drug approval having been granted on or before December 2024.
Note that the inquiry is restricted to overall FDA drug approval, and explicitly excludes new indications or supplemental approvals.
Return the date formatted as the year only: YYYY.",Patent_Expire_Date_Text,style1_formal
"May 16, 2036","In clinical trial NCT00021255, identify the more effective regimen ingredient that starts with the letter D.

For this ingredient, find the patent expiration date for its last approval up to Dec, 2024.
Note: Consider only overall FDA drug approval, not new indication, not supplemental approvals.
Return the date in the YYYY format of date: YYYY.",Patent_Expire_Date_Text,style2_concise
"May 16, 2036","First, for clinical trial NCT00021255, examine the more effective regimen ingredients to identify the specific ingredient that starts with the letter D.

Then, for this identified ingredient, find its patent expiration date, ensuring it corresponds to its last overall FDA drug approval on or before Dec, 2024. Note that you should only consider overall FDA drug approval, not new indications or supplemental approvals.

Finally, provide only the year of the patent expiration date in the YYYY format.",Patent_Expire_Date_Text,style3_stepwise
,"Regarding clinical trial NCT00002582, from the constituent components of the regimens demonstrating superior efficacy, identify the agent whose name commences with the letter C.

Subsequently, for this identified agent, determine its U.S. Food and Drug Administration (FDA) exclusivity date, based on its most recent primary marketing approval granted on or before Dec, 2024.
Please note that the scope of this inquiry is limited to the initial, overall FDA drug approval, and explicitly excludes new indications or supplemental approvals.
In the event that an exclusivity date is non-existent or unavailable, respond with 'DATE: NA'. Otherwise, return only the date in MM-DD-YYYY format of date: MM-DD-YYYY.",Exclusivity_Date,style1_formal
,"In trial NCT00002582, which effective regimen ingredient starts with C?

For this ingredient, find its FDA exclusivity date from its last approval by Dec, 2024.
Consider only overall FDA drug approvals, not new indications or supplemental approvals.
If no exclusivity date is available, respond 'DATE: NA'. Otherwise, return only the date in the format date: MM-DD-YYYY.",Exclusivity_Date,style2_concise
,"First, for clinical trial NCT00002582 among the more effective regimen ingredients, identify which ingredient starts with the letter C.

Then, for this identified ingredient that was last approved up till Dec, 2024, find its exclusivity date according to the FDA.
Note that we are only look for overall FDA drug approval, not new indidcation, not supplemental approvals.

Finally, if no exclusivity date exists or if it's not available, respond with 'DATE: NA'. Otherwise, return only the date in MM-DD-YYYY format of date: MM-DD-YYYY.",Exclusivity_Date,style3_stepwise
"May 28, 2026","For clinical trial NCT01938001, from the ingredients comprising the more effective regimen, identify the one whose name commences with the letter L.

Subsequently, for this identified ingredient, with its latest approval by the U.S. Food and Drug Administration (FDA) occurring up till Dec, 2024, determine its exclusivity date.
Note that this inquiry is confined to the overall FDA drug approval, excluding new indications or supplemental approvals.
If no exclusivity date exists or is unavailable, respond with 'DATE: NA'. Otherwise, return only the date in MM-DD-YYYY format of date: MM-DD-YYYY.",Exclusivity_Date,style1_formal
"May 28, 2026","For clinical trial NCT01938001, what effective regimen ingredient starts with the letter L?

For that ingredient, find its FDA exclusivity date based on its last overall FDA drug approval up till Dec, 2024. Do not consider new indication or supplemental approvals.
If no exclusivity date is available, respond with 'DATE: NA'. Otherwise, return the date in MM-DD-YYYY format as: date: MM-DD-YYYY.",Exclusivity_Date,style2_concise
"May 28, 2026","First, for clinical trial NCT01938001, identify which ingredient among the more effective regimen ingredients starts with the letter L.

Then, for this identified ingredient, find its last approval up till Dec, 2024. Note that we are only looking for overall FDA drug approval, not new indication, not supplemental approvals.

Finally, based on that approval, when is its exclusivity date according to the FDA? If no exclusivity date exists or if it's not available, respond with 'DATE: NA'. Otherwise, return only the date in MM-DD-YYYY format of date: MM-DD-YYYY.",Exclusivity_Date,style3_stepwise
,"For clinical trial NCT00685646, among the constituents of the more efficacious regimen, identify the agent whose name commences with the letter 'Z'.

Subsequently, for this identified constituent, last approved on or before Dec, 2024, determine its exclusivity date as designated by the FDA.
Note that this inquiry is limited to the overall FDA drug approval, excluding new indications or supplemental approvals.
If an exclusivity date does not exist or is unavailable, respond with 'DATE: NA'. Otherwise, return only the date in the MM-DD-YYYY format of date: MM-DD-YYYY.",Exclusivity_Date,style1_formal
,"For trial NCT00685646, what effective regimen ingredient starts with Z?

For this ingredient, what is its FDA exclusivity date from its last overall drug approval (not new indications or supplemental approvals) by Dec, 2024?

If the date is unavailable, return 'DATE: NA'. Otherwise, return the date as: date: MM-DD-YYYY.",Exclusivity_Date,style2_concise
,"First, for clinical trial NCT00685646, identify the ingredient within the more effective regimen that starts with the letter Z.

Then, for this identified ingredient, find its last overall FDA drug approval that occurred on or before Dec, 2024. Note that we are only looking for overall FDA drug approval, not new indication, not supplemental approvals.

Finally, retrieve the FDA exclusivity date associated with that specific approval. If no exclusivity date exists or if it's not available, respond with 'DATE: NA'. Otherwise, return only the date in MM-DD-YYYY format of date: MM-DD-YYYY.",Exclusivity_Date,style3_stepwise
PREDNISONE,"For clinical trial NCT00052936. Among the constituents of the more efficacious regimens; identify the ingredient whose name commences with the letter P and return only the name of the ingredient, or 'unknown', in all CAPS in the format of INGREDIENT: name",Ingredient,style1_formal
PREDNISONE,For clinical trial NCT00052936. Find the more effective regimen ingredient starting with P. Return only the name or UNKNOWN in all CAPS in the format INGREDIENT: name.,Ingredient,style2_concise
PREDNISONE,"First, for clinical trial NCT00052936, identify all ingredients from the more effective regimens.
Then, from that list, find the ingredient whose name starts with the letter 'P'.
Finally, return only the name of that ingredient in all CAPS, using the format INGREDIENT: name. If no such ingredient is found, return INGREDIENT: UNKNOWN.",Ingredient,style3_stepwise
PACLITAXEL,For clinical trial NCT02898077. Among the components of the more efficacious regimens; identify the agent whose name commences with the letter P and return only the name of the agent or unknown in all CAPS in the format of INGREDIENT: name,Ingredient,style1_formal
PACLITAXEL,"For clinical trial NCT02898077, find the ingredient in the more effective regimens starting with P. Return the name or UNKNOWN in all CAPS in the format INGREDIENT: name",Ingredient,style2_concise
PACLITAXEL,"First, for clinical trial NCT02898077, identify the more effective regimen ingredients. Then, find which ingredient's name starts with the letter P. Finally, return only the name of that ingredient, or 'unknown' if none is found, in all CAPS using the format INGREDIENT: name.",Ingredient,style3_stepwise
BRISTOL MYERS SQUIBB,,Applicant_Full_Name,style1_formal
BRISTOL MYERS SQUIBB,"For clinical trial NCT01718379, identify the regimen ingredient that starts with the letter L.

Then, find the company with the latest original FDA drug approval for this ingredient by Dec, 2024. Exclude new indications and supplemental approvals.
Return only the company name in the format COMPANY: name.",Applicant_Full_Name,style2_concise
BRISTOL MYERS SQUIBB,"First, for clinical trial NCT01718379, identify which ingredient in the more effective regimen starts with the letter L.

Then, for this identified ingredient, find the company with the latest overall FDA drug approval up to Dec, 2024. Note that we are only looking for overall FDA drug approval, not new indications or supplemental approvals.

Finally, return only the company name in the format of COMPANY: name.",Applicant_Full_Name,style3_stepwise
VENETOCLAX,For clinical trial NCT02993523. Among the constituents of the more effective regimens; identify the ingredient whose name commences with the letter V return only the name of the ingredient or unknown in all CAPS in the format of INGREDIENT: name,Ingredient,style1_formal
VENETOCLAX,"For clinical trial NCT02993523, find the ingredient from the more effective regimens starting with V; return only the name or 'unknown' in all CAPS in the format INGREDIENT: name.",Ingredient,style2_concise
VENETOCLAX,"First, for clinical trial NCT02993523, consider the ingredients from the more effective regimen. Then, find the ingredient whose name starts with the letter V. Finally, return only the name of the ingredient or unknown in all CAPS in the format of INGREDIENT: name.",Ingredient,style3_stepwise
,"With respect to clinical trial NCT00513955, from the constituent components of the more efficacious regimens, identify the component that commences with the letter B.

Subsequently, for this identified component, determine its FDA-designated exclusivity date, based on its latest approval on or before Dec, 2024.
The scope of this query is limited to the initial overall drug approval by the FDA, excluding new indications and supplemental approvals.
In the absence of an existing or available exclusivity date, the specified response is 'DATE: NA'. Otherwise, the output must be restricted to the date, adhering to the MM-DD-YYYY format, and presented as: date: MM-DD-YYYY.",Exclusivity_Date,style1_formal
,"In clinical trial NCT00513955, which more effective regimen ingredient starts with B?

For that ingredient, find its FDA exclusivity date for the last approval up to Dec, 2024.
Note: Consider only overall FDA drug approval, not new indications or supplemental approvals.
If no exclusivity date exists or is unavailable, respond with 'DATE: NA'. Otherwise, return only the date in MM-DD-YYYY format of date: MM-DD-YYYY.

date: MM-DD-YYYY",Exclusivity_Date,style2_concise
,"First, for clinical trial NCT00513955 among the more effective regimen ingredients, identify which ingredient starts with the letter B.

Then, for this identified ingredient that was last approved up till Dec, 2024, find its exclusivity date according to the FDA. Note that we are only looking for overall FDA drug approval, not new indication, not supplemental approvals.

Finally, if no exclusivity date exists or if it's not available, respond with 'DATE: NA'. Otherwise, return only the date in MM-DD-YYYY format of date: MM-DD-YYYY.",Exclusivity_Date,style3_stepwise
"May 16, 2036","Pertaining to clinical trial NCT00003782, identify the constituent of the more efficacious therapeutic regimen whose name commences with the letter D.

Subsequently, for the constituent so identified, which received its most recent overall FDA drug approval on or before Dec, 2024, determine its patent expiration date.
Note that the query is restricted to overall FDA drug approval, and expressly excludes new indications or supplemental approvals.
Return only the year component of the date, in the format: YYYY.",Patent_Expire_Date_Text,style1_formal
"May 16, 2036","For clinical trial NCT00003782, which ingredient in the more effective regimen starts with the letter D?

For this ingredient, last approved by Dec, 2024, what is its patent expiration date?
Note: Consider only overall FDA drug approval, not new indications or supplemental approvals.
Return only the year in YYYY format.",Patent_Expire_Date_Text,style2_concise
"May 16, 2036","First, for clinical trial NCT00003782, identify the ingredient from the more effective regimens that starts with the letter D.

Then, find the last overall FDA drug approval for this ingredient on or before Dec, 2024.
Note that we are only looking for overall FDA drug approval, not new indications or supplemental approvals.

Finally, provide the patent expiration date for that approval. Return only the year in YYYY format.",Patent_Expire_Date_Text,style3_stepwise
BORTEZOMIB,"With respect to clinical trial NCT01478048, from the constituents of the more efficacious regimens, identify the ingredient commencing with the letter 'B'. return only the name of the ingredient or unknown in all CAPS in the format of INGREDIENT: name",Ingredient,style1_formal
BORTEZOMIB,"For clinical trial NCT01478048, from the more effective regimen ingredients, find the one starting with B. Return only the name or UNKNOWN in all caps in the format INGREDIENT: name",Ingredient,style2_concise
BORTEZOMIB,"First, for clinical trial NCT01478048, identify the ingredients in the more effective regimen. Then, from that list of ingredients, find the one whose name starts with the letter B. Finally, return only the name of that ingredient in all CAPS, using the format INGREDIENT: name. If no such ingredient is found, return INGREDIENT: UNKNOWN.",Ingredient,style3_stepwise
,"With respect to clinical trial NCT00002870, among the therapeutic agents constituting the more efficacious regimens, identify the agent whose name commences with the letter T.

Subsequently, for this identified agent, ascertain its Food and Drug Administration (FDA) exclusivity date, contingent upon its most recent overall drug approval being granted on or before Dec, 2024.
Note that this inquiry is restricted to the overall FDA drug approval, and expressly excludes new indications or supplemental approvals.
If no exclusivity date exists or if it is unavailable, respond with 'DATE: NA'. Otherwise, return only the date in the format 'DATE: MM-DD-YYYY'.",Exclusivity_Date,style1_formal
,"For trial NCT00002870, identify the ingredient in the more effective regimens that starts with T.

Then, provide its FDA exclusivity date, based on its last overall approval by Dec, 2024.
Consider only overall drug approvals, not new indications or supplemental approvals.
If the date is unavailable, return 'DATE: NA'. Otherwise, return the date as: date: MM-DD-YYYY.",Exclusivity_Date,style2_concise
,"First, for clinical trial NCT00002870, from among the more effective regimen ingredients, identify which ingredient starts with the letter T.

Then, for this identified ingredient, find its last overall FDA drug approval up till Dec, 2024. Note that we are only looking for overall FDA drug approval, not new indidcation, not supplemental approvals.

Finally, for that specific approval, provide its exclusivity date according to the FDA. If no exclusivity date exists or if it's not available, respond with 'DATE: NA'. Otherwise, return only the date in MM-DD-YYYY format of date: MM-DD-YYYY.",Exclusivity_Date,style3_stepwise
NOVARTIS PHARMACEUTICALS CORP,"Pertaining to clinical trial NCT00651261, among the constituent agents of the more efficacious regimen, identify the agent whose name commences with the letter M.

Subsequently, determine the company that holds the most recent FDA approval for this identified agent up till Dec, 2024. It should be noted that the query is restricted to original FDA drug approvals, precluding consideration of new indications or supplemental approvals.
The output must be presented exclusively as the company name, in the format of COMPANY: name.",Applicant_Full_Name,style1_formal
NOVARTIS PHARMACEUTICALS CORP,"For clinical trial NCT00651261, identify the ingredient in the more effective regimen that starts with the letter M.

For this ingredient, find the company with the latest overall FDA drug approval by Dec, 2024. Exclude new indications and supplemental approvals.
Return only the company name in the format COMPANY: name.",Applicant_Full_Name,style2_concise
NOVARTIS PHARMACEUTICALS CORP,"First, for clinical trial NCT00651261, look among the more effective regimen ingredients and identify which one starts with the letter M.

Then, for this identified ingredient, find which company has the latest FDA approval date up till Dec, 2024. Your search should only be for an overall FDA drug approval, not new indidcation, not supplemental approvals.

Finally, return only the company name in format of COMPANY: name.",Applicant_Full_Name,style3_stepwise
SUN PHARMACEUTICAL INDUSTRIES LTD,"For clinical trial NCT00416507, among the constituent components of the more efficacious therapeutic regimen, identify the agent whose name commences with the letter 'G'.

Subsequently, determine the entity that holds the most recent U.S. Food and Drug Administration (FDA) approval for this identified agent, with a final approval date on or before Dec, 2024. This query is strictly limited to the initial, overall drug approval and explicitly excludes approvals for new indications or supplemental applications.
Return only the company name in the specified format: COMPANY: name.",Applicant_Full_Name,style1_formal
SUN PHARMACEUTICAL INDUSTRIES LTD,"From clinical trial NCT00416507's more effective regimens, identify the ingredient starting with the letter G.

For this ingredient, find the company with the latest overall FDA drug approval by Dec, 2024, excluding new indications or supplemental approvals. Return the company name in the format: COMPANY: name.",Applicant_Full_Name,style2_concise
SUN PHARMACEUTICAL INDUSTRIES LTD,"First, for clinical trial NCT00416507, identify which ingredient from among the more effective regimens starts with the letter G.

Then, for this identified ingredient, find the company holding the latest overall FDA drug approval with a date up till Dec, 2024. Note that we are only looking for overall FDA drug approval, not new indications or supplemental approvals.

Finally, return only the company name in the format of COMPANY: name.",Applicant_Full_Name,style3_stepwise
DEXAMETHASONE,"Regarding clinical trial NCT00833833. Among the constituents of the more efficacious regimens; identify the constituent whose name commences with the letter D. Return only the name of the constituent, or 'UNKNOWN', in all-uppercase, adhering to the format: INGREDIENT: name",Ingredient,style1_formal
DEXAMETHASONE,"For clinical trial NCT00833833, find the ingredient starting with D in the more effective regimen. Return the name or UNKNOWN in all CAPS, formatted as: INGREDIENT: name.",Ingredient,style2_concise
DEXAMETHASONE,"First, for clinical trial NCT00833833, identify the more effective regimen ingredients. Then, from that list, find the ingredient whose name starts with the letter D. Finally, return only the name of that ingredient in all CAPS, or return unknown if none is found, using the format INGREDIENT: name.",Ingredient,style3_stepwise
Not_Listed,"With respect to clinical trial NCT01251107, analyze the components of the more efficacious therapeutic regimen and identify the active pharmaceutical ingredient commencing with the letter 'P'.

Subsequently, ascertain the pharmaceutical entity that received the most recent U.S. Food and Drug Administration (FDA) approval for this identified ingredient, with an approval date on or before December 2024.
Note: The scope of this inquiry is restricted to original marketing authorizations (e.g., New Drug Application approvals) and expressly excludes supplemental approvals, such as those for new indications.

Should the identified company be publicly traded on any U.S. stock exchange, including over-the-counter (OTC) markets, provide:
1. The stock ticker symbol
2. The opening stock price on the date of the FDA approval

If the company is not publicly traded on a U.S. stock market, indicate ""NOT LISTED"".",Open_on_Approval,style1_formal
Not_Listed,"For clinical trial NCT01251107, what ingredient in the more effective regimen starts with P?

Then, find the pharmaceutical company with the most recent FDA approval for this ingredient by December 2024.
Note: Seek initial FDA drug approvals only, not new indications or supplemental approvals.

If this company is listed on any US stock market (including over-the-counter markets), provide:
1. The stock ticker symbol
2. The opening stock price on the FDA approval date

If the company is not US-listed, state ""NOT LISTED"".",Open_on_Approval,style2_concise
Not_Listed,"First, for clinical trial NCT01251107, review the more effective regimen ingredients and identify which ingredient starts with the letter P.

Then, for this identified ingredient, determine which pharmaceutical company received the most recent overall FDA drug approval (not new indication, not supplemental approvals) up until December 2024.

Finally, if this company is listed on any US stock market (including over-the-counter markets), provide:
1. The stock ticker symbol
2. The opening stock price on the FDA approval date

If the company is not listed on any US stock market, indicate ""NOT LISTED"".",Open_on_Approval,style3_stepwise
,"For clinical trial NCT00703326, identify the constituent within the more efficacious regimen whose name commences with the letter D.

Subsequently, for this identified constituent, ascertain its Food and Drug Administration (FDA) exclusivity date, provided its last overall approval was granted on or before Dec, 2024.
Note that this inquiry is restricted to the overall FDA drug approval and excludes new indications or supplemental approvals.
If no exclusivity date exists or is available, respond with 'DATE: NA'. Otherwise, return only the date in the format: date: MM-DD-YYYY.",Exclusivity_Date,style1_formal
,"For trial NCT00703326, which ingredient in the more effective regimen starts with the letter D?

For this ingredient, what is its FDA exclusivity date, based on its last overall drug approval by Dec, 2024? Do not consider new indications or supplemental approvals.
If the date is unavailable, respond 'DATE: NA'. Otherwise, return only the date in MM-DD-YYYY format of date: MM-DD-YYYY.",Exclusivity_Date,style2_concise
,"First, for clinical trial NCT00703326, identify which ingredient among the more effective regimen ingredients starts with the letter D.

Then, for this identified ingredient, find its last approval up till Dec, 2024 and determine its exclusivity date according to the FDA.
Note that we are only look for overall FDA drug approval, not new indidcation, not supplemental approvals.
Finally, if no exclusivity date exists or if it's not available, respond with 'DATE: NA'. Otherwise, return only the date in MM-DD-YYYY format of date: MM-DD-YYYY.",Exclusivity_Date,style3_stepwise
,"For clinical trial NCT00003782, identify the constituent agent of the more efficacious regimens whose name commences with the letter 'D'.

Then, for this identified agent with a most recent overall drug approval on or before December 2024, what is its Food and Drug Administration (FDA) exclusivity expiration date?
Note: This inquiry pertains exclusively to the overall FDA drug approval, not new indications or supplemental approvals.
If no exclusivity date exists or if said date is unavailable, respond with 'DATE: NA'. Otherwise, return the date exclusively in the MM-DD-YYYY format, as follows: date: MM-DD-YYYY.",Exclusivity_Date,style1_formal
,"In clinical trial NCT00003782, which effective regimen ingredient starts with the letter D?

For this ingredient, what is its FDA exclusivity date, given its last approval was by Dec, 2024?
Consider only overall FDA drug approval, not new indications or supplemental approvals.
If the date is unavailable, respond 'DATE: NA'. Otherwise, return the date in the format: date: MM-DD-YYYY.",Exclusivity_Date,style2_concise
,"First, for clinical trial NCT00003782 among the more effective regimen ingredients, identify which ingredient starts with the letter D.

Then, for this identified ingredient, find its last overall FDA drug approval up till Dec, 2024. Note that we are only looking for overall FDA drug approval, not new indication, not supplemental approvals.

Finally, for that approval, find its FDA exclusivity date. If no exclusivity date exists or if it's not available, respond with 'DATE: NA'. Otherwise, return only the date in MM-DD-YYYY format of date: MM-DD-YYYY.",Exclusivity_Date,style3_stepwise
22.75,"Regarding clinical trial NCT00718549, examine the constituents of the more efficacious regimen and identify the agent whose name commences with the letter C.

Subsequently, ascertain the pharmaceutical company that obtained the most recent U.S. Food and Drug Administration (FDA) approval (up to December 2024) for this identified agent.
Note that this inquiry is restricted to original FDA drug approvals and excludes approvals for new indications or supplemental applications.

If this company is publicly traded on any U.S. stock exchange, inclusive of over-the-counter markets, provide:
1. The stock ticker symbol
2. The opening stock price on the date of the FDA approval

Should the company not be listed on a U.S. stock exchange, indicate ""NOT LISTED"".",Open_on_Approval,style1_formal
22.75,"For clinical trial NCT00718549, identify the ingredient in the more effective regimen that starts with the letter C.

Then, find the company with the most recent overall FDA drug approval for this ingredient by December 2024. Exclude new indications and supplemental approvals.

If this company is listed on any US stock market (including over-the-counter markets), provide:
1. The stock ticker symbol
2. The opening stock price on the FDA approval date

If the company is not listed on any US stock market, state ""NOT LISTED"".",Open_on_Approval,style2_concise
22.75,"First, for clinical trial NCT00718549, review the ingredients of the more effective regimen and identify which ingredient starts with the letter C.

Then, determine which pharmaceutical company received the most recent FDA approval (up until December 2024) for this identified ingredient.
Note that we are only looking for overall FDA drug approval, not new indication, not supplemental approvals.

Finally, if this company is listed on any US stock market (including over-the-counter markets), provide:
1. The stock ticker symbol
2. The opening stock price on the FDA approval date

If the company is not listed on any US stock market, please indicate ""NOT LISTED"".",Open_on_Approval,style3_stepwise
ZHUHAI BEIHAI BIOTECH CO LTD,"Pertaining to clinical trial NCT00446225, from the constituent agents of the evaluated therapeutic regimen(s), identify the specific agent whose name commences with the letter D.

Subsequently, for this identified agent, determine the company that holds the most recent original marketing approval from the Food and Drug Administration (FDA) issued up till Dec, 2024. It should be noted that the query is restricted to primary drug approvals, thereby excluding supplemental approvals or new indications. The output must solely consist of the company name, adhering to the format: COMPANY: name.",Applicant_Full_Name,style1_formal
ZHUHAI BEIHAI BIOTECH CO LTD,"Identify the ingredient starting with D from the more effective regimen in clinical trial NCT00446225.

For this ingredient, find the company with the latest original FDA drug approval by Dec, 2024. Exclude new indications and supplemental approvals.
Return only the company name in format of COMPANY: name.",Applicant_Full_Name,style2_concise
ZHUHAI BEIHAI BIOTECH CO LTD,"First, for clinical trial NCT00446225, examine the more effective regimen ingredients and identify which ingredient starts with the letter D.

Then, for this identified ingredient, find the company that has the latest overall FDA drug approval with a date up till Dec, 2024. Note that we are only looking for overall FDA drug approval, not new indications or supplemental approvals.

Finally, return only the company name in the format of COMPANY: name.",Applicant_Full_Name,style3_stepwise
ZHUHAI BEIHAI BIOTECH CO LTD,"For clinical trial NCT00441922, from the ingredients of the more efficacious regimens, identify the component whose name commences with the letter D.

Subsequently, determine the company that holds the latest FDA approval for this identified component as of Dec, 2024. This inquiry is strictly limited to the overall FDA drug approval and must exclude new indications or supplemental approvals. The output must be restricted to the company name, formatted precisely as: COMPANY: name.",Applicant_Full_Name,style1_formal
ZHUHAI BEIHAI BIOTECH CO LTD,"For clinical trial NCT00441922, identify the ingredient from a more effective regimen that starts with the letter D.

For this ingredient, find the company with the latest overall FDA drug approval by Dec, 2024. Exclude new indications and supplemental approvals. Return the company name in the format COMPANY: name.",Applicant_Full_Name,style2_concise
ZHUHAI BEIHAI BIOTECH CO LTD,"First, from the more effective regimen ingredients listed in clinical trial NCT00441922, identify the one ingredient that starts with the letter D.

Then, for this identified ingredient, find the company that received the latest overall FDA drug approval up until Dec, 2024. Please note to only consider overall FDA drug approvals, not new indications or supplemental approvals.

Finally, return only the company name in the format of COMPANY: name.",Applicant_Full_Name,style3_stepwise
DOCETAXEL,"For clinical trial NCT00084318: among the ingredients of the more efficacious regimen, identify the component commencing with the letter 'D'; return only the name of the ingredient or unknown in all CAPS in the format of INGREDIENT: name",Ingredient,style1_formal
DOCETAXEL,"For clinical trial NCT00084318, find the ingredient starting with D in the more effective regimen. Return the name or ""unknown"" in all caps in the format INGREDIENT: name.",Ingredient,style2_concise
DOCETAXEL,"First, for clinical trial NCT00084318, identify the more effective regimen ingredients. Then, from that list, find the ingredient whose name starts with the letter D. Finally, return only the name of the ingredient or unknown in all CAPS in the format of INGREDIENT: name.",Ingredient,style3_stepwise
LENALIDOMIDE,"For clinical trial NCT00430365, from the constituent ingredients of the most effective regimen, identify the ingredient whose name commences with the letter 'L', returning only the name of the ingredient or 'unknown' in all CAPS in the format of INGREDIENT: name",Ingredient,style1_formal
LENALIDOMIDE,"For clinical trial NCT00430365, find the ingredient starting with L in the more effective regimen. Return the ingredient name or UNKNOWN in all caps, formatted as INGREDIENT: name",Ingredient,style2_concise
LENALIDOMIDE,"First, for clinical trial NCT00430365, identify the ingredients of the more effective regimen. Then, from that list of ingredients, find the one that starts with the letter L. Finally, return only the name of the ingredient or unknown in all CAPS in the format of INGREDIENT: name.",Ingredient,style3_stepwise
"Jan 6, 2027","Regarding clinical trial NCT00079274, from the constituents of the more efficacious regimen, identify the agent whose name commences with the letter I.

Subsequently, for the identified agent, determine the patent expiration date, considering its most recent overall FDA drug approval occurred on or before December 2024.
Note: This query pertains exclusively to the overall FDA drug approval and excludes new indications or supplemental approvals.
The output format for the date must be the year only: YYYY.",Patent_Expire_Date_Text,style1_formal
"Jan 6, 2027","For clinical trial NCT00079274, identify the regimen ingredient that starts with the letter I.

For this ingredient, find its patent expiration date based on its last approval by Dec 2024.
Consider only overall FDA drug approval, not new indications or supplemental approvals.
Return only the year in YYYY format.",Patent_Expire_Date_Text,style2_concise
"Jan 6, 2027","First, for clinical trial NCT00079274 among the more effective regimen ingredients, identify which ingredient starts with the letter I.

Then, for this identified ingredient, find its last overall FDA drug approval up till Dec, 2024.
Note that we are only look for overall FDA drug approval, not new indidcation, not supplemental approvals.

Finally, for that approval, what is its patent expiration date? Return only the date only the year YYYY format of date: YYYY.",Patent_Expire_Date_Text,style3_stepwise
,"With respect to clinical trial NCT00021255, among the constituents of the more effective therapeutic regimens, identify the specific agent that commences with the letter D.

Subsequently, for this identified agent, ascertain its FDA-granted exclusivity expiration date, contingent upon its last primary marketing approval being conferred on or before December 2024.
Note that this query is strictly limited to the overall FDA drug approval and expressly excludes new indications or supplemental approvals.
If an exclusivity date is non-existent or unavailable, respond with 'DATE: NA'. Otherwise, return the date exclusively in the MM-DD-YYYY format: date: MM-DD-YYYY.",Exclusivity_Date,style1_formal
,"For trial NCT00021255, identify the more effective regimen ingredient starting with the letter D.

For this ingredient, find its FDA exclusivity date based on its last approval up to Dec, 2024. Consider only overall FDA drug approval, not new indications or supplemental approvals.

If no exclusivity date is available, respond with 'DATE: NA'. Otherwise, return only the date in MM-DD-YYYY format of date: MM-DD-YYYY.",Exclusivity_Date,style2_concise
,"First, for clinical trial NCT00021255, among the more effective regimen ingredients, identify which ingredient starts with the letter D.

Then, for this identified ingredient, find its exclusivity date according to the FDA. This date should correspond to its last overall drug approval (not a new indication or supplemental approval) up until Dec, 2024.

Finally, if no exclusivity date exists or if it's not available, respond with 'DATE: NA'. Otherwise, return only the date in MM-DD-YYYY format of date: MM-DD-YYYY.",Exclusivity_Date,style3_stepwise
,"In reference to clinical trial NCT00718549, from the constituent agents of the efficacious therapeutic regimens, identify the agent whose name commences with the letter C.

Subsequently, for this identified agent, determine its FDA-conferred marketing exclusivity expiration date, corresponding to its most recent primary approval issued on or before Dec, 2024.
Note that the query is restricted to the primary, overall FDA drug approval and expressly excludes approvals for new indications or supplemental applications.
Should such an exclusivity date be non-existent or unavailable, respond with 'DATE: NA'. Otherwise, return the date solely in the MM-DD-YYYY format, as 'date: MM-DD-YYYY'.",Exclusivity_Date,style1_formal
,"In clinical trial NCT00718549's more effective regimen, which ingredient starts with C?

For this ingredient, what is its FDA exclusivity date based on its last overall approval by Dec, 2024?
Note: Find only the overall FDA drug approval, not new indidcation or supplemental approvals.
If the date is unavailable, return 'DATE: NA'. Otherwise, return the date as date: MM-DD-YYYY.",Exclusivity_Date,style2_concise
,"First, for clinical trial NCT00718549, among the more effective regimen ingredients, identify which ingredient starts with the letter C.

Then, for this identified ingredient, find its exclusivity date according to the FDA, based on its last approval up till Dec, 2024.
Note that we are only look for overall FDA drug approval, not new indidcation, not supplemental approvals.

Finally, if no exclusivity date exists or if it's not available, respond with 'DATE: NA'. Otherwise, return only the date in MM-DD-YYYY format of date: MM-DD-YYYY.",Exclusivity_Date,style3_stepwise
,"In the context of clinical trial NCT03800134, from the constituents of the more efficacious regimen, identify the specific component whose name commences with the letter P.

Subsequently, for this identified component, with its final overall FDA approval granted on or before Dec, 2024, ascertain its FDA-designated exclusivity date.
Note that this inquiry is restricted to the overall FDA drug approval, thereby excluding new indications or supplemental approvals.
If an exclusivity date does not exist or is unavailable, respond with 'DATE: NA'. Otherwise, return only the date in the MM-DD-YYYY format of date: MM-DD-YYYY.",Exclusivity_Date,style1_formal
,"For clinical trial NCT03800134, what ingredient in the more effective regimen starts with P?

For this ingredient, find the FDA exclusivity date for its last overall drug approval by Dec, 2024.
Consider only overall drug approval, not new indications or supplemental approvals.
If the date is unavailable, return 'DATE: NA'. Otherwise, return the date as DATE: MM-DD-YYYY.",Exclusivity_Date,style2_concise
,"First, for clinical trial NCT03800134 among the more effective regimen ingredients, identify which ingredient starts with the letter P.

Then, for this identified ingredient that was last approved up till Dec, 2024, find its exclusivity date according to the FDA.
Note that we are only look for overall FDA drug approval, not new indidcation, not supplemental approvals.

Finally, if no exclusivity date exists or if it's not available, respond with 'DATE: NA'. Otherwise, return only the date in MM-DD-YYYY format of date: MM-DD-YYYY.",Exclusivity_Date,style3_stepwise
IPSEN BIOPHARMACEUTICALS INC,"For clinical trial NCT00079274, among the constituent agents of the more efficacious regimen, identify the agent whose name commences with the letter 'I'.

Subsequently, for this identified agent, determine the company that holds the latest FDA approval with a date up till Dec, 2024. Note that this inquiry is restricted to an overall FDA drug approval, and excludes new indications or supplemental approvals.
The output should present only the company name in the format of COMPANY: name.",Applicant_Full_Name,style1_formal
IPSEN BIOPHARMACEUTICALS INC,"For clinical trial NCT00079274, identify the more effective regimen ingredient starting with the letter I.

Then, find the company with the latest overall FDA drug approval for this ingredient by Dec, 2024. Exclude new indications and supplemental approvals.
Return only the company name in the format: COMPANY: name.",Applicant_Full_Name,style2_concise
IPSEN BIOPHARMACEUTICALS INC,"First, for clinical trial NCT00079274, identify which ingredient among the more effective regimens starts with the letter I. Then, for this identified ingredient, find the company with the latest overall FDA drug approval up to Dec, 2024. Remember, only consider overall FDA drug approvals, not new indications or supplemental approvals. Finally, return only the company name in the format of COMPANY: name.",Applicant_Full_Name,style3_stepwise
IRINOTECAN HYDROCHLORIDE,"For clinical trial NCT00720512: among the ingredients comprising the more efficacious regimens, identify the component commencing with the letter 'I'; return only the name of the ingredient, or 'UNKNOWN', in all capital letters, using the format INGREDIENT: name",Ingredient,style1_formal
IRINOTECAN HYDROCHLORIDE,"For clinical trial NCT00720512, find the ingredient starting with I in the more effective regimen. Return only the name or UNKNOWN in all caps in the format INGREDIENT: name.",Ingredient,style2_concise
IRINOTECAN HYDROCHLORIDE,"First, for the clinical trial NCT00720512, identify the ingredients from the more effective regimen. Then, from those ingredients, find the one whose name starts with the letter 'I'. Finally, return only the name of that ingredient. If no such ingredient is found, return 'unknown'. The output must be in all CAPS and follow the format: INGREDIENT: name",Ingredient,style3_stepwise
DOCETAXEL,"Regarding clinical trial NCT01038661: From the constituent components of the more efficacious treatment regimens, identify the ingredient whose name commences with the letter 'D'. The response must be restricted to the name of the ingredient, or 'UNKNOWN', presented in all uppercase letters and adhering to the specified format: INGREDIENT: name.",Ingredient,style1_formal
DOCETAXEL,"For clinical trial NCT01038661, find the ingredient starting with D from the more effective regimen and return only the name of the ingredient or unknown in all CAPS in the format of INGREDIENT: name",Ingredient,style2_concise
DOCETAXEL,"First, for clinical trial NCT01038661, find the ingredients listed under the more effective regimen. Then, from that list of ingredients, identify the one whose name starts with the letter D. Finally, return only the name of the ingredient or unknown in all CAPS in the format of INGREDIENT: name",Ingredient,style3_stepwise
99.87999725341797,"Pertaining to clinical trial NCT02672527, analyze the constituents of the more effective therapeutic regimen and identify the active ingredient whose name commences with the letter 'T'.

Subsequently, determine the pharmaceutical company that received the most recent primary Food and Drug Administration (FDA) approval for this identified ingredient as of December 2024.
Note that this inquiry is restricted to original New Drug Application (NDA) or Biologics License Application (BLA) approvals, expressly excluding new indications and supplemental approvals.

If this company is listed on any U.S. stock exchange (including over-the-counter markets), provide:
1. The stock ticker symbol
2. The opening stock price on the date of FDA approval

If the company is not listed on a U.S. stock exchange, please indicate ""NOT LISTED"".",Open_on_Approval,style1_formal
99.87999725341797,"For clinical trial NCT02672527, identify the ingredient in the more effective regimen that starts with the letter T.

Which company received the most recent FDA approval for this ingredient by December 2024?
Approval must be for a new drug, not a new indication or supplemental approval.

If this company is listed on a US stock market (including over-the-counter markets), provide:
1. The stock ticker symbol
2. The opening stock price on the FDA approval date

If the company is not listed on a US stock market, state ""NOT LISTED"".",Open_on_Approval,style2_concise
99.87999725341797,"First, for clinical trial NCT02672527, review the more effective regimen ingredients and identify which ingredient starts with the letter T.

Then, determine which pharmaceutical company received the most recent FDA approval (up until December 2024) for this identified ingredient.
Note that we are only look for overall FDA drug approval, not new indidcation, not supplemental approvals.

Finally, if this company is listed on any US stock market (including over-the-counter markets), provide:
1. The stock ticker symbol
2. The opening stock price on the FDA approval date

If the company is not listed on any US stock market, please indicate ""NOT LISTED"".",Open_on_Approval,style3_stepwise
"Apr 27, 2027","First, concerning clinical trial NCT00238238, identify the constituent of the more efficacious regimen that commences with the letter L.

Subsequently, for this identified constituent, whose most recent overall approval was granted by December, 2024, determine its patent expiration date.
Note that this inquiry is restricted to the overall U.S. Food and Drug Administration (FDA) drug approval and expressly excludes new indications or supplemental approvals.
The response format for the date must be the year only: YYYY.",Patent_Expire_Date_Text,style1_formal
"Apr 27, 2027","For clinical trial NCT00238238, what ingredient in the more effective regimen starts with L?

For this ingredient, what is the patent expiration date for its last overall FDA drug approval up to Dec, 2024?
Note: Exclude new indications and supplemental approvals.
Return the year only in YYYY format.",Patent_Expire_Date_Text,style2_concise
"Apr 27, 2027","First, for clinical trial NCT00238238, examine the more effective regimen ingredients to identify the one that starts with the letter L.

Then, for this specific ingredient, find its patent expiration date based on its last overall FDA drug approval up till Dec, 2024. Note that we are only look for overall FDA drug approval, not new indidcation, not supplemental approvals.

Finally, return only the date only the year YYYY format of date: YYYY.",Patent_Expire_Date_Text,style3_stepwise
FRESENIUS KABI USA LLC,"For clinical trial NCT00513955, among the constituent therapeutic agents of the superior efficacy regimen, identify the agent whose name commences with the letter B.

Subsequently, for the identified agent, determine which company received the most recent initial U.S. Food and Drug Administration (FDA) marketing approval granted up to Dec, 2024. This inquiry is restricted to the original drug approval and must exclude approvals for new indications or supplemental applications.
The output must be returned exclusively in the specified format: COMPANY: name.",Applicant_Full_Name,style1_formal
FRESENIUS KABI USA LLC,"For clinical trial NCT00513955, identify the ingredient from the more effective regimens that starts with the letter B.

For this ingredient, find the company with the latest overall FDA drug approval up till Dec, 2024. Do not include new indications or supplemental approvals. Return the company name in format of COMPANY: name.",Applicant_Full_Name,style2_concise
FRESENIUS KABI USA LLC,"First, for clinical trial NCT00513955 among the more effective regimen ingredients, identify which ingredient starts with the letter B.

Then, find which company has the latest FDA approval date up till Dec, 2024 for this identified ingredient. Note that we are only look for overall FDA drug approval, not new indidcation, not supplemental approvals.

Finally, return only the company name in format of COMPANY: name.",Applicant_Full_Name,style3_stepwise
Not_Listed,"Regarding clinical trial NCT00090051, analyze the constituent agents of the more efficacious regimen and identify the agent whose name commences with the letter 'C'.

Subsequently, determine the pharmaceutical company that received the most recent U.S. Food and Drug Administration (FDA) approval for this identified agent, with an approval date on or before December 2024.
Note that this inquiry is restricted to original marketing authorizations (i.e., New Drug Applications/Biologics License Applications) and excludes supplemental approvals or approvals for new indications.

If this company is publicly traded on any U.S. stock market, including over-the-counter markets, provide:
1. The stock ticker symbol
2. The opening stock price on the date of the FDA approval

If the company is not listed on any U.S. stock market, please indicate ""NOT LISTED"".",Open_on_Approval,style1_formal
Not_Listed,"For clinical trial NCT00090051, identify the ingredient starting with C in the more effective regimen.

Then, find the company with the most recent original FDA drug approval for this ingredient by December 2024. Exclude new indications and supplemental approvals.

If this company is listed on a US stock market (including over-the-counter markets), provide:
1. The stock ticker symbol
2. The opening stock price on the FDA approval date

If the company is not listed on a US stock market, state ""NOT LISTED"".",Open_on_Approval,style2_concise
Not_Listed,"First, for clinical trial NCT00090051, review the ingredients of the more effective regimen and identify which one starts with the letter C.

Then, determine which pharmaceutical company received the most recent FDA approval (up until December 2024) for this identified ingredient.
Note that we are only looking for overall FDA drug approval, not new indication, not supplemental approvals.

Finally, if this company is listed on any US stock market (including over-the-counter markets), provide:
1. The stock ticker symbol
2. The opening stock price on the FDA approval date

If the company is not listed on any US stock market, please indicate ""NOT LISTED"".",Open_on_Approval,style3_stepwise
,"Regarding clinical trial NCT01469000, from the efficacious components of the therapeutic regimen, identify the active ingredient commencing with the letter 'P'.

Subsequently, for this identified ingredient, assuming its most recent Food and Drug Administration (FDA) approval occurred on or before Dec, 2024, ascertain its designated exclusivity date.
Note that this inquiry pertains exclusively to the overall FDA drug approval, not new indications or supplemental approvals.
If an exclusivity date does not exist or is unavailable, respond with 'DATE: NA'. Otherwise, return the date solely in the MM-DD-YYYY format, structured as: date: MM-DD-YYYY.",Exclusivity_Date,style1_formal
,"For trial NCT01469000, which effective regimen ingredient starts with the letter P?

For this ingredient, what is its FDA exclusivity date, based on its last approval by Dec, 2024?
Note: Consider only overall FDA drug approval, not new indications or supplemental approvals.
If the date is unavailable, respond with 'DATE: NA'. Otherwise, return the date in MM-DD-YYYY format: date: MM-DD-YYYY.",Exclusivity_Date,style2_concise
,"First, from clinical trial NCT01469000 and within the more effective regimen ingredients, identify the ingredient that starts with the letter P.

Then, for this specific ingredient, find its last overall FDA drug approval on or before Dec, 2024. Note that we are only looking for overall FDA drug approval, not new indications or supplemental approvals.

Finally, retrieve the FDA exclusivity date associated with that approval. If an exclusivity date is available, provide it in the format: DATE: MM-DD-YYYY. If no exclusivity date exists or it is not available, respond with 'DATE: NA'.",Exclusivity_Date,style3_stepwise
MIDOSTAURIN,"Pertaining to clinical trial NCT00651261: From the constituents of the more efficacious regimen, identify the ingredient whose name commences with the letter 'M' and return only the name of the ingredient, or 'UNKNOWN', in all uppercase, according to the format: INGREDIENT: name",Ingredient,style1_formal
MIDOSTAURIN,"For clinical trial NCT00651261. From the more effective regimen, find the ingredient starting with 'M'. Return only the ingredient name or UNKNOWN in all CAPS in the format of INGREDIENT: name.",Ingredient,style2_concise
MIDOSTAURIN,"First, for clinical trial NCT00651261, identify the ingredients in the more effective regimen. Then, from those ingredients, find the one whose name starts with the letter M. Finally, return only the name of that ingredient, or unknown if none is found, in all CAPS using the format INGREDIENT: name.",Ingredient,style3_stepwise
"May 31, 2026","Initially, for clinical trial NCT00718549, among the constituents of the more efficacious regimen, identify the constituent whose name commences with the letter C.

Subsequently, for this identified constituent, which received its latest overall FDA drug approval on or prior to Dec, 2024, determine its patent expiration date.
Note that the inquiry is exclusively concerned with overall FDA drug approval, and excludes new indications and supplemental approvals.
Return only the year in the specified format: YYYY.",Patent_Expire_Date_Text,style1_formal
"May 31, 2026","In clinical trial NCT00718549's more effective regimen, which ingredient starts with C?

For this ingredient, what is the patent expiration date for its last approval up to Dec 2024?
Note: Consider only overall FDA drug approval, not new indications or supplemental approvals.
Return only the year in YYYY format.",Patent_Expire_Date_Text,style2_concise
"May 31, 2026","First, search within clinical trial NCT00718549 for the ingredients of the more effective regimen, and identify the specific ingredient that starts with the letter C.

Then, for the ingredient you just identified, find its last overall FDA drug approval that occurred on or before Dec, 2024. Note that we are only looking for overall FDA drug approval, not new indications or supplemental approvals.

Finally, for that approved drug, find its patent expiration date and provide only the year in YYYY format.",Patent_Expire_Date_Text,style3_stepwise
"May 15, 2026","With respect to clinical trial NCT02950051, identify the active pharmaceutical ingredient within the more effective regimen whose designation commences with the letter 'V'.

Subsequently, for this identified ingredient, determine the U.S. Food and Drug Administration (FDA) exclusivity expiration date associated with its most recent approval on or before December 2024.
It is to be noted that this query is restricted to the initial overall FDA drug approval and explicitly excludes new indications or supplemental approvals.
Should an exclusivity date be non-existent or unavailable, the required response is 'DATE: NA'. Otherwise, return only the date in MM-DD-YYYY format of date: MM-DD-YYYY.",Exclusivity_Date,style1_formal
"May 15, 2026","In clinical trial NCT02950051, which effective regimen ingredient starts with the letter V?

For this ingredient, what is its FDA exclusivity date from its last initial drug approval before Dec, 2024?
Note: Consider only initial FDA drug approvals, excluding new indications and supplemental approvals.
If the date is unavailable, respond with 'DATE: NA'. Otherwise, return the date in the format: date: MM-DD-YYYY.",Exclusivity_Date,style2_concise
"May 15, 2026","First, for clinical trial NCT02950051, examine the ingredients of the more effective regimen and identify the one that starts with the letter V.

Then, for this identified ingredient, find its last overall FDA drug approval that occurred up till Dec, 2024. Note that we are only looking for overall FDA drug approval, not new indications or supplemental approvals.

Finally, retrieve the FDA exclusivity date corresponding to this approval. If no exclusivity date exists or if it's not available, respond with 'DATE: NA'. Otherwise, return only the date in the format date: MM-DD-YYYY.",Exclusivity_Date,style3_stepwise
"Jul 1, 2033","Pertaining to clinical trial NCT00416507, identify the constituent of the more efficacious regimen whose designation commences with the letter G.

Subsequently, for this identified constituent, determine the date of its patent expiration, given that its most recent approval was granted on or before Dec, 2024.
Note that the query is specific to the primary FDA drug approval and expressly excludes new indications or supplemental approvals.
Return exclusively the year component of the date in the format of date: YYYY.",Patent_Expire_Date_Text,style1_formal
"Jul 1, 2033","For clinical trial NCT00416507, which effective regimen ingredient starts with the letter G?

For this ingredient, what is its patent expiration date, based on its last approval by Dec, 2024?
Note: Use overall FDA drug approval only, not new indications or supplemental approvals.
Return the year only in YYYY format.",Patent_Expire_Date_Text,style2_concise
"Jul 1, 2033","First, for clinical trial NCT00416507, examine the ingredients of the more effective regimen and identify which ingredient starts with the letter G.

Then, for this identified ingredient, find its last approval date up till Dec, 2024.
Note that we are only looking for overall FDA drug approval, not new indication, not supplemental approvals.

Finally, based on that approval, find the patent expiration date. Return only the year in YYYY format.",Patent_Expire_Date_Text,style3_stepwise
21.139999389648438,"For clinical trial NCT01667419, evaluate the components of the more efficacious regimen and identify the constituent agent whose name commences with the letter V.

Subsequently, determine the pharmaceutical company that received the most recent U.S. Food and Drug Administration (FDA) approval for this identified agent through December 2024.
Note that this query is specific to an overall FDA drug approval and excludes new indications or supplemental approvals.

If this company is listed on any US stock market (including over-the-counter markets), provide:
1. The stock ticker symbol
2. The opening stock price on the FDA approval date

If the company is not listed on any US stock market, indicate ""NOT LISTED"".",Open_on_Approval,style1_formal
21.139999389648438,"For clinical trial NCT01667419, identify the ingredient in the more effective regimen starting with the letter V.

Then, identify the pharmaceutical company with the most recent FDA approval for this ingredient through December 2024.
Note: Consider only initial FDA drug approvals, not new indications or supplemental approvals.

If this company is listed on any US stock market (including over-the-counter markets), provide:
1. The stock ticker symbol
2. The opening stock price on the FDA approval date

If the company is not listed on any US stock market, indicate ""NOT LISTED"".",Open_on_Approval,style2_concise
21.139999389648438,"First, for clinical trial NCT01667419, review the more effective regimen ingredients and identify which ingredient starts with the letter V.

Then, determine which pharmaceutical company received the most recent overall FDA drug approval for this identified ingredient, up until December 2024.
Note that we are only looking for overall FDA drug approval, not new indications or supplemental approvals.

Finally, if this company is listed on any US stock market (including over-the-counter markets), provide:
1. The stock ticker symbol
2. The opening stock price on the FDA approval date

If the company is not listed on any US stock market, please indicate ""NOT LISTED"".",Open_on_Approval,style3_stepwise
Not_Listed,"Regarding clinical trial NCT01998503, examine the constituent components of the superior therapeutic regimen and identify the active pharmaceutical ingredient whose nomenclature commences with the letter 'B'.

Subsequently, ascertain the pharmaceutical entity that obtained the most recent U.S. Food and Drug Administration (FDA) approval for this identified ingredient, for the period ending December 2024.
It is to be noted that this inquiry is restricted to initial New Drug Application (NDA) or Biologics License Application (BLA) approvals and expressly excludes supplemental approvals or new indications.

Should this entity be publicly traded on a U.S. stock exchange (inclusive of over-the-counter markets), provide the following:
1. The stock ticker symbol
2. The opening share price on the date of the FDA approval

If the company is not publicly traded, please indicate ""NOT LISTED"".",Open_on_Approval,style1_formal
Not_Listed,"For clinical trial NCT01998503, identify the ingredient starting with B in the more effective regimen.

Then, identify the company with the most recent overall FDA drug approval for this ingredient by December 2024. This excludes new indications and supplemental approvals.

If this company is listed on a US stock market (including over-the-counter markets), provide:
1. Stock ticker symbol
2. Opening stock price on the FDA approval date

If the company is not listed on any US stock market, state ""NOT LISTED"".",Open_on_Approval,style2_concise
Not_Listed,"First, for clinical trial NCT01998503, review the ingredients of the more effective regimen and identify the one that starts with the letter B.

Then, determine which pharmaceutical company received the most recent FDA approval (up until December 2024) for this identified ingredient.
Note that we are only looking for overall FDA drug approval, not new indications or supplemental approvals.

Finally, if this company is listed on any US stock market (including over-the-counter markets), provide:
1. The stock ticker symbol
2. The opening stock price on the FDA approval date

If the company is not listed on any US stock market, please indicate ""NOT LISTED"".",Open_on_Approval,style3_stepwise
"Dec 3, 2031","Pertaining to clinical trial NCT01776840, identify the constituent of the superior therapeutic regimen whose name commences with the letter 'I'.

Subsequently, for this identified constituent, which received its most recent approval on or before Dec, 2024, determine its patent expiration date.
Note that this query pertains exclusively to the overall FDA drug approval and excludes new indications or supplemental approvals.
Return only the year of the date in the format: YYYY.",Patent_Expire_Date_Text,style1_formal
"Dec 3, 2031","In clinical trial NCT01776840, which ingredient in the more effective regimen starts with the letter I?

For this ingredient, what is the patent expiration date of its last approval up to Dec, 2024?
Note: Consider only overall FDA drug approval, not new indications or supplemental approvals.
Return only the year in YYYY format.",Patent_Expire_Date_Text,style2_concise
"Dec 3, 2031","First, for clinical trial NCT01776840, examine the more effective regimen ingredients and identify the one that starts with the letter I.

Then, for this identified ingredient, find its last overall FDA drug approval granted up till Dec, 2024.

Finally, using the information from the previous steps, determine the patent expiration date.
Note that we are only look for overall FDA drug approval, not new indidcation, not supplemental approvals.
Return only the date only the year YYYY format of date: YYYY.",Patent_Expire_Date_Text,style3_stepwise
"Dec 18, 2037","Initially, for clinical trial NCT00256776, identify the constituent component of the superior therapeutic regimen whose name commences with the letter D.

Subsequently, for this identified component, whose most recent approval occurred no later than December 2024, ascertain its patent expiration date.
Note that this inquiry is restricted to the primary U.S. Food and Drug Administration (FDA) drug approval, excluding new indications or supplemental approvals.
Return only the date only the year YYYY format of date: YYYY.",Patent_Expire_Date_Text,style1_formal
"Dec 18, 2037","In trial NCT00256776's more effective regimen, identify the ingredient starting with 'D'.

Find the patent expiration date for this ingredient, last approved by Dec, 2024.
Note: Consider only overall FDA drug approval, not new indications or supplemental approvals.
Return only the year in YYYY format.",Patent_Expire_Date_Text,style2_concise
"Dec 18, 2037","First, for clinical trial NCT00256776 among the more effective regimen ingredients, identify which ingredient starts with the letter D.

Then, for this identified ingredient that was last approved up till Dec, 2024, when is its patent expiration date? Note that we are only look for overall FDA drug approval, not new indidcation, not supplemental approvals.

Finally, return only the date only the year YYYY format of date: YYYY.",Patent_Expire_Date_Text,style3_stepwise
PACLITAXEL,,Ingredient,style1_formal
PACLITAXEL,"For clinical trial NCT00064077, find the ingredient starting with P from the more effective regimen ingredients. Return only the name of the ingredient or UNKNOWN in all CAPS in the format of INGREDIENT: name",Ingredient,style2_concise
PACLITAXEL,"First, for clinical trial NCT00064077. Then, among the more effective regimen ingredients; find which is the ingredient with the first letter start with P. Finally, return only the name of the ingredient or unknown in all CAPS in the format of INGREDIENT: name",Ingredient,style3_stepwise
"Jul 1, 2033","First, concerning clinical trial NCT00262769, among the therapeutic agents comprising the more efficacious regimens, identify the agent whose name commences with the letter 'G'.

Then, for this identified agent, what is its patent expiration date, given that its most recent approval was granted on or before December 2024?
Note that the query pertains exclusively to the overall FDA drug approval, not new indications or supplemental approvals.
Return the date only in the year format: YYYY.",Patent_Expire_Date_Text,style1_formal
"Jul 1, 2033","For clinical trial NCT00262769, identify the ingredient in the more effective regimen starting with the letter G.

For this ingredient, find its patent expiration date based on its last approval by Dec, 2024.
Note: Consider only overall FDA drug approval, not new indications or supplemental approvals.
Return only the year in YYYY format.",Patent_Expire_Date_Text,style2_concise
"Jul 1, 2033","First, for clinical trial NCT00262769, identify which ingredient among the more effective regimen ingredients starts with the letter G.

Then, for this identified ingredient that was last approved up till Dec, 2024, when is its patent expiration date? Note that we are only look for overall FDA drug approval, not new indidcation, not supplemental approvals.

Finally, return only the date only the year YYYY format of date: YYYY.",Patent_Expire_Date_Text,style3_stepwise
SHILPA MEDICARE LTD,"Within the context of clinical trial NCT04988295, from the efficacious regimen components, identify the specific therapeutic agent whose name commences with the letter 'P'.

Subsequently, determine the company holding the most recent original U.S. Food and Drug Administration (FDA) approval for this identified agent as of December 2024. It should be noted that this inquiry is strictly limited to original drug approvals, explicitly excluding new indications and supplemental approvals.
The output should consist solely of the company name, presented in the format: COMPANY: name.",Applicant_Full_Name,style1_formal
SHILPA MEDICARE LTD,"In clinical trial NCT04988295, identify the effective regimen ingredient starting with the letter P.

Then, for this ingredient, find the company with the latest overall FDA drug approval by Dec, 2024. Consider only overall FDA drug approval, not new indidcation or supplemental approvals.
Return only the company name in format of COMPANY: name.",Applicant_Full_Name,style2_concise
SHILPA MEDICARE LTD,"First, for clinical trial NCT04988295, examine the more effective regimen ingredients to identify which ingredient starts with the letter P.

Then, using this specific ingredient, find the company that holds the latest overall FDA drug approval date up till Dec, 2024. Note that we are only looking for overall FDA drug approval, not new indications or supplemental approvals.

Finally, return only the company name in the format of COMPANY: name.",Applicant_Full_Name,style3_stepwise
DOCETAXEL,"For clinical trial NCT03150875: Of the ingredients comprising the most efficacious regimens, identify the one whose name commences with the letter 'D'; return only the name of the ingredient or unknown in all CAPS in the format of INGREDIENT: name",Ingredient,style1_formal
DOCETAXEL,"For trial NCT03150875, from the more effective regimen, find the ingredient starting with D. Return only the name or UNKNOWN in all CAPS in the format INGREDIENT: name.",Ingredient,style2_concise
DOCETAXEL,"First, for clinical trial NCT03150875, identify the ingredients from the more effective regimen. Then, from that list, find the ingredient with the first letter starting with D. Finally, return only the name of the ingredient, or 'unknown' if none is found, in all CAPS using the format INGREDIENT: name",Ingredient,style3_stepwise
Not_Listed,"In reference to clinical trial NCT01282463, examine the constituent components of the regimen demonstrating superior efficacy and identify the component whose name commences with the letter D.

Subsequently, ascertain the pharmaceutical entity that obtained the most recent U.S. Food and Drug Administration (FDA) approval for the aforementioned component, for the period ending December 2024.
Please note: this inquiry is restricted to initial New Drug Application (NDA) or Biologics License Application (BLA) approvals and expressly excludes supplemental approvals, such as those for new indications.

In the event that this entity is publicly traded on a United States-based stock exchange, inclusive of over-the-counter (OTC) markets, the following information is requested:
1. The stock ticker symbol
2. The opening share price on the date of the FDA approval

Should the company not be publicly traded on any U.S. market, a designation of ""NOT LISTED"" should be provided.",Open_on_Approval,style1_formal
Not_Listed,"For clinical trial NCT01282463, identify the ingredient in the more effective regimen that starts with the letter D.

Then, find the pharmaceutical company with the most recent overall FDA drug approval for this ingredient by December 2024. Exclude new indications and supplemental approvals.

If the company is listed on a US stock market (including OTC markets), provide:
1. Stock ticker symbol
2. Opening stock price on the FDA approval date

If the company is not listed on a US stock market, state ""NOT LISTED"".",Open_on_Approval,style2_concise
Not_Listed,"First, for clinical trial NCT01282463, review the more effective regimen ingredients and identify which ingredient starts with the letter D.

Then, for this identified ingredient, determine which pharmaceutical company received the most recent FDA approval (up until December 2024).
Note that we are only look for overall FDA drug approval, not new indidcation, not supplemental approvals.

Finally, if this company is listed on any US stock market (including over-the-counter markets), provide:
1. The stock ticker symbol
2. The opening stock price on the FDA approval date

If the company is not listed on any US stock market, please indicate ""NOT LISTED"".",Open_on_Approval,style3_stepwise
TRABECTEDIN,"For clinical trial NCT02672527. Among the components of the more efficacious regimen; identify the component whose name begins with the letter T and return only the name of said component, or 'unknown', in all CAPS in the format of INGREDIENT: name",Ingredient,style1_formal
TRABECTEDIN,"For clinical trial NCT02672527, find the ingredient from the more effective regimen that starts with 'T'; return the name or UNKNOWN in all CAPS in the format INGREDIENT: name.",Ingredient,style2_concise
TRABECTEDIN,"First, for clinical trial NCT02672527, identify the ingredients from the more effective regimen. Then, from that list of ingredients, find the one whose name starts with the letter T. Finally, return only the name of the ingredient in all CAPS, or return unknown if none is found, using the format INGREDIENT: name",Ingredient,style3_stepwise
"Apr 27, 2027","Regarding clinical trial NCT01197560, from the active pharmaceutical ingredients comprising the more efficacious regimen, identify the component whose name commences with the letter L.

Subsequently, for this identified ingredient, which received its most recent approval on or before Dec, 2024, please ascertain its patent expiration date.
Note that the scope of this inquiry is restricted to the overall FDA drug approval, and explicitly excludes new indications or supplemental approvals.
Return the date exclusively in the year format: YYYY.",Patent_Expire_Date_Text,style1_formal
"Apr 27, 2027","In clinical trial NCT01197560, which effective regimen ingredient starts with the letter L?

For that ingredient, what is the patent expiration date for its last overall FDA drug approval before Dec, 2024?
Note: Consider only overall FDA drug approvals, not new indications or supplemental approvals.
Return only the year in YYYY format.",Patent_Expire_Date_Text,style2_concise
"Apr 27, 2027","First, for clinical trial NCT01197560, identify which ingredient among the more effective regimen ingredients starts with the letter L.

Then, for this identified ingredient that was last approved up till Dec, 2024, find its patent expiration date.
Note that we are only look for overall FDA drug approval, not new indidcation, not supplemental approvals.

Finally, return only the date only the year YYYY format of date: YYYY.",Patent_Expire_Date_Text,style3_stepwise
DOCETAXEL,"For clinical trial NCT00003782, from the constituents of the more efficacious regimens, identify the constituent whose name commences with the letter 'D' and provide only the name of the constituent, or 'UNKNOWN', in uppercase, formatted as INGREDIENT: name.",Ingredient,style1_formal
DOCETAXEL,"For clinical trial NCT00003782, among the more effective regimen ingredients, find the ingredient starting with D and return the name or unknown in all CAPS in the format INGREDIENT: name.",Ingredient,style2_concise
DOCETAXEL,"First, for clinical trial NCT00003782, find the list of more effective regimen ingredients. Then, from that list, find the ingredient that starts with the letter D. Finally, return only the name of the ingredient or unknown in all CAPS in the format of INGREDIENT: name",Ingredient,style3_stepwise
DEXCEL PHARMA TECHNOLOGIES LTD,"Pertaining to clinical trial NCT00033332, among the constituent agents of the more effective regimen, identify the agent whose name commences with the letter 'D'.

Subsequently, for the identified agent, determine the company possessing the latest overall FDA drug approval granted on or before Dec, 2024. This inquiry is strictly limited to the initial drug approval, thereby excluding new indications or supplemental approvals.
Return only the company name in format of COMPANY: name.",Applicant_Full_Name,style1_formal
DEXCEL PHARMA TECHNOLOGIES LTD,"For clinical trial NCT00033332, identify the ingredient in the more effective regimen that starts with D.

Then, for this ingredient, find the company with the latest overall FDA drug approval by Dec, 2024. Exclude new indications and supplemental approvals.
Return only the company name in the format COMPANY: name.",Applicant_Full_Name,style2_concise
DEXCEL PHARMA TECHNOLOGIES LTD,"First, for clinical trial NCT00033332, among the more effective regimen ingredients, identify which ingredient starts with the letter D.

Then, for this identified ingredient, find which company has the latest overall FDA drug approval date up till Dec, 2024. Note that we are only look for overall FDA drug approval, not new indidcation, not supplemental approvals.

Finally, return only the company name in format of COMPANY: name.",Applicant_Full_Name,style3_stepwise
46.72999954223633,"For clinical trial NCT01718379, analyze the constituent agents of the more efficacious regimen and identify the agent whose name commences with the letter L.

Then, determine the pharmaceutical company that received the most recent U.S. Food and Drug Administration (FDA) approval for this identified agent, with a data cutoff of December 2024.
Note that this inquiry is restricted to initial New Drug Application (NDA) or Biologics License Application (BLA) approvals, and excludes supplemental approvals or new indications.

If this company is listed on any U.S. stock exchange, including over-the-counter (OTC) markets, provide:
1. Its stock ticker symbol
2. The opening stock price on the date of the FDA approval

If the company is not listed on a U.S. stock exchange, please indicate ""NOT LISTED"".",Open_on_Approval,style1_formal
46.72999954223633,"For clinical trial NCT01718379, identify the ingredient starting with 'L' in the more effective regimen.

Then, determine the pharmaceutical company with the most recent new drug FDA approval for this ingredient by December 2024. Exclude new indications and supplemental approvals.

If this company is listed on any US stock market (including over-the-counter markets), provide:
1. The stock ticker symbol
2. The opening stock price on the FDA approval date

If the company is not listed on any US stock market, state ""NOT LISTED"".",Open_on_Approval,style2_concise
46.72999954223633,"First, for clinical trial NCT01718379, review the more effective regimen ingredients and identify which ingredient starts with the letter L.

Then, for this identified ingredient, determine which pharmaceutical company received the most recent FDA approval up until December 2024.
Note that we are only looking for overall FDA drug approval, not new indications, not supplemental approvals.

Finally, if this company is listed on any US stock market (including over-the-counter markets), provide:
1. The stock ticker symbol
2. The opening stock price on the FDA approval date

If the company is not listed on any US stock market, please indicate ""NOT LISTED"".",Open_on_Approval,style3_stepwise
"May 16, 2036","First, for clinical trial NCT00376792, among the constituents of the more efficacious regimen, identify the one commencing with the letter 'D'.

Then, for this identified constituent, last approved on or before Dec, 2024, determine its patent expiration date.
Note that the inquiry is limited to overall FDA drug approval, and excludes new indications or supplemental approvals.
Return the year exclusively, in the YYYY format of date: YYYY.",Patent_Expire_Date_Text,style1_formal
"May 16, 2036","For clinical trial NCT00376792, what effective regimen ingredient starts with the letter D?

For this ingredient, what is its patent expiration date if last approved by Dec, 2024?
Note: Use only overall FDA drug approval, not new indications or supplemental approvals.
Return the year only in YYYY format.",Patent_Expire_Date_Text,style2_concise
"May 16, 2036","First, search within clinical trial NCT00376792 for the more effective regimen ingredients. From this list, identify the specific ingredient whose name starts with the letter D.

Then, for the ingredient identified in the previous step, find its last overall FDA drug approval on or before Dec, 2024. Note that we are only looking for overall FDA drug approval, not new indications or supplemental approvals. For this approval, what is its patent expiration date?

Finally, return only the year of that patent expiration date in a YYYY format.",Patent_Expire_Date_Text,style3_stepwise
46.72999954223633,"Regarding clinical trial NCT01197560, examine the components of the more efficacious regimen and identify the constituent whose name commences with the letter L.

Subsequently, ascertain the pharmaceutical company that received the most recent U.S. Food and Drug Administration (FDA) approval for this identified constituent, through December 2024.
This inquiry is specific to original drug approvals and explicitly excludes new indications or supplemental approvals.

Should this company be listed on any United States stock market (inclusive of over-the-counter markets), provide:
1. The stock ticker symbol
2. The opening stock price on the date of the FDA approval

If the company is not listed on any United States stock market, please indicate ""NOT LISTED"".",Open_on_Approval,style1_formal
46.72999954223633,"For clinical trial NCT01197560, identify the ingredient in the more effective regimen starting with the letter L.

Then, find the company with the most recent original FDA drug approval for this ingredient by December 2024. This excludes new indications and supplemental approvals.

If this company is listed on a US stock market (including over-the-counter markets), provide:
1. The stock ticker symbol
2. The opening stock price on the FDA approval date

If the company is not listed, state ""NOT LISTED"".",Open_on_Approval,style2_concise
46.72999954223633,"First, for clinical trial NCT01197560, review the more effective regimen ingredients and identify which ingredient starts with the letter L.

Then, determine which pharmaceutical company received the most recent FDA approval (up until December 2024) for this identified ingredient.
Note that we are only look for overall FDA drug approval, not new indidcation, not supplemental approvals.

Finally, if this company is listed on any US stock market (including over-the-counter markets), provide:
1. The stock ticker symbol
2. The opening stock price on the FDA approval date

If the company is not listed on any US stock market, please indicate ""NOT LISTED"".",Open_on_Approval,style3_stepwise
,"Regarding clinical trial NCT01998503, identify the constituent agent of the more efficacious regimen whose nomenclature commences with the letter B.

Subsequently, for this identified agent, ascertain the FDA-designated exclusivity expiration date associated with its most recent overall drug approval granted on or prior to December 2024.
Note: This inquiry is restricted to the primary overall FDA drug approval, excluding new indications and supplemental approvals.
If no exclusivity date exists or is available, the required response is 'DATE: NA'.
Otherwise, the date must be provided exclusively in the format: date: MM-DD-YYYY.",Exclusivity_Date,style1_formal
,"In clinical trial NCT01998503, which effective regimen ingredient starts with the letter B?

For this ingredient, what is its FDA exclusivity date from its last approval by Dec, 2024?

Consider only overall FDA drug approval, not new indications or supplemental approvals.

If no date exists, return 'DATE: NA'. Otherwise, return the date as: date: MM-DD-YYYY.",Exclusivity_Date,style2_concise
,"First, for clinical trial NCT01998503, identify which ingredient among the more effective regimen ingredients starts with the letter B.

Then, for this identified ingredient, find its last overall FDA drug approval up till Dec, 2024 and determine its exclusivity date according to the FDA.
Note that we are only looking for overall FDA drug approval, not new indication, not supplemental approvals.

Finally, provide the result. If no exclusivity date exists or if it's not available, respond with 'DATE: NA'. Otherwise, return only the date in MM-DD-YYYY format of date: MM-DD-YYYY.",Exclusivity_Date,style3_stepwise
BORTEZOMIB,"For clinical trial NCT01998503: Among the constituent ingredients of the more effective regimens, identify the ingredient whose name commences with the letter B. Return only the name of the ingredient, or 'unknown', in all capital letters, formatted as: INGREDIENT: name",Ingredient,style1_formal
BORTEZOMIB,"For clinical trial NCT01998503, find the ingredient from the more effective regimen that starts with B. Return only the ingredient name or UNKNOWN in all CAPS in the format INGREDIENT: name.",Ingredient,style2_concise
BORTEZOMIB,"First, for clinical trial NCT01998503, identify the ingredients belonging to the more effective regimen. Then, from those ingredients, find the one whose name starts with the letter B. Finally, return only the name of that ingredient, or unknown if none is found, in all CAPS and in the format of INGREDIENT: name.",Ingredient,style3_stepwise
,"With respect to clinical trial NCT00376792, among the constituent components of the more efficacious therapeutic regimens, identify the component whose name commences with the letter 'D'.

Subsequently, for this identified component, provided its most recent overall drug approval by the U.S. Food and Drug Administration (FDA) was granted on or before December 2024, ascertain its regulatory exclusivity expiration date.
The scope of this inquiry is limited to the overall FDA drug approval; new indications and supplemental approvals are to be excluded.
If no such exclusivity period has been granted or if the date is not publicly available, the response should be 'DATE: NA'. Otherwise, the response must consist solely of the date, formatted as 'date: MM-DD-YYYY'.",Exclusivity_Date,style1_formal
,"In clinical trial NCT00376792, which ingredient in the more effective regimen starts with D?

For that ingredient, what is the FDA exclusivity date for its last approval by Dec, 2024?
Consider only overall FDA drug approval, not new indications or supplemental approvals.
If the date is unavailable, respond 'DATE: NA'. Otherwise, return the date in MM-DD-YYYY format: date: MM-DD-YYYY.",Exclusivity_Date,style2_concise
,"First, for clinical trial NCT00376792, among the more effective regimen ingredients, identify which ingredient starts with the letter D.

Then, for this identified ingredient, find its last overall FDA drug approval up till Dec, 2024. Note that we are only looking for overall FDA drug approval, not new indication, not supplemental approvals.

Finally, for that specific approval, determine its FDA exclusivity date. If no exclusivity date exists or if it's not available, respond with 'DATE: NA'. Otherwise, return only the date in the format: date: MM-DD-YYYY.",Exclusivity_Date,style3_stepwise
"Dec 18, 2037","Pertaining to clinical trial NCT00033332, identify the therapeutic agent within the superior efficacy regimen whose name commences with the letter D.

Subsequently, for the aforementioned agent, ascertain its patent expiration date, given that its final primary approval was granted on or before Dec, 2024.
Note: The query is specific to overall FDA drug approval and excludes new indications or supplemental approvals.
Return only the year of the date in the format: YYYY.",Patent_Expire_Date_Text,style1_formal
"Dec 18, 2037","For clinical trial NCT00033332, what ingredient in the more effective regimen starts with the letter D?

For this ingredient, what is the patent expiration date of its last overall FDA drug approval by Dec, 2024?
Note: Consider only overall FDA drug approval, not new indications or supplemental approvals.
Return the year in YYYY format.",Patent_Expire_Date_Text,style2_concise
"Dec 18, 2037","First, for clinical trial NCT00033332, from among the more effective regimen ingredients, identify the ingredient that starts with the letter D.

Then, for this identified ingredient, find its patent expiration date. This date should correspond to its last overall FDA drug approval up till Dec, 2024.
Note that we are only looking for overall FDA drug approval, not new indication, not supplemental approvals.

Finally, return only the year of the date in the following format: YYYY.",Patent_Expire_Date_Text,style3_stepwise
"May 16, 2036","Regarding clinical trial NCT00978549, identify the therapeutic agent within the specified regimen whose name commences with the letter D.

For the identified therapeutic agent, ascertain the patent expiration date, given its last approval date is no later than Dec, 2024.
Please note, the scope is restricted to the original FDA drug approval, excluding approvals for new indications or supplemental applications.
The output must exclusively provide the year in YYYY format: YYYY.",Patent_Expire_Date_Text,style1_formal
"May 16, 2036","For clinical trial NCT00978549, which ingredient in the more effective regimen starts with the letter D?

For this ingredient, last approved by Dec, 2024, what is its patent expiration date?
Note: Use only overall FDA drug approval, not new indications or supplemental approvals.
Return only the year in YYYY format.",Patent_Expire_Date_Text,style2_concise
"May 16, 2036","First, for clinical trial NCT00978549, search the more effective regimen ingredients to identify the one that starts with the letter D.

Then, for this identified ingredient, find its last overall FDA drug approval up till Dec, 2024. Note that we are only look for overall FDA drug approval, not new indidcation, not supplemental approvals.

Finally, state the patent expiration date for this approved drug. Return only the date only the year YYYY format of date: YYYY.",Patent_Expire_Date_Text,style3_stepwise
"Mar 27, 2027","For clinical trial NCT02257736, from the components of the more efficacious regimens, identify the therapeutic agent whose name commences with the letters 'AP'.

Subsequently, for this identified agent that received its most recent initial approval on or before December 2024, determine its patent expiration date.
Note: This inquiry is restricted to the initial overall drug approval by the FDA, thereby excluding approvals for new indications or supplemental applications.
The output is to be provided solely as the year of the date, in the specified format: YYYY.",Patent_Expire_Date_Text,style1_formal
"Mar 27, 2027","For clinical trial NCT02257736, find the effective regimen ingredient starting with 'AP'.

For this ingredient, find the patent expiration date of its last approval before Dec 2024.
Note: Consider only overall FDA drug approval, not new indications or supplemental approvals.
Return only the year in YYYY format.",Patent_Expire_Date_Text,style2_concise
"Mar 27, 2027","First, for clinical trial NCT02257736, among the more effective regimen ingredients, find which ingredient starts with the letters 'AP'.

Then, for this identified ingredient, find its patent expiration date based on its last overall FDA drug approval up till Dec, 2024.
Note that we are only looking for overall FDA drug approval, not new indication, not supplemental approvals.

Finally, return only the year of the patent expiration date in YYYY format.",Patent_Expire_Date_Text,style3_stepwise
OLAPARIB,For clinical trial NCT01924533. Among the constituents of the more efficacious regimen; identify the ingredient whose name commences with the letter 'O' return solely the name of the ingredient or unknown in all uppercase in the format of INGREDIENT: name,Ingredient,style1_formal
OLAPARIB,For clinical trial NCT01924533. From the more effective regimen ingredients; find the ingredient starting with O return the name or UNKNOWN in all CAPS in the format INGREDIENT: name,Ingredient,style2_concise
OLAPARIB,"First, for clinical trial NCT01924533, identify the ingredients belonging to the more effective regimen. Then, from that list, find the ingredient whose name starts with the letter O. Finally, return only the name of that ingredient in all CAPS, or unknown if not found, in the format of INGREDIENT: name.",Ingredient,style3_stepwise
20.200000762939453,"In reference to clinical trial NCT00417911, analyze the components of the more efficacious therapeutic regimen and identify the active ingredient whose name begins with the letter 'B'.

Subsequently, identify the pharmaceutical entity that obtained the most recent original U.S. Food and Drug Administration (FDA) approval for this ingredient, for the period up to December 2024.
Note that this inquiry is restricted to original New Drug Application (NDA) approvals, thereby excluding supplemental approvals or new indications.

Should this entity be listed on any U.S. stock exchange (including over-the-counter markets), provide:
1. The stock ticker symbol
2. The opening stock price on the date of FDA approval

If the company is not listed on a U.S. stock exchange, please indicate ""NOT LISTED"".",Open_on_Approval,style1_formal
20.200000762939453,"In trial NCT00417911's more effective regimen, what ingredient starts with B?

For this ingredient, identify the company with the most recent initial FDA drug approval by December 2024. Exclude supplemental approvals and new indications.

If the company is US-listed (including OTC markets), provide:
1. The stock ticker symbol
2. The opening stock price on the FDA approval date

If not US-listed, state ""NOT LISTED"".",Open_on_Approval,style2_concise
20.200000762939453,"First, for clinical trial NCT00417911, review the more effective regimen ingredients and identify which ingredient starts with the letter B.

Then, determine which pharmaceutical company received the most recent FDA approval (up until December 2024) for this identified ingredient.
Note that we are only look for overall FDA drug approval, not new indidcation, not supplemental approvals.

Finally, if this company is listed on any US stock market (including over-the-counter markets), provide:
1. The stock ticker symbol
2. The opening stock price on the FDA approval date

If the company is not listed on any US stock market, please indicate ""NOT LISTED"".",Open_on_Approval,style3_stepwise
FRESENIUS KABI USA LLC,"For clinical trial NCT01478048, among the therapeutic agents comprising the evaluated regimens, identify the agent whose name begins with the letter B.

Subsequently, determine which company holds the most recent initial U.S. Food and Drug Administration (FDA) approval for this identified agent, as of December 2024. Note that this inquiry is restricted to an initial New Drug Application (NDA) or Biologics License Application (BLA), and excludes supplemental approvals or new indications.
Provide only the company name in the format: COMPANY: name.",Applicant_Full_Name,style1_formal
FRESENIUS KABI USA LLC,"For trial NCT01478048, identify the effective regimen ingredient that starts with B.

Then, find the company with the latest overall FDA drug approval for this ingredient up till Dec, 2024. Exclude new indications and supplemental approvals.

Return the company name in the format: COMPANY: name.",Applicant_Full_Name,style2_concise
FRESENIUS KABI USA LLC,"First, for clinical trial NCT01478048, review the ingredients in the more effective regimen to identify which ingredient starts with the letter B.

Then, for this specific ingredient, find all its overall FDA drug approvals granted up to Dec, 2024. Note that we are only looking for overall FDA drug approval, not new indication or supplemental approvals.

Finally, identify the company associated with the latest approval date and return only the company name in the format of COMPANY: name.",Applicant_Full_Name,style3_stepwise
,"Regarding clinical trial NCT01282463, identify the active pharmaceutical ingredient within the efficacious treatment regimen whose name commences with the letter D.

Subsequently, for this identified component, last approved on or before December 2024, what is its corresponding exclusivity expiration date as designated by the Food and Drug Administration (FDA)?
Please note, this inquiry is restricted to the initial marketing authorization by the FDA, excluding approvals for new indications or supplemental applications.
If an exclusivity date is nonexistent or unavailable, respond with 'DATE: NA'. Otherwise, provide solely the date in the MM-DD-YYYY format, specified as 'date: MM-DD-YYYY'.",Exclusivity_Date,style1_formal
,"In the more effective regimens of clinical trial NCT01282463, identify the ingredient starting with the letter D.

For this ingredient, find its FDA exclusivity date based on its last overall drug approval up till Dec, 2024.
Note: Do not consider new indication or supplemental approvals.
If no exclusivity date exists or is unavailable, respond with 'DATE: NA'. Otherwise, return the date in the format: date: MM-DD-YYYY.",Exclusivity_Date,style2_concise
,"First, for clinical trial NCT01282463 among the more effective regimen ingredients, identify which ingredient starts with the letter D.

Then, for this identified ingredient that was last approved up till Dec, 2024, find when is its exclusivity date according to the FDA.
Note that we are only look for overall FDA drug approval, not new indidcation, not supplemental approvals.

Finally, if no exclusivity date exists or if it's not available, respond with 'DATE: NA'. Otherwise, return only the date in MM-DD-YYYY format of date: MM-DD-YYYY.",Exclusivity_Date,style3_stepwise
DOCETAXEL,For clinical trial NCT00478049. Among the ingredients of the more efficacious regimen; identify the constituent whose name commences with the letter 'D' and return only the name of the ingredient or 'UNKNOWN' in all CAPS in the format of INGREDIENT: name,Ingredient,style1_formal
DOCETAXEL,"For clinical trial NCT00478049, find the more effective regimen ingredient starting with D. Return only the name or UNKNOWN in all caps in the format INGREDIENT: name.",Ingredient,style2_concise
DOCETAXEL,"First, for clinical trial NCT00478049, find all ingredients listed in the more effective regimen. Then, from that list, identify the first ingredient whose name starts with the letter D. Finally, return only the name of that ingredient in all CAPS, or UNKNOWN if not found, in the format INGREDIENT: name",Ingredient,style3_stepwise
LENALIDOMIDE,"For clinical trial NCT01307605: among the constituents of the more efficacious regimens, identify the ingredient whose name commences with the letter L; return only the name of the ingredient or unknown in all CAPS in the format of INGREDIENT: name",Ingredient,style1_formal
LENALIDOMIDE,"For clinical trial NCT01307605, find the more effective regimen ingredient starting with L and return its name or UNKNOWN in all caps, formatted as INGREDIENT: name.",Ingredient,style2_concise
LENALIDOMIDE,"First, for clinical trial NCT01307605, identify the ingredients listed among the more effective regimens. Then, from that list, find the specific ingredient whose name starts with the letter L. Finally, return only the name of that ingredient, or unknown if not found, in all CAPS and in the format of INGREDIENT: name.",Ingredient,style3_stepwise
,"For clinical trial NCT01924533, among the constituents of the more effective regimen, identify the specific agent that commences with the letter 'O'.

Subsequently, for this identified agent, ascertain its FDA-granted exclusivity expiration date corresponding to its most recent overall drug approval on or before December, 2024.
Note that this inquiry pertains exclusively to the overall FDA drug approval, and does not extend to new indications or supplemental approvals.
If no exclusivity date exists or if such information is unavailable, respond with 'DATE: NA'; otherwise, return only the date in the MM-DD-YYYY format of date: MM-DD-YYYY.",Exclusivity_Date,style1_formal
,"In clinical trial NCT01924533, which effective regimen ingredient starts with the letter O?

For this ingredient, what is its FDA exclusivity date from its last approval by Dec, 2024?
Consider only overall FDA drug approval, not new indidcation, not supplemental approvals.
If the exclusivity date is unavailable, respond with DATE: NA. Otherwise, return the date in MM-DD-YYYY format: date: MM-DD-YYYY.",Exclusivity_Date,style2_concise
,"First, for clinical trial NCT01924533 among the more effective regimen ingredients, identify which ingredient starts with the letter O.

Then, for this identified ingredient that was last approved up till Dec, 2024, when is its exclusivity date according to the FDA?
Note that we are only look for overall FDA drug approval, not new indidcation, not supplemental approvals.

Finally, if no exclusivity date exists or if it's not available, respond with 'DATE: NA'. Otherwise, return only the date in MM-DD-YYYY format of date: MM-DD-YYYY.",Exclusivity_Date,style3_stepwise
13.229999542236328,"For clinical trial NCT02340221, analyze the constituents of the more efficacious regimen and identify the component whose name commences with the letter F.

Subsequently, determine which pharmaceutical company was granted the most recent FDA approval for this identified component through December 2024.
Note that the query is restricted to original marketing authorizations and excludes new indications or supplemental approvals.

If this company is publicly traded on any U.S. stock market (including over-the-counter markets), provide:
1. The stock ticker symbol
2. The opening share price on the date of FDA approval

If the company is not publicly traded on a U.S. stock market, please indicate ""NOT LISTED"".",Open_on_Approval,style1_formal
13.229999542236328,"For clinical trial NCT02340221, identify the ingredient in the more effective regimen starting with F.

Which company received the most recent FDA drug approval for this ingredient by December 2024? Exclude new indications and supplemental approvals.

If the company is US-listed (including OTC markets), provide:
1. Stock ticker symbol
2. Opening stock price on the FDA approval date

If not US-listed, state ""NOT LISTED"".",Open_on_Approval,style2_concise
13.229999542236328,"First, for clinical trial NCT02340221, review the ingredients of the more effective regimen and identify which ingredient starts with the letter F.

Then, determine which pharmaceutical company received the most recent FDA approval (up until December 2024) for this identified ingredient.
Note that we are only looking for overall FDA drug approval, not new indications or supplemental approvals.

Finally, if this company is listed on any US stock market (including over-the-counter markets), provide:
1. The stock ticker symbol
2. The opening stock price on the FDA approval date

If the company is not listed on any US stock market, please indicate ""NOT LISTED"".",Open_on_Approval,style3_stepwise
"Jan 29, 2032","With regard to clinical trial NCT02993523, from the constituent agents of the more efficacious regimen, identify the agent whose designation commences with the letter 'V'.

Subsequently, for this identified agent, determine the expiration date of its patent, provided its initial approval was granted on or before December 2024.
Note that the query pertains exclusively to the overall U.S. Food and Drug Administration (FDA) drug approval, and not to new indications or supplemental approvals.
Return the date solely in the year format: YYYY.",Patent_Expire_Date_Text,style1_formal
"Jan 29, 2032","For clinical trial NCT02993523's effective regimen, identify the ingredient starting with V.

Then, for that ingredient, find its patent expiration date based on its last approval by Dec, 2024.
Note: Consider overall FDA drug approval only, not new indications or supplemental approvals.
Return only the year in YYYY format.",Patent_Expire_Date_Text,style2_concise
"Jan 29, 2032","First, for clinical trial NCT02993523, identify which ingredient among the more effective regimen ingredients starts with the letter V.

Then, for this identified ingredient, find its last overall FDA drug approval up till Dec, 2024. Note that we are only looking for an overall FDA drug approval, not a new indication or supplemental approvals.

Finally, for that specific approval, find the patent expiration date and return only the year in YYYY format.",Patent_Expire_Date_Text,style3_stepwise
LENALIDOMIDE,"For clinical trial NCT01938001: Among the ingredients of the more efficacious regimen, identify the ingredient whose name commences with the letter 'L'. Return only the name of the ingredient or unknown in all CAPS in the format of INGREDIENT: name.",Ingredient,style1_formal
LENALIDOMIDE,"For clinical trial NCT01938001. From the more effective regimen ingredients, find the one that starts with L.
return the name of the ingredient or unknown in all CAPS in the format of INGREDIENT: name",Ingredient,style2_concise
LENALIDOMIDE,"First, for clinical trial NCT01938001, consider the more effective regimen ingredients.
Then, among those ingredients, find the one whose name starts with the letter L.
Finally, return only the name of the ingredient or unknown in all CAPS in the format of INGREDIENT: name.",Ingredient,style3_stepwise
,"With respect to clinical trial NCT00004100, among the more efficacious regimen components, identify the therapeutic agent whose name commences with the letter G.

Subsequently, for this identified agent, given its most recent approval on or before Dec, 2024, specify its exclusivity date as designated by the U.S. Food and Drug Administration.
Note that this inquiry is restricted to the overall FDA drug approval, excluding new indications and supplemental approvals.
Should an exclusivity date not exist or be unavailable, respond with 'DATE: NA'. Otherwise, return only the date in the MM-DD-YYYY format of date: MM-DD-YYYY.",Exclusivity_Date,style1_formal
,"For clinical trial NCT00004100, identify the more effective regimen ingredient that starts with the letter G.

Then, for this ingredient, what is its FDA exclusivity date based on its last approval up till Dec, 2024?
Consider only overall FDA drug approval, not new indications or supplemental approvals.
If the exclusivity date is not available, respond with 'DATE: NA'. Otherwise, return only the date in the format: date: MM-DD-YYYY.",Exclusivity_Date,style2_concise
,"First, from the more effective regimen ingredients in clinical trial NCT00004100, identify the ingredient that starts with the letter G.

Then, for this identified ingredient, find its FDA exclusivity date for its last overall drug approval up till Dec, 2024. Note that we are only look for overall FDA drug approval, not new indidcation, not supplemental approvals.

Finally, if no exclusivity date exists or if it's not available, respond with 'DATE: NA'. Otherwise, return only the date in MM-DD-YYYY format of date: MM-DD-YYYY.",Exclusivity_Date,style3_stepwise
BRISTOL-MYERS SQUIBB CO,"For clinical trial NCT00002662, identify the therapeutic constituent within the evaluated regimens whose name begins with the letter P.

Following this identification, determine which company possesses the most recent FDA approval for said constituent as of December, 2024. It should be noted that the scope is limited to original FDA drug approvals, excluding new indications or supplemental approvals.
The response must be provided solely in the format of COMPANY: name.",Applicant_Full_Name,style1_formal
BRISTOL-MYERS SQUIBB CO,"In clinical trial NCT00002662's more effective regimens, identify the ingredient starting with P.

For this ingredient, find the company with the latest overall FDA drug approval by Dec, 2024. Exclude new indications and supplemental approvals.
Return only the company name in the format: COMPANY: name.",Applicant_Full_Name,style2_concise
BRISTOL-MYERS SQUIBB CO,"First, for clinical trial NCT00002662, examine the more effective regimen ingredients and identify the specific ingredient that starts with the letter P.

Then, for the ingredient identified in the previous step, find the company that received the latest overall FDA drug approval. Ensure the approval date is on or before December 2024, and specifically exclude new indications or supplemental approvals.

Finally, return only the name of that company using the format COMPANY: name.",Applicant_Full_Name,style3_stepwise
"May 15, 2026","For clinical trial NCT02993523, from among the constituent agents of the more efficacious therapeutic regimens, identify the agent whose name commences with the letter V.

Subsequently, for this identified agent, having received its latest overall approval on or before Dec, 2024, ascertain its exclusivity date as designated by the Food and Drug Administration (FDA).
Note: This inquiry is restricted to the initial, overall FDA drug approval and explicitly excludes new indications or supplemental approvals.
If an exclusivity date is non-existent or unavailable, respond with 'DATE: NA'. Otherwise, return the date solely in the format 'date: MM-DD-YYYY'.",Exclusivity_Date,style1_formal
"May 15, 2026","For clinical trial NCT02993523, which ingredient in the more effective regimen starts with V?

For this ingredient, what is its FDA exclusivity date from its last approval by Dec, 2024?
Note: Consider only overall FDA drug approval, not new indications or supplemental approvals.
If no exclusivity date is available, respond 'DATE: NA'. Otherwise, return the date as: date: MM-DD-YYYY.",Exclusivity_Date,style2_concise
"May 15, 2026","First, for clinical trial NCT02993523, among the more effective regimen ingredients, identify which ingredient starts with the letter V.

Then, for this identified ingredient, find its exclusivity date according to the FDA, based on its last overall FDA drug approval up till Dec, 2024.
Note that we are only looking for overall FDA drug approval, not new indication, not supplemental approvals.

Finally, if no exclusivity date exists or if it's not available, respond with 'DATE: NA'. Otherwise, return only the date in MM-DD-YYYY format of date: MM-DD-YYYY.",Exclusivity_Date,style3_stepwise
"Apr 27, 2027","Initially, for clinical trial NCT01938001, identify the therapeutic agent among the more efficacious regimen constituents that commences with the letter L.

Subsequently, for this identified agent, last approved on or before Dec, 2024, determine its patent expiration date.
Note that the query pertains exclusively to the primary U.S. Food and Drug Administration (FDA) drug approval, and excludes new indications or supplemental approvals.
Provide the output solely as the year of the date, in the format: YYYY.",Patent_Expire_Date_Text,style1_formal
"Apr 27, 2027","For clinical trial NCT01938001, identify the effective regimen ingredient that starts with the letter L.

For this ingredient, what is the patent expiration date for its last approval up to Dec, 2024?
Note: Consider only overall FDA drug approval, not new indidcation, not supplemental approvals.
Return only the year in YYYY format.",Patent_Expire_Date_Text,style2_concise
"Apr 27, 2027","First, for clinical trial NCT01938001, identify which ingredient among the more effective regimen ingredients starts with the letter L.

Then, for this identified ingredient, find its patent expiration date based on its last approval up till Dec, 2024. Note that we are only looking for overall FDA drug approval, not new indication, not supplemental approvals.

Finally, return only the year of the date in YYYY format.",Patent_Expire_Date_Text,style3_stepwise
,"For clinical trial NCT00052936, among the efficacious constituents of the therapeutic regimen, determine the component whose nomenclature commences with the letter 'P'.

Subsequently, for this identified constituent with a final U.S. Food and Drug Administration (FDA) approval date on or before December 2024, ascertain its designated marketing exclusivity expiration date.
Note that the scope of this query is limited to the initial, overall FDA drug approval, thereby excluding approvals for new indications or supplemental applications.
In instances where an exclusivity date is non-existent or unavailable, provide the response 'DATE: NA'. Otherwise, the output must consist solely of the date, formatted as MM-DD-YYYY, following the precise template: date: MM-DD-YYYY.",Exclusivity_Date,style1_formal
,"In trial NCT00052936, which of the more effective regimen ingredients starts with the letter P?

For this ingredient, what is its FDA exclusivity date, given its last approval was by Dec, 2024?
Consider only overall FDA drug approval, not new indications or supplemental approvals.
If the exclusivity date is unavailable, respond with 'DATE: NA'. Otherwise, return the date in the format: date: MM-DD-YYYY.",Exclusivity_Date,style2_concise
,"First, for clinical trial NCT00052936, among the more effective regimen ingredients, identify which ingredient starts with the letter P.

Then, for this identified ingredient, find its exclusivity date according to the FDA, based on its last overall drug approval up till Dec, 2024. Note that we are only looking for overall FDA drug approval, not new indication, not supplemental approvals.

Finally, if no exclusivity date exists or if it's not available, respond with 'DATE: NA'. Otherwise, return only the date in MM-DD-YYYY format of date: MM-DD-YYYY.",Exclusivity_Date,style3_stepwise
DOCETAXEL,"For clinical trial NCT00703326: among the constituents of the more efficacious regimens, identify the agent whose name commences with the letter D and return only the name of the agent or 'UNKNOWN' in all uppercase, adhering to the format: INGREDIENT: name.",Ingredient,style1_formal
DOCETAXEL,"For trial NCT00703326: In the more effective regimen, find the ingredient starting with D. Return its name or UNKNOWN in all caps as INGREDIENT: name.",Ingredient,style2_concise
DOCETAXEL,"First, for clinical trial NCT00703326, find the ingredients listed in the more effective regimen. Then, among those ingredients, identify the one whose name starts with the letter D. Finally, return only the name of that ingredient, or UNKNOWN if none is found. The output must be in all CAPS and in the format of INGREDIENT: name.",Ingredient,style3_stepwise
PREDNISONE,"For clinical trial NCT01251107, from the components of the more efficacious regimens, identify the ingredient whose name commences with the letter 'P'; return only the name of the ingredient or unknown in all CAPS in the format of INGREDIENT: name",Ingredient,style1_formal
PREDNISONE,For clinical trial NCT01251107. For the more effective regimen; find the ingredient starting with P return only the ingredient name or unknown in all CAPS in the format INGREDIENT: name,Ingredient,style2_concise
PREDNISONE,"First, for clinical trial NCT01251107, identify the ingredients from the more effective regimen. Then, from that list, find the ingredient whose name starts with the letter P. Finally, return only the name of the ingredient or unknown in all CAPS in the format of INGREDIENT: name.",Ingredient,style3_stepwise
THIOTEPA,"For clinical trial NCT00002870. Among the more efficacious regimen constituents; identify the constituent whose name commences with the letter 'T' and provide only the name of the constituent, or 'unknown', in all uppercase, per the format: INGREDIENT: name",Ingredient,style1_formal
THIOTEPA,"For clinical trial NCT00002870, find the more effective regimen ingredient starting with T. Return the name in all CAPS, or UNKNOWN, in the format INGREDIENT: name.",Ingredient,style2_concise
THIOTEPA,"First, for clinical trial NCT00002870, identify the ingredients included in the more effective regimen.
Then, from that list of ingredients, find the one whose name starts with the letter T.
Finally, return only the name of that ingredient, or 'unknown' if not found, in all CAPS using the format 'INGREDIENT: name'.",Ingredient,style3_stepwise
49.51612854003906,"With respect to clinical trial NCT01108445, analyze the constituent components of the more efficacious treatment regimen and identify the component whose name commences with the letter E.

Subsequently, ascertain which pharmaceutical company secured the most recent U.S. Food and Drug Administration (FDA) approval (up until December 2024) for this identified component.
Note that the inquiry is restricted to original marketing authorizations, and excludes new indications or supplemental approvals.

Should this company be publicly traded on any U.S. stock market (inclusive of over-the-counter markets), provide:
1. The stock ticker symbol
2. The opening share price on the date of FDA approval

If the company is not publicly traded on a U.S. stock market, please provide the designation ""NOT LISTED"".",Open_on_Approval,style1_formal
49.51612854003906,"For clinical trial NCT01108445, identify the ingredient in the more effective regimen that starts with the letter E.

Then, identify the company with the most recent original FDA drug approval for this ingredient by December 2024. Exclude new indications and supplemental approvals.

If the company is listed on any US stock market (including over-the-counter markets), provide:
1. The stock ticker symbol
2. The opening stock price on the FDA approval date

If the company is not listed on any US stock market, indicate ""NOT LISTED"".",Open_on_Approval,style2_concise
49.51612854003906,"First, for clinical trial NCT01108445, review the more effective regimen ingredients and identify which ingredient starts with the letter E.

Then, determine which pharmaceutical company received the most recent FDA approval (up until December 2024) for this identified ingredient.
Note that we are only look for overall FDA drug approval, not new indidcation, not supplemental approvals.

Finally, if this company is listed on any US stock market (including over-the-counter markets), provide:
1. The stock ticker symbol
2. The opening stock price on the FDA approval date

If the company is not listed on any US stock market, please indicate ""NOT LISTED"".",Open_on_Approval,style3_stepwise
Not_Listed,"For clinical trial NCT00445601, analyze the constituent agents of the superior efficacy regimen and identify the active pharmaceutical ingredient whose name commences with the letter G.

Subsequently, determine the pharmaceutical entity that received the most recent U.S. Food and Drug Administration (FDA) approval for this identified ingredient, on or before December 31, 2024.
Note that this inquiry is restricted to original FDA drug approvals and expressly excludes approvals for new indications or supplemental applications.

If this company is publicly traded on any U.S. stock market (including over-the-counter markets), provide:
1. The stock ticker symbol
2. The opening stock price on the date of the FDA approval

If the company is not listed on any U.S. stock market, please indicate ""NOT LISTED"".",Open_on_Approval,style1_formal
Not_Listed,"For clinical trial NCT00445601, identify the ingredient starting with G in the more effective regimen.

Then, find the company with the most recent FDA approval for this ingredient by December 2024.
Note: This refers to initial FDA drug approvals only, excluding new indications or supplemental approvals.

If the company is listed on a US stock market (including OTC):
1. Stock ticker symbol
2. Opening stock price on the FDA approval date

If the company is not listed, state ""NOT LISTED"".",Open_on_Approval,style2_concise
Not_Listed,"First, for clinical trial NCT00445601, review the more effective regimen ingredients and identify which ingredient starts with the letter G.

Then, determine which pharmaceutical company received the most recent FDA approval (up until December 2024) for this identified ingredient.
Note that we are only looking for overall FDA drug approval, not new indications or supplemental approvals.

Finally, if this company is listed on any US stock market (including over-the-counter markets), provide:
1. The stock ticker symbol
2. The opening stock price on the FDA approval date

If the company is not listed on any US stock market, please indicate ""NOT LISTED"".",Open_on_Approval,style3_stepwise
,"Regarding clinical trial NCT00084318, among the constituent agents of the more efficacious regimen, identify the agent whose name commences with the letter D.

Subsequently, for this identified agent, determine its FDA-designated marketing exclusivity expiration date corresponding to its most recent overall drug approval granted on or before Dec, 2024.
Note that this inquiry pertains exclusively to the overall FDA drug approval, excluding new indications or supplemental approvals.
If no such exclusivity date exists or is available, respond with 'DATE: NA'. Otherwise, return the date solely in the format 'DATE: MM-DD-YYYY'.",Exclusivity_Date,style1_formal
,"For clinical trial NCT00084318, find the ingredient in the more effective regimen that starts with the letter D.

For this ingredient, find its FDA exclusivity date for its last overall approval by Dec, 2024.
Consider only overall FDA drug approval, not new indications or supplemental approvals.
If the exclusivity date is not available, respond with 'DATE: NA'. Otherwise, return the date in the format: date: MM-DD-YYYY.",Exclusivity_Date,style2_concise
,"First, for clinical trial NCT00084318 among the more effective regimen ingredients, identify which ingredient starts with the letter D.

Then, for this identified ingredient, find its last overall FDA drug approval up till Dec, 2024. Note that we are only looking for overall FDA drug approval, not new indidcation, not supplemental approvals.

Finally, for this approval, find the ingredient's exclusivity date according to the FDA. If no exclusivity date exists or if it's not available, respond with 'DATE: NA'. Otherwise, return only the date in MM-DD-YYYY format of date: MM-DD-YYYY.",Exclusivity_Date,style3_stepwise
Not_Listed,"With respect to clinical trial NCT00190762, review the components of the more efficacious regimen and identify the constituent that commences with the letter P.

Subsequently, ascertain the pharmaceutical entity that received the most recent U.S. Food and Drug Administration (FDA) approval for this identified constituent, for the period ending December 2024.
Note that this inquiry is restricted to original drug approvals and explicitly excludes approvals for new indications or supplemental applications.

Should this entity be publicly traded on a U.S. stock exchange, inclusive of over-the-counter markets, provide:
1. The stock ticker symbol
2. The opening share price on the date of the FDA approval

If the company is not publicly traded on a U.S. market, please indicate ""NOT LISTED"".",Open_on_Approval,style1_formal
Not_Listed,"For clinical trial NCT00190762, identify the ingredient in the more effective regimen that starts with the letter P.

Then, find the company that received the most recent original FDA drug approval for this ingredient by December 2024. An original approval excludes new indications and supplemental approvals.

If this company is listed on any US stock market (including over-the-counter markets), provide:
1. The stock ticker symbol
2. The opening stock price on the FDA approval date

If the company is not listed on any US stock market, state ""NOT LISTED"".",Open_on_Approval,style2_concise
Not_Listed,"First, for clinical trial NCT00190762, review the more effective regimen ingredients and identify which ingredient starts with the letter P.

Then, determine which pharmaceutical company received the most recent FDA approval (up until December 2024) for this identified ingredient.
Note that we are only look for overall FDA drug approval, not new indidcation, not supplemental approvals.

Finally, if this company is listed on any US stock market (including over-the-counter markets), provide:
1. The stock ticker symbol
2. The opening stock price on the FDA approval date

If the company is not listed on any US stock market, please indicate ""NOT LISTED"".",Open_on_Approval,style3_stepwise
,"Pertaining to clinical trial NCT02898077, from the constituent agents of the more efficacious therapeutic regimen(s), identify the agent whose nomenclature commences with the letter 'P'.

Subsequently, for the identified agent, what is its Food and Drug Administration (FDA) designated exclusivity date, corresponding to its most recent approval on or before Dec, 2024?
Note: This inquiry is limited to the original marketing approval by the FDA, excluding approvals for new indications or supplemental applications.
If an exclusivity date is non-existent or unavailable, the response shall be 'DATE: NA'. Otherwise, return the date exclusively, presented in the MM-DD-YYYY format as follows: date: MM-DD-YYYY.",Exclusivity_Date,style1_formal
,"In clinical trial NCT02898077, identify the more effective regimen ingredient starting with P.

For this ingredient, what is its FDA exclusivity date, based on a last approval up till Dec, 2024?
Consider only overall FDA drug approval, not new indications or supplemental approvals.
If the exclusivity date is unavailable, respond 'DATE: NA'. Otherwise, return the date only in the format: date: MM-DD-YYYY.",Exclusivity_Date,style2_concise
,"First, for clinical trial NCT02898077, review the ingredients of the more effective regimen and identify the one that starts with the letter P.

Then, for this identified ingredient, find its last overall FDA drug approval that occurred up till Dec, 2024. Note that we are only looking for overall FDA drug approval, not new indications or supplemental approvals.

Finally, provide the FDA exclusivity date associated with that approval. If an exclusivity date exists, return the date in the format 'date: MM-DD-YYYY'. If no exclusivity date exists or is not available, respond with 'DATE: NA'.",Exclusivity_Date,style3_stepwise
Not_Listed,"Regarding clinical trial NCT00703326, examine the constituents of the more efficacious treatment regimen and identify the active pharmaceutical ingredient whose name commences with the letter D.

Subsequently, determine the pharmaceutical company that obtained the most recent original U.S. Food and Drug Administration (FDA) approval for the identified ingredient by December 2024.
Note: This inquiry pertains exclusively to original New Drug Application (NDA) approvals and excludes approvals for new indications or supplemental applications.

If this company is publicly traded on any United States stock market (including over-the-counter markets), provide:
1. The stock ticker symbol
2. The opening stock price on the date of the FDA approval

If the company is not publicly traded on a U.S. stock market, please indicate ""NOT LISTED"".",Open_on_Approval,style1_formal
Not_Listed,"For clinical trial NCT00703326, identify the ingredient in the more effective regimen that starts with the letter D.

Then, find the company with the most recent FDA approval for this ingredient by December 2024.
This search is for original FDA drug approvals only, not new indications or supplemental approvals.

If the company is listed on a US stock market (including over-the-counter markets), provide:
1. The stock ticker symbol
2. The opening stock price on the FDA approval date

If the company is not listed on any US stock market, state ""NOT LISTED"".",Open_on_Approval,style2_concise
Not_Listed,"First, for clinical trial NCT00703326, review the more effective regimen ingredients and identify which ingredient starts with the letter D.

Then, determine which pharmaceutical company received the most recent FDA approval (up until December 2024) for this identified ingredient.
Note that we are only look for overall FDA drug approval, not new indidcation, not supplemental approvals.

Finally, if this company is listed on any US stock market (including over-the-counter markets), provide:
1. The stock ticker symbol
2. The opening stock price on the FDA approval date

If the company is not listed on any US stock market, please indicate ""NOT LISTED"".",Open_on_Approval,style3_stepwise
DOCETAXEL,"For clinical trial NCT00446225. Among the constituent ingredients of the more effective regimens; determine the ingredient whose name commences with the letter D, returning only the name of the ingredient or ""unknown"" in all-capital letters in the format of INGREDIENT: name",Ingredient,style1_formal
DOCETAXEL,"For clinical trial NCT00446225, find the ingredient in the more effective regimens that starts with D. Return the name or UNKNOWN in all caps in the format: INGREDIENT: name.",Ingredient,style2_concise
DOCETAXEL,"First, for clinical trial NCT00446225, identify the ingredients in the more effective regimen. Then, from that list of ingredients, find the one whose name starts with the letter D. Finally, return only the name of that ingredient, or 'unknown' if none is found, in all CAPS in the format of INGREDIENT: name.",Ingredient,style3_stepwise
NOVARTIS PHARMACEUTICALS CORP,"Regarding clinical trial NCT01108445, identify the active constituent within the more efficacious therapeutic regimen whose name commences with the letter 'E'.

Subsequently, for the identified constituent, determine which company secured the most recent initial Food and Drug Administration (FDA) approval up till Dec, 2024. Note that this query is restricted to original drug approvals, excluding new indications or supplemental approvals.
Return only the company name in the format of COMPANY: name.",Applicant_Full_Name,style1_formal
NOVARTIS PHARMACEUTICALS CORP,"In clinical trial NCT01108445, what ingredient in the more effective regimen starts with the letter E?

For this ingredient, find the company with the latest original FDA drug approval by Dec, 2024. Exclude new indications and supplemental approvals. Return only the company name in the format: COMPANY: name.",Applicant_Full_Name,style2_concise
NOVARTIS PHARMACEUTICALS CORP,"First, for clinical trial NCT01108445, examine the ingredients in the more effective regimen and identify the one that starts with the letter E.

Then, for this identified ingredient, find the company that holds the latest overall FDA drug approval. The approval date must be on or before December 2024, and you must only consider overall drug approvals, excluding new indications and supplemental approvals.

Finally, return only the company name in the format of COMPANY: name.",Applicant_Full_Name,style3_stepwise
SHILPA MEDICARE LTD,"For clinical trial NCT01469000, from the constituent ingredients of the more efficacious regimen, identify the specific ingredient whose name commences with the letter 'P'.

Subsequently, for the identified ingredient, determine the company holding the most recent U.S. Food and Drug Administration (FDA) approval as of December 2024. Note that this inquiry pertains strictly to original drug approvals, excluding new indications and supplemental approvals. 
Return only the company name in the format of COMPANY: name.",Applicant_Full_Name,style1_formal
SHILPA MEDICARE LTD,"In clinical trial NCT01469000, identify the ingredient from the more effective regimens that starts with the letter P.

For this ingredient, find the company with the latest overall FDA drug approval up till Dec, 2024. Exclude new indications and supplemental approvals. Return the company name in the format COMPANY: name.",Applicant_Full_Name,style2_concise
SHILPA MEDICARE LTD,"First, for clinical trial NCT01469000, among the more effective regimen ingredients, identify which ingredient starts with the letter P.

Then, for this identified ingredient, find which company has the latest FDA approval date up till Dec, 2024. Note that we are only looking for overall FDA drug approval, not new indication, not supplemental approvals.

Finally, return only the company name in the format of COMPANY: name.",Applicant_Full_Name,style3_stepwise
SHILPA MEDICARE LTD,"First, for clinical trial NCT04538664, identify the active pharmaceutical ingredient within the investigational regimens whose name commences with the letter 'P'.

Then, for this identified ingredient, determine the company with the most recent initial FDA approval date up till Dec, 2024. Note that the query is restricted to the original marketing authorization, excluding new indications or supplemental approvals.
Return only the company name in the format of COMPANY: name.",Applicant_Full_Name,style1_formal
SHILPA MEDICARE LTD,"In clinical trial NCT04538664, identify the more effective regimen ingredient starting with the letter P.

For this ingredient, find the company with the latest overall FDA drug approval by Dec, 2024. Exclude new indications and supplemental approvals. Return the company name in the format COMPANY: name.",Applicant_Full_Name,style2_concise
SHILPA MEDICARE LTD,"First, for clinical trial NCT04538664, identify which ingredient among the more effective regimen ingredients starts with the letter P.

Then, for this identified ingredient, find the company that holds the latest overall FDA drug approval with a date up to Dec, 2024. Note, this search must only be for overall FDA drug approvals and should exclude new indications and supplemental approvals.

Finally, return only the company name in the format of COMPANY: name.",Applicant_Full_Name,style3_stepwise
CYCLOSPORINE,"For clinical trial NCT00260689. Among the constituents of the more efficacious regimens; identify the ingredient whose name commences with the letter 'C' and return solely the name of that ingredient, or 'UNKNOWN', in all capital letters, formatted as: INGREDIENT: name",Ingredient,style1_formal
CYCLOSPORINE,For clinical trial NCT00260689: find the ingredient starting with C in the more effective regimen; return only the name or UNKNOWN in all CAPS in the format INGREDIENT: name.,Ingredient,style2_concise
CYCLOSPORINE,"First, for the clinical trial NCT00260689, identify the ingredients in the more effective regimen.
Then, from this list of ingredients, find the one that starts with the letter 'C'.
Finally, return only the name of that ingredient in all CAPS, using the format INGREDIENT: name. If no such ingredient is found, return INGREDIENT: UNKNOWN.",Ingredient,style3_stepwise
Not_Listed,"Pertaining to clinical trial NCT00004100, analyze the constituent ingredients of the more effective regimen and identify the specific active ingredient whose name commences with the letter G.

Subsequently, determine the pharmaceutical company that was granted the most recent U.S. Food and Drug Administration (FDA) approval (through December 2024) for this identified ingredient.
Note that this inquiry is restricted to an overall FDA drug approval, and explicitly excludes new indications or supplemental approvals.

If this company is publicly traded on any U.S. stock market (including over-the-counter markets), provide:
1. The stock ticker symbol
2. The opening stock price on the date of the FDA approval

If the company is not listed on any U.S. stock market, please indicate ""NOT LISTED"".",Open_on_Approval,style1_formal
Not_Listed,"For clinical trial NCT00004100, identify the ingredient in the more effective regimen that starts with G.

Then, find the company with the most recent FDA approval for this ingredient by December 2024.
Note: This is for overall FDA drug approval only, not new indications or supplemental approvals.

If this company is listed on any US stock market (including over-the-counter markets), provide:
1. The stock ticker symbol
2. The opening stock price on the FDA approval date

If the company is not listed on any US stock market, state ""NOT LISTED"".",Open_on_Approval,style2_concise
Not_Listed,"First, for clinical trial NCT00004100, review the ingredients in the more effective regimen and identify which one starts with the letter G.

Then, for this identified ingredient, determine which pharmaceutical company received the most recent FDA approval up until December 2024.
Note that we are only looking for overall FDA drug approval, not new indications or supplemental approvals.

Finally, if this company is listed on any US stock market (including over-the-counter markets), provide:
1. The stock ticker symbol
2. The opening stock price on the FDA approval date

If the company is not listed on any US stock market, please indicate ""NOT LISTED"".",Open_on_Approval,style3_stepwise
VEMURAFENIB,For clinical trial NCT01667419. Among the constituents of the regimen demonstrating superior efficacy; identify the constituent whose name commences with the letter V return only the name of the constituent or unknown in all CAPS in the format of INGREDIENT: name,Ingredient,style1_formal
VEMURAFENIB,"For clinical trial NCT01667419, from the more effective regimen ingredients, find the ingredient starting with V. Return only the ingredient name or UNKNOWN in all CAPS in the format of INGREDIENT: name.",Ingredient,style2_concise
VEMURAFENIB,"First, for clinical trial NCT01667419, look among the more effective regimen ingredients. Then, find which is the ingredient with the first letter start with V. Finally, return only the name of the ingredient or unknown in all CAPS in the format of INGREDIENT: name",Ingredient,style3_stepwise
LENALIDOMIDE,For clinical trial NCT00238238. Among the constituent components of the more efficacious regimens; identify the ingredient whose name commences with the letter L and return only the name of the ingredient or unknown in all CAPS in the format of INGREDIENT: name,Ingredient,style1_formal
LENALIDOMIDE,"For clinical trial NCT00238238: from the most effective regimen, find the ingredient starting with L; return the name in all CAPS or UNKNOWN in the format INGREDIENT: name",Ingredient,style2_concise
LENALIDOMIDE,"First, for clinical trial NCT00238238, identify the ingredients belonging to the more effective regimen. Then, from that list, find the first ingredient whose name starts with the letter L. Finally, return only the name of that ingredient, or ""unknown"" if none is found, in all CAPS using the format: INGREDIENT: name",Ingredient,style3_stepwise
FRESENIUS KABI USA LLC,"For clinical trial NCT01998503, identify the constituent ingredient of the more efficacious regimen whose name commences with the letter B.

Subsequently, for this identified ingredient, determine the company holding the most recent original FDA drug approval granted up to December 2024. Note that this query pertains exclusively to initial marketing authorizations and excludes new indications or supplemental approvals.
Return only the company name in the format of COMPANY: name.",Applicant_Full_Name,style1_formal
FRESENIUS KABI USA LLC,"For clinical trial NCT01998503, identify the ingredient starting with 'B' in the more effective regimen.

Then, for this ingredient, find the company with the latest overall FDA drug approval by Dec, 2024. Exclude new indications and supplemental approvals.

Return only the company name in format of COMPANY: name.",Applicant_Full_Name,style2_concise
FRESENIUS KABI USA LLC,"First, for clinical trial NCT01998503, examine the ingredients within the more effective regimen and identify which one starts with the letter B.

Then, take this identified ingredient and find its FDA approval history. Note that you should only consider overall FDA drug approvals, not new indications or supplemental approvals.

Finally, identify the company that received the latest approval up till Dec, 2024, and return only the company name in the format of COMPANY: name.",Applicant_Full_Name,style3_stepwise
"Oct 3, 2026","For clinical trial NCT01356511, among the constituents of the more efficacious regimens, identify the constituent commencing with the letter D.

Subsequently, for the thus-identified constituent with a final approval on or before December, 2024, ascertain its FDA-granted exclusivity date.
Note that this query pertains exclusively to the overall FDA drug approval and explicitly excludes new indications or supplemental approvals.
If no exclusivity date exists or is unavailable, respond with 'DATE: NA'. Otherwise, return only the date in the MM-DD-YYYY format of date: MM-DD-YYYY.",Exclusivity_Date,style1_formal
"Oct 3, 2026","For clinical trial NCT01356511, identify the effective regimen ingredient that starts with the letter D.

Then, for this ingredient, what is its FDA exclusivity date for its last approval by Dec, 2024?
Note: Consider only overall FDA drug approval, not new indications or supplemental approvals.
If the date is unavailable, respond 'DATE: NA'. Otherwise, return the date as: date: MM-DD-YYYY.",Exclusivity_Date,style2_concise
"Oct 3, 2026","First, for clinical trial NCT01356511 among the more effective regimen ingredients, identify which ingredient starts with the letter D.

Then, for this identified ingredient, find its exclusivity date according to the FDA, based on its last overall drug approval up till Dec, 2024. Note that we are only looking for overall FDA drug approval, not new indication, not supplemental approvals.

Finally, if no exclusivity date exists or if it's not available, respond with 'DATE: NA'. Otherwise, return only the date in MM-DD-YYYY format of date: MM-DD-YYYY.",Exclusivity_Date,style3_stepwise
Not_Listed,"With respect to clinical trial NCT04988295, examine the constituent components of the more efficacious regimen and identify the specific component commencing with the letter 'P'.

Subsequently, determine the pharmaceutical company that secured the most recent U.S. Food and Drug Administration (FDA) approval for said component, for the period ending December 2024.
Please note, this inquiry is strictly limited to original drug approvals (e.g., New Drug Application or Biologics License Application) and must exclude supplemental approvals and new indications.

If the subject company is publicly listed on any U.S. stock exchange, including over-the-counter (OTC) markets, provide the following data:
1. The stock ticker symbol
2. The opening stock price on the FDA approval date

If the company is not publicly listed, please indicate ""NOT LISTED"".",Open_on_Approval,style1_formal
Not_Listed,"For clinical trial NCT04988295, identify the ingredient starting with P in the more effective regimen.

Identify the company with the most recent FDA approval for this ingredient through December 2024.
Note: Refers to new drug approvals only, not new indications or supplemental approvals.

If the company is listed on any US stock market (including over-the-counter markets), provide:
1. The stock ticker symbol
2. The opening stock price on the FDA approval date

If the company is not listed on any US stock market, state ""NOT LISTED"".",Open_on_Approval,style2_concise
Not_Listed,"First, for clinical trial NCT04988295, review the more effective regimen ingredients and identify which ingredient starts with the letter P.

Then, determine which pharmaceutical company received the most recent FDA approval (up until December 2024) for this identified ingredient.
Note that we are only looking for overall FDA drug approval, not new indication, not supplemental approvals.

Finally, if this company is listed on any US stock market (including over-the-counter markets), provide:
1. The stock ticker symbol
2. The opening stock price on the FDA approval date

If the company is not listed on any US stock market, please indicate ""NOT LISTED"".",Open_on_Approval,style3_stepwise
157.02000427246094,"With reference to clinical trial NCT02257736. Among the constituent ingredients of the more effective regimens; identify the ingredient whose designation commences with the letters AP.

Subsequently, determine the pharmaceutical company that received the most recent U.S. Food and Drug Administration approval for this identified ingredient, up to and including December 2024.
Note that this inquiry is restricted to overall FDA drug approvals, excluding approvals for new indications or supplemental applications.

If this company is listed on any U.S. stock market (including over-the-counter markets), provide:
1. The stock ticker symbol
2. The opening stock price on the date of the FDA approval

If the company is not listed on any U.S. stock market, please indicate ""NOT LISTED"".",Open_on_Approval,style1_formal
157.02000427246094,"For clinical trial NCT02257736, identify the ingredient in the more effective regimen starting with 'AP'.

Then, identify the company with the most recent FDA approval for this ingredient by December 2024.
Note: Original FDA drug approvals only; not new indications or supplemental approvals.

If the company is listed on a US stock market (including over-the-counter markets), provide:
1. Stock ticker symbol
2. Opening stock price on the FDA approval date

If the company is not listed, state ""NOT LISTED"".",Open_on_Approval,style2_concise
157.02000427246094,"First, for clinical trial NCT02257736, among the more effective regimen ingredients, find the one which starts with the letters AP.

Then, for this identified ingredient, determine which pharmaceutical company received the most recent FDA approval (up until December 2024).
Note that we are only look for overall FDA drug approval, not new indidcation, not supplemental approvals.

Finally, if this company is listed on any US stock market (including over-the-counter markets), provide:
1. The stock ticker symbol
2. The opening stock price on the FDA approval date

If the company is not listed on any US stock market, please indicate ""NOT LISTED"".",Open_on_Approval,style3_stepwise
HORIZON THERAPEUTICS USA INC,"Initially, for clinical trial NCT01251107, identify the active ingredient within the more efficacious regimens whose name begins with the letter P.

Then, for the identified ingredient, ascertain which company holds the latest original U.S. Food and Drug Administration (FDA) approval granted up to December 2024. This query is limited to initial marketing authorizations and excludes new indications or supplemental approvals.

Return only the company name in the format of COMPANY: name.",Applicant_Full_Name,style1_formal
HORIZON THERAPEUTICS USA INC,"For trial NCT01251107, find the effective regimen ingredient that starts with P.

Then, find the company with the latest overall FDA drug approval for that ingredient by Dec, 2024.

Return the company name in the format: COMPANY: name.",Applicant_Full_Name,style2_concise
HORIZON THERAPEUTICS USA INC,"First, from the more effective regimen ingredients in clinical trial NCT01251107, identify the ingredient that starts with the letter 'P'.

Then, for this ingredient, find the company that received the latest overall FDA drug approval up to December 2024. Note that this search should only consider overall FDA drug approvals, not new indications or supplemental approvals.

Finally, return only the company's name in the format of COMPANY: name.",Applicant_Full_Name,style3_stepwise
,"Regarding clinical trial NCT04538664, identify the therapeutic agent within the more effective regimens whose name commences with the letter P.

Subsequently, for the identified agent, determine the U.S. Food and Drug Administration (FDA) designated exclusivity date associated with its last overall approval granted on or before December 2024.
Note that the query pertains exclusively to the original marketing authorization, not approvals for new indications or supplemental applications.
If an exclusivity date is non-existent or unavailable, respond with 'DATE: NA'. Otherwise, return only the date in the MM-DD-YYYY format of date: MM-DD-YYYY.",Exclusivity_Date,style1_formal
,"For clinical trial NCT04538664, identify the ingredient in a more effective regimen that starts with the letter P.

For that ingredient, what is its FDA exclusivity date based on its last overall approval up to Dec, 2024?
Note: Consider only overall FDA drug approval, not new indications or supplemental approvals.
If the date is unavailable, respond with 'DATE: NA'. Otherwise, return the date in MM-DD-YYYY format as date: MM-DD-YYYY.",Exclusivity_Date,style2_concise
,"First, for clinical trial NCT04538664 among the more effective regimen ingredients, identify which ingredient starts with the letter P.

Then, for this identified ingredient that was last approved up till Dec, 2024, when is its exclusivity date according to the FDA?

Finally, follow these output rules: Note that we are only look for overall FDA drug approval, not new indidcation, not supplemental approvals. If no exclusivity date exists or if it's not available, respond with 'DATE: NA'. Otherwise, return only the date in MM-DD-YYYY format of date: MM-DD-YYYY.",Exclusivity_Date,style3_stepwise
Not_Listed,"Regarding clinical trial NCT00262769, evaluate the constituents of the more efficacious regimen and identify the constituent whose nomenclature commences with the letter G.

Subsequently, ascertain the pharmaceutical entity that obtained the most recent FDA approval (up until December 2024) for the aforementioned constituent.
Note: This inquiry is confined to overall FDA drug approval, excluding new indications and supplemental approvals.

Should the identified company be publicly traded on any US stock market (including over-the-counter markets), provide:
1. The stock ticker symbol
2. The opening stock price on the date of FDA approval

Should the company not be listed on any US stock market, indicate ""NOT LISTED"".",Open_on_Approval,style1_formal
Not_Listed,"For clinical trial NCT00262769, identify the ingredient starting with G in the more effective regimen.

Then, identify the company with the most recent overall FDA drug approval (not new indication or supplemental) for this ingredient by December 2024.

If the company is listed on a US stock market (including over-the-counter markets), provide:
1. Stock ticker symbol
2. Opening stock price on the FDA approval date

If the company is not listed, state ""NOT LISTED"".",Open_on_Approval,style2_concise
Not_Listed,"First, for clinical trial NCT00262769, review the more effective regimen ingredients and identify the one that starts with the letter G.

Then, determine which pharmaceutical company received the most recent FDA approval (up until December 2024) for this identified ingredient.
Note that we are only looking for overall FDA drug approval, not new indication, not supplemental approvals.

Finally, if this company is listed on any US stock market (including over-the-counter markets), provide:
1. The stock ticker symbol
2. The opening stock price on the FDA approval date

If the company is not listed on any US stock market, please indicate ""NOT LISTED"".",Open_on_Approval,style3_stepwise
IBRUTINIB,For clinical trial NCT01776840. Among the constituent ingredients of the more efficacious regimens; identify the ingredient whose name commences with the letter I. Return only the name of the ingredient or unknown in all CAPS in the format of INGREDIENT: name,Ingredient,style1_formal
IBRUTINIB,"For clinical trial NCT01776840: from the more effective regimen ingredients, find the one starting with the letter I. Return only the ingredient name or UNKNOWN in all caps in the format: INGREDIENT: name",Ingredient,style2_concise
IBRUTINIB,"First, for clinical trial NCT01776840, identify the more effective regimen ingredients. Then, from that list, find the ingredient with the first letter starting with I. Finally, return only the name of the ingredient or unknown in all CAPS in the format of INGREDIENT: name",Ingredient,style3_stepwise
ZHUHAI BEIHAI BIOTECH CO LTD,"For clinical trial NCT00478049, identify the constituent agent of the more efficacious regimens whose name commences with the letter D.

Subsequently, for this identified agent, determine which corporate entity received the most recent FDA approval dated up till Dec, 2024. This analysis is restricted to original FDA drug approvals, excluding new indications and supplemental approvals. The response must be presented solely as the company name in the format: COMPANY: name.",Applicant_Full_Name,style1_formal
ZHUHAI BEIHAI BIOTECH CO LTD,"For clinical trial NCT00478049, find the ingredient in the most effective regimen that starts with the letter D.

Then, for this ingredient, find the company with the latest original FDA drug approval by Dec, 2024. Exclude new indications and supplemental approvals.
Return only the company name in format of COMPANY: name.",Applicant_Full_Name,style2_concise
ZHUHAI BEIHAI BIOTECH CO LTD,"First, examine the more effective regimen ingredients from clinical trial NCT00478049 to identify the ingredient that starts with the letter D.

Then, for this specific ingredient, find the company that holds the latest overall FDA drug approval. Your search should only include approvals granted up until December 2024, and you must filter out any new indications or supplemental approvals.

Finally, return only the company's name in the specified format of COMPANY: name.",Applicant_Full_Name,style3_stepwise
"May 16, 2036","For clinical trial NCT01282463, identify the constituent agent of the most efficacious regimen whose nomenclature commences with the letter D.

Subsequently, for the identified agent, determine its patent expiration date, given that its final overall FDA approval occurred on or prior to Dec, 2024.
Note that the inquiry is limited to the overall FDA drug approval, and excludes new indications or supplemental approvals.
The response should be restricted to the year only, in the YYYY format of date: YYYY.",Patent_Expire_Date_Text,style1_formal
"May 16, 2036","In clinical trial NCT01282463, identify the ingredient in the more effective regimen that starts with the letter D.

For this ingredient, what is the patent expiration date for its last approval up to Dec, 2024?
Note: Look for overall FDA drug approval only, not new indications or supplemental approvals.
Return only the year in YYYY format.",Patent_Expire_Date_Text,style2_concise
"May 16, 2036","First, review the more effective regimen ingredients for clinical trial NCT01282463 and identify the specific ingredient that starts with the letter D.

Then, for this specific ingredient, find its patent expiration date, ensuring that its last overall FDA drug approval occurred on or before Dec, 2024.
Note that we are only look for overall FDA drug approval, not new indidcation, not supplemental approvals.

Finally, return the patent expiration date.
Return only the date only the year YYYY format of date: YYYY.",Patent_Expire_Date_Text,style3_stepwise
LENALIDOMIDE,"For clinical trial NCT01718379, from the constituent ingredients of the more effective regimens, identify the ingredient whose name commences with the letter L, returning only the name of the ingredient or unknown in all capital letters in the format of INGREDIENT: name",Ingredient,style1_formal
LENALIDOMIDE,"For clinical trial NCT01718379. Among the more effective regimen ingredients, find the one starting with L and return its name or UNKNOWN in all CAPS, formatted as INGREDIENT: name.",Ingredient,style2_concise
LENALIDOMIDE,"First, for clinical trial NCT01718379, find the ingredients in the more effective regimen. Then, from that list, identify the ingredient that starts with the letter L. Finally, return its name in all CAPS in the format INGREDIENT: name, or return INGREDIENT: UNKNOWN if not found.",Ingredient,style3_stepwise
Not_Listed,"Regarding clinical trial NCT00002582, evaluate the constituent agents of the most efficacious therapeutic regimen and identify the agent whose name commences with the letter C.

Subsequently, determine the pharmaceutical entity that was granted the most recent U.S. Food and Drug Administration (FDA) approval through December 2024 for the aforementioned agent.
This inquiry is restricted to original New Drug Application (NDA) or Biologics License Application (BLA) approvals and explicitly excludes supplemental approvals (e.g., for new indications).

Should this entity be publicly traded on a United States stock exchange, inclusive of over-the-counter (OTC) markets, furnish the following:
1. Its stock ticker symbol
2. The opening share price on the date of the aforementioned FDA approval

Conversely, if the entity is not publicly traded on a U.S. exchange, state ""NOT LISTED"".",Open_on_Approval,style1_formal
Not_Listed,"For clinical trial NCT00002582, identify the ingredient in the more effective regimen that starts with the letter C.

Then, find the company that received the most recent FDA approval for this ingredient by December 2024.
Consider only original drug approvals, not new indications or supplemental approvals.

If this company is listed on any US stock market (including over-the-counter markets), provide:
1. The stock ticker symbol
2. The opening stock price on the approval date

If the company is not listed on any US stock market, state ""NOT LISTED"".",Open_on_Approval,style2_concise
Not_Listed,"First, for clinical trial NCT00002582, review the ingredients of the more effective regimen and identify the one that starts with the letter C.

Then, using the ingredient you identified, determine which pharmaceutical company received the most recent overall FDA drug approval for it, up until December 2024.
Note that we are only looking for overall FDA drug approval, not new indications, not supplemental approvals.

Finally, if this company is listed on any US stock market (including over-the-counter markets), provide:
1. The stock ticker symbol
2. The opening stock price on the FDA approval date

If the company is not listed on any US stock market, please indicate ""NOT LISTED"".",Open_on_Approval,style3_stepwise
FRESENIUS KABI USA LLC,"For clinical trial NCT00417911, among the constituents of the more efficacious therapeutic regimen, identify the agent whose name commences with the letter B.

Subsequently, determine the company holding the most recent FDA approval for this identified agent, with an approval date no later than December 2024. This inquiry is limited to original drug approvals, excluding new indications and supplemental approvals. The response must be formatted exclusively as: COMPANY: name.",Applicant_Full_Name,style1_formal
FRESENIUS KABI USA LLC,"In trial NCT00417911's effective regimen, which ingredient starts with the letter B?

For this ingredient, find the company with the latest original FDA drug approval by Dec, 2024. Do not include new indications or supplemental approvals.

Return only the company name in the format: COMPANY: name.",Applicant_Full_Name,style2_concise
FRESENIUS KABI USA LLC,"First, for clinical trial NCT00417911, identify the ingredient that starts with the letter B from among the more effective regimen ingredients.

Then, find the company that has the latest overall FDA drug approval for this ingredient, with an approval date up to December 2024. Note that this search is only for overall FDA drug approvals, not new indications or supplemental approvals.

Finally, return only the company name in the format: COMPANY: name.",Applicant_Full_Name,style3_stepwise
"Jul 12, 2034","Pertaining to clinical trial NCT00002662, from the active ingredients comprising the more efficacious regimens, identify the component whose name commences with the letter P.

Subsequently, for this identified ingredient with its latest overall FDA drug approval occurring on or before Dec, 2024, determine its patent expiration date.
Note that the inquiry is restricted to the overall FDA drug approval, and specifically excludes new indications or supplemental approvals.
Return only the year of the date in the specified format: YYYY.",Patent_Expire_Date_Text,style1_formal
"Jul 12, 2034","For clinical trial NCT00002662, identify the ingredient in its more effective regimens that starts with P.

For this ingredient, what is the patent expiration date for its last approval by Dec, 2024?
Note: Consider only overall FDA drug approval, not new indidcation, not supplemental approvals.
Return only the year in YYYY format.",Patent_Expire_Date_Text,style2_concise
"Jul 12, 2034","First, for clinical trial NCT00002662, examine the more effective regimen ingredients and identify the one that starts with the letter P.

Then, for this identified ingredient, find its last overall FDA drug approval that occurred on or before Dec, 2024.
Note that we are only look for overall FDA drug approval, not new indidcation, not supplemental approvals.

Finally, for that specific approval, what is the patent expiration date?
Return only the date only the year YYYY format of date: YYYY.",Patent_Expire_Date_Text,style3_stepwise
"May 16, 2036","With reference to clinical trial NCT01038661, identify the therapeutic agent from the more efficacious regimen whose name commences with the letter 'D'.

Subsequently, for said agent, ascertain the patent expiration date, contingent upon its original U.S. Food and Drug Administration (FDA) approval having been granted on or before December 2024.
Note: The scope of this inquiry is limited to the initial, comprehensive FDA drug approval and explicitly excludes approvals for new indications or supplemental applications.
The output for the date must be provided exclusively in the year format: YYYY.",Patent_Expire_Date_Text,style1_formal
"May 16, 2036","For clinical trial NCT01038661, which ingredient from the more effective regimens starts with the letter D?

For this ingredient, what is the patent expiration date of its last approval by Dec, 2024?
Note: Consider only overall FDA drug approval, not new indications or supplemental approvals.
Return only the year in YYYY format.",Patent_Expire_Date_Text,style2_concise
"May 16, 2036","First, for clinical trial NCT01038661 among the more effective regimen ingredients, identify which ingredient starts with the letter D.

Then, for this identified ingredient, find its patent expiration date based on its last overall FDA drug approval up till Dec, 2024.
Note that we are only look for overall FDA drug approval, not new indidcation, not supplemental approvals.

Finally, return only the date only the year YYYY format of date: YYYY.",Patent_Expire_Date_Text,style3_stepwise
,"With reference to clinical trial NCT00445601, among the constituent ingredients of the more effective regimens, identify the agent whose nomenclature commences with the letter G.

Subsequently, for the thus identified agent, determine its FDA-granted exclusivity date, contingent upon its last overall drug approval occurring on or prior to December, 2024.
Note that the scope of this query is limited to overall Food and Drug Administration (FDA) drug approval, precluding new indications or supplemental approvals.
If no exclusivity date exists or if it is unavailable, respond with 'DATE: NA'. Otherwise, return only the date in the MM-DD-YYYY format, structured as: date: MM-DD-YYYY.",Exclusivity_Date,style1_formal
,"For clinical trial NCT00445601, identify the ingredient starting with G from the more effective regimens.

Then, for this ingredient, find the FDA exclusivity date for its last approval by Dec, 2024.
Note: Use only overall FDA drug approval, not new indications or supplemental approvals.
If no date is available, return 'DATE: NA'. Otherwise, return the date as date: MM-DD-YYYY.",Exclusivity_Date,style2_concise
,"First, for clinical trial NCT00445601, among the more effective regimen ingredients, identify which ingredient starts with the letter G.

Then, for this identified ingredient, find its last overall FDA drug approval up till Dec, 2024.
Note that we are only look for overall FDA drug approval, not new indidcation, not supplemental approvals.

Finally, determine its exclusivity date according to the FDA. If no exclusivity date exists or if it's not available, respond with 'DATE: NA'. Otherwise, return only the date in MM-DD-YYYY format of date: MM-DD-YYYY.",Exclusivity_Date,style3_stepwise
"Nov 3, 2032","For clinical trial NCT00513955, from the constituents of the more efficacious therapeutic regimen, identify the agent whose name begins with the letter B.

Subsequently, for the identified agent, determine the patent expiration date, contingent upon its initial overall FDA drug approval having been granted on or before Dec, 2024.
Note: The scope of this inquiry is restricted to the initial overall FDA drug approval, expressly excluding approvals for new indications or supplemental applications.
Provide the response as the year of expiration only, in the YYYY format of date: YYYY.",Patent_Expire_Date_Text,style1_formal
"Nov 3, 2032","In clinical trial NCT00513955, which regimen ingredient starts with the letter B?

For this ingredient, what is its patent expiration date, given its last overall FDA drug approval was by Dec, 2024?
Note: Consider only overall FDA drug approval, not new indications or supplemental approvals.
Return only the year in YYYY format.",Patent_Expire_Date_Text,style2_concise
"Nov 3, 2032","First, for clinical trial NCT00513955, among the more effective regimen ingredients, identify the ingredient that starts with the letter B.

Then, for this identified ingredient, find its patent expiration date. This date should correspond to the drug product's last overall FDA drug approval on or before Dec, 2024.
Note that we are only look for overall FDA drug approval, not new indidcation, not supplemental approvals.

Finally, return only the year of the patent expiration date in YYYY format.",Patent_Expire_Date_Text,style3_stepwise
"Oct 3, 2026","With respect to clinical trial NCT00833833, identify the therapeutic agent among the components of the more effective regimens whose nomenclature commences with the letter 'D'.

Subsequently, for this identified agent, ascertain its FDA-granted exclusivity expiration date based on its most recent overall drug approval granted on or before Dec, 2024. It is specified that this query pertains exclusively to the original marketing authorization and excludes approvals for new indications or supplemental applications.

If no exclusivity date exists or if such data are unavailable, respond with 'DATE: NA'. Otherwise, provide only the date in the specified format: date: MM-DD-YYYY.",Exclusivity_Date,style1_formal
"Oct 3, 2026","For clinical trial NCT00833833, which effective regimen ingredient starts with the letter D?

For this ingredient, what is its FDA exclusivity date based on its last overall approval by Dec, 2024?
Consider only overall FDA drug approval, not new indications or supplemental approvals.
If the date is unavailable, respond 'DATE: NA'. Otherwise, return the date using the format: date: MM-DD-YYYY.",Exclusivity_Date,style2_concise
"Oct 3, 2026","First, for clinical trial NCT00833833, identify which ingredient among the more effective regimen ingredients starts with the letter D.

Then, for this identified ingredient that was last approved up till Dec, 2024, find its exclusivity date according to the FDA.

Note that we are only looking for overall FDA drug approval, not new indication, not supplemental approvals.

Finally, if no exclusivity date exists or if it's not available, respond with 'DATE: NA'. Otherwise, return only the date in MM-DD-YYYY format of date: MM-DD-YYYY.",Exclusivity_Date,style3_stepwise
DEXAMETHASONE,"For clinical trial NCT00256776, from the constituents of the more efficacious regimen, identify the ingredient whose name commences with the letter 'D' and return only the name in all capital letters, or UNKNOWN, using the format: INGREDIENT: name",Ingredient,style1_formal
DEXAMETHASONE,"For clinical trial NCT00256776, from the more effective regimen ingredients, find the one starting with D; return only the name or UNKNOWN in all CAPS in the format INGREDIENT: name.",Ingredient,style2_concise
DEXAMETHASONE,"First, for the clinical trial NCT00256776, identify the ingredients in the more effective regimen. Then, from those ingredients, find the one whose name starts with the letter D. Finally, return only the name of that ingredient in all CAPS, in the format of INGREDIENT: name. If no such ingredient is found, return INGREDIENT: UNKNOWN.",Ingredient,style3_stepwise
,"With reference to clinical trial NCT00446225, among the constituents of the more efficacious therapeutic regimens, identify the active ingredient commencing with the letter D.

Subsequently, for the identified constituent, determine the Food and Drug Administration (FDA) exclusivity date associated with its most recent overall drug approval occurring on or before Dec, 2024.
Note that the inquiry is restricted to the overall FDA drug approval, thereby excluding approvals for new indications or supplemental applications.
In the event that no exclusivity date exists or is available, the designated response is 'DATE: NA'. Otherwise, return only the date in MM-DD-YYYY format of date: MM-DD-YYYY.",Exclusivity_Date,style1_formal
,"For clinical trial NCT00446225, which ingredient in the more effective regimen starts with D?

For this ingredient, what is the FDA exclusivity date for its last overall drug approval by Dec, 2024?
Consider only overall FDA drug approval, not new indications or supplemental approvals.
If the date is unavailable, return 'DATE: NA'. Otherwise, return the date as date: MM-DD-YYYY.",Exclusivity_Date,style2_concise
,"First, for clinical trial NCT00446225 among the more effective regimen ingredients, identify which ingredient starts with the letter D.

Then, for this identified ingredient, find its exclusivity date according to the FDA, based on its last approval up till Dec, 2024.
Note that we are only looking for overall FDA drug approval, not new indidcation, not supplemental approvals.

Finally, if no exclusivity date exists or if it's not available, respond with 'DATE: NA'. Otherwise, return only the date in MM-DD-YYYY format of date: MM-DD-YYYY.",Exclusivity_Date,style3_stepwise
ZHUHAI BEIHAI BIOTECH CO LTD,"Pertaining to clinical trial NCT00703326, identify the constituent agent within the more efficacious therapeutic regimen whose name commences with the letter D.

Subsequently, determine the company holding the most recent initial FDA approval for this identified agent, with an approval date up till Dec, 2024. This inquiry is restricted to the original marketing authorization and explicitly excludes supplemental approvals or new indications. The output must be presented exclusively in the format: COMPANY: name.",Applicant_Full_Name,style1_formal
ZHUHAI BEIHAI BIOTECH CO LTD,"In trial NCT00703326, what ingredient in the more effective regimen starts with D?

For this ingredient, which company received the latest overall FDA drug approval by Dec, 2024? Exclude new indications and supplemental approvals.

Return the company name in the format: COMPANY: name.",Applicant_Full_Name,style2_concise
ZHUHAI BEIHAI BIOTECH CO LTD,"First, for clinical trial NCT00703326, identify the ingredient among the more effective regimens that starts with the letter D.

Then, for this specific ingredient, find the company that received the latest overall FDA drug approval with a date up to Dec, 2024. Please note to only consider overall drug approvals, not new indications or supplemental approvals.

Finally, return only the name of the company in the format: COMPANY: name.",Applicant_Full_Name,style3_stepwise
,"Pertaining to clinical trial NCT00417911, from the constituent agents of the more efficacious therapeutic regimens, identify the agent whose nomenclature commences with the letter B.

Subsequently, for this identified agent with a final approval date on or before Dec, 2024, determine its marketing exclusivity expiration date as designated by the FDA.
Note that the query pertains only to the overall FDA drug approval, excluding new indications and supplemental approvals.
In the absence of an existing or available exclusivity date, respond with 'DATE: NA'. Otherwise, return only the date in the MM-DD-YYYY format of date: MM-DD-YYYY.",Exclusivity_Date,style1_formal
,"For clinical trial NCT00417911, what ingredient in the more effective regimen starts with the letter B?

For this ingredient, what is the FDA exclusivity date from its last overall approval up till Dec, 2024?
Consider only overall FDA drug approval, not new indications or supplemental approvals.
If the exclusivity date is unavailable, respond 'DATE: NA'. Otherwise, return the date as: date: MM-DD-YYYY.",Exclusivity_Date,style2_concise
,"First, for clinical trial NCT00417911, identify the ingredient from the more effective regimen that starts with the letter B.

Then, for this identified ingredient, find its FDA exclusivity date corresponding to its last overall drug approval up till Dec, 2024. Note that we are only looking for overall FDA drug approval, not new indication or supplemental approvals.

Finally, if no exclusivity date exists or if it's not available, respond with 'DATE: NA'. Otherwise, return only the date in MM-DD-YYYY format of date: MM-DD-YYYY.",Exclusivity_Date,style3_stepwise
PEMETREXED DISODIUM,"For clinical trial NCT04538664, among the more efficacious regimen constituents, identify the ingredient whose name commences with the letter 'P', returning only the name of the ingredient or 'unknown' in all CAPS in the format of INGREDIENT: name",Ingredient,style1_formal
PEMETREXED DISODIUM,"For clinical trial NCT04538664, find the ingredient starting with P from the more effective regimens. Return the name or UNKNOWN in all caps, formatted as INGREDIENT: name.",Ingredient,style2_concise
PEMETREXED DISODIUM,"First, for clinical trial NCT04538664, identify the more effective regimen ingredients. Then, from this list, find the ingredient with the first letter start with P. Finally, return only the name of the ingredient or unknown in all CAPS in the format of INGREDIENT: name",Ingredient,style3_stepwise
35.55500030517578,"With respect to clinical trial NCT01924533, examine the constituents of the more efficacious regimen and identify the constituent whose name commences with the letter 'O'.

Subsequently, determine the pharmaceutical company that received the most recent FDA approval (through December 2024) for this identified constituent.
It should be noted that consideration is limited to overall FDA drug approval, not new indidcation, not supplemental approvals.

If said company is listed on any U.S. stock market (including over-the-counter markets), provide:
1. The stock ticker symbol
2. The opening stock price on the FDA approval date

Should the company not be listed on any U.S. stock market, please indicate ""NOT LISTED"".",Open_on_Approval,style1_formal
35.55500030517578,"In clinical trial NCT01924533's more effective regimen, what ingredient starts with the letter O?

Which pharmaceutical company received the most recent FDA approval for this ingredient by December 2024?
Note: Only consider overall FDA drug approvals, not new indications or supplemental approvals.

If the company is US-listed (including OTC markets), provide:
1. Stock ticker symbol
2. Opening stock price on the FDA approval date

If not US-listed, state ""NOT LISTED"".",Open_on_Approval,style2_concise
35.55500030517578,"First, for clinical trial NCT01924533, review the more effective regimen ingredients and identify which ingredient starts with the letter O.

Then, determine which pharmaceutical company received the most recent FDA approval (up until December 2024) for this identified ingredient.
Note that we are only look for overall FDA drug approval, not new indidcation, not supplemental approvals.

Finally, if this company is listed on any US stock market (including over-the-counter markets), provide:
1. The stock ticker symbol
2. The opening stock price on the FDA approval date

If the company is not listed on any US stock market, please indicate ""NOT LISTED"".",Open_on_Approval,style3_stepwise
58.59000015258789,"Pertaining to clinical trial NCT02950051, analyze the components of the more effective regimen and identify the constituent agent whose nomenclature commences with the letter V.

Subsequently, determine the pharmaceutical company that received the most recent U.S. Food and Drug Administration (FDA) approval for this identified agent, for the period up to and including December 2024.
Note that this inquiry is restricted to overall FDA drug approvals, and expressly excludes new indications or supplemental approvals.

If this company is listed on any U.S. stock market (including over-the-counter markets), provide:
1. The stock ticker symbol
2. The opening stock price on the FDA approval date

If the company is not listed on any U.S. stock market, please indicate ""NOT LISTED"".",Open_on_Approval,style1_formal
58.59000015258789,"For clinical trial NCT02950051, identify the ingredient in the more effective regimen that starts with the letter V.

Then, find the company that received the most recent FDA approval for this ingredient by December 2024.
Consider only original drug approvals, not new indications or supplemental approvals.

If the company is listed on a US stock market (including OTC markets), provide:
1. The stock ticker symbol
2. The opening stock price on the FDA approval date

If the company is not US-listed, state ""NOT LISTED"".",Open_on_Approval,style2_concise
58.59000015258789,"First, for clinical trial NCT02950051, review the more effective regimen ingredients and identify which ingredient starts with the letter V.

Then, for this identified ingredient, determine which pharmaceutical company received the most recent FDA approval up until December 2024.
Note that we are only look for overall FDA drug approval, not new indidcation, not supplemental approvals.

Finally, if this company is listed on any US stock market (including over-the-counter markets), provide:
1. The stock ticker symbol
2. The opening stock price on the FDA approval date

If the company is not listed on any US stock market, please indicate ""NOT LISTED"".",Open_on_Approval,style3_stepwise
"May 16, 2036","With respect to clinical trial NCT00084318, identify the therapeutic agent within the regimen demonstrating superior efficacy whose name commences with the letter D.

Subsequently, for the aforementioned agent, determine its patent expiration date, contingent upon its final overall FDA drug approval being issued no later than Dec, 2024.
It is to be noted that the analysis is restricted to the overall FDA drug approval, thereby excluding new indications or supplemental approvals.
The output for the date must be provided exclusively in the year format: YYYY.",Patent_Expire_Date_Text,style1_formal
"May 16, 2036","For clinical trial NCT00084318, identify the effective regimen ingredient that starts with the letter D.

For this ingredient, find the patent expiration date of its last approval by Dec, 2024.
Note: Consider only overall FDA drug approval, not new indications or supplemental approvals.
Return only the year in YYYY format.",Patent_Expire_Date_Text,style2_concise
"May 16, 2036","First, for clinical trial NCT00084318, examine the ingredients of the more effective regimen and identify the one that starts with the letter D.

Then, for this identified ingredient, find its last overall FDA drug approval granted up till Dec, 2024. Finally, for that specific approval, provide its patent expiration date.
Note that we are only look for overall FDA drug approval, not new indidcation, not supplemental approvals.
Return only the date only the year YYYY format of date: YYYY.",Patent_Expire_Date_Text,style3_stepwise
SHORLA PHARMA LTD,"Pertaining to clinical trial NCT00002870, from the constituent agents of the more efficacious therapeutic regimen, identify the ingredient whose name commences with the letter 'T'.

Subsequently, determine the company that holds the most recent initial marketing approval from the U.S. Food and Drug Administration (FDA) for this identified agent, granted on or before Dec, 2024. This inquiry is restricted to original New Drug Application (NDA) or Biologics License Application (BLA) approvals and explicitly excludes supplemental approvals or new indications. The result must be presented solely as the company name, in the format: COMPANY: name.",Applicant_Full_Name,style1_formal
SHORLA PHARMA LTD,"For clinical trial NCT00002870, identify the effective regimen ingredient starting with the letter T.

For this ingredient, find the company with the latest overall FDA drug approval by Dec, 2024. Do not include new indications or supplemental approvals.
Return the company name in the format: COMPANY: name.",Applicant_Full_Name,style2_concise
SHORLA PHARMA LTD,"First, for clinical trial NCT00002870 among the more effective regimen ingredients, identify which ingredient starts with the letter T.

Then, find which company has the latest FDA approval date up till Dec, 2024 for this identified ingredient. Note that we are only looking for overall FDA drug approval, not new indication, not supplemental approvals.

Finally, return only the company name in the format of COMPANY: name.",Applicant_Full_Name,style3_stepwise
"Jan 6, 2027","For clinical trial NCT00720512, from the regimen demonstrating superior efficacy, identify the therapeutic constituent whose name commences with the letter 'I'.

Subsequently, for this identified constituent with a final overall FDA approval date on or before Dec, 2024, ascertain its patent expiration date.
Note that the inquiry is restricted to overall FDA drug approval, excluding new indications or supplemental approvals.
The response must be formatted to return only the year of the date in the format: YYYY.",Patent_Expire_Date_Text,style1_formal
"Jan 6, 2027","For clinical trial NCT00720512, identify the ingredient starting with 'I' from the more effective regimen.

For this ingredient, what is the patent expiration date for its last approval up to Dec, 2024?
Note: Consider only overall FDA drug approval, excluding new indications or supplemental approvals.
Return only the year in YYYY format.",Patent_Expire_Date_Text,style2_concise
"Jan 6, 2027","First, search within clinical trial NCT00720512 to find the ingredients listed in the more effective regimen, and from that list, identify the specific ingredient that starts with the letter I.

Then, for this identified ingredient, find its last overall FDA drug approval that occurred on or before Dec, 2024. Note that we are only looking for overall FDA drug approval, not new indications and not supplemental approvals.

Finally, based on that approval, find the patent expiration date and return only the year in YYYY format.",Patent_Expire_Date_Text,style3_stepwise
24.75,"Regarding clinical trial NCT00064077, examine the constituent components of the more effective therapeutic regimen and identify the active ingredient whose nomenclature commences with the letter 'P'.

Subsequently, determine the pharmaceutical company that obtained the most recent U.S. Food and Drug Administration (FDA) approval for the aforementioned ingredient, for the period ending December 2024.
Note: This inquiry is restricted to an original marketing approval and expressly excludes supplemental approvals or approvals for new indications.

If the identified company is publicly traded on any U.S. stock market, including over-the-counter markets, provide:
1. The stock ticker symbol
2. The opening stock price on the FDA approval date

Should the company not be listed on any U.S. stock market, please indicate ""NOT LISTED"".",Open_on_Approval,style1_formal
24.75,"For clinical trial NCT00064077, identify the ingredient in the more effective regimen that starts with P.

Then, find the company with the most recent FDA approval for this ingredient by December 2024.
Note: This search is for original drug approvals only, not new indications or supplemental approvals.

If this company is listed on any US stock market (including over-the-counter markets), provide:
1. The stock ticker symbol
2. The opening stock price on the FDA approval date

If the company is not listed on any US stock market, indicate ""NOT LISTED"".",Open_on_Approval,style2_concise
24.75,"First, for clinical trial NCT00064077, review the ingredients of the more effective regimen and identify the specific ingredient that begins with the letter P.

Then, using the ingredient identified, find the pharmaceutical company that received the most recent overall FDA drug approval for it, up until December 2024. Note that new indications or supplemental approvals should be excluded.

Finally, if this company is listed on any US stock market (including over-the-counter markets), provide:
1. The stock ticker symbol
2. The opening stock price on the FDA approval date

If the company is not listed on any US stock market, please indicate ""NOT LISTED"".",Open_on_Approval,style3_stepwise
"Mar 26, 2035","For clinical trial NCT04538664, from the therapeutic agents comprising the more efficacious regimens, identify the one whose name commences with the letter P.

Subsequently, for this identified agent, determine its patent expiration date, given that its last overall FDA drug approval was granted on or before December, 2024.
Note that this inquiry pertains exclusively to the overall FDA drug approval, and not to new indications or supplemental approvals.
Return only the year of the date in the format: YYYY.",Patent_Expire_Date_Text,style1_formal
"Mar 26, 2035","In clinical trial NCT04538664, which effective regimen ingredient starts with the letter P?

For this ingredient, what is the patent expiration date of its last approval up till Dec 2024?

Note: Look for overall FDA drug approval only, not new indications or supplemental approvals.

Return only the year in YYYY format.",Patent_Expire_Date_Text,style2_concise
"Mar 26, 2035","First, for clinical trial NCT04538664 among the more effective regimen ingredients, identify which ingredient starts with the letter P.

Then, for this identified ingredient that was last approved up till Dec, 2024, find its patent expiration date.

Finally, note that we are only look for overall FDA drug approval, not new indidcation, not supplemental approvals. You must return only the date only the year YYYY format of date: YYYY.",Patent_Expire_Date_Text,style3_stepwise
BRISTOL-MYERS SQUIBB CO,"With reference to clinical trial NCT00003128, from the constituent components of the more efficacious treatment regimens, identify the active ingredient whose name commences with the letter P.

Subsequently, for the identified ingredient, determine which company possesses the latest FDA approval date up till Dec, 2024. It is stipulated that this query pertains only to original FDA drug approvals, excluding new indications and supplemental approvals.
Return the output exclusively in the format of COMPANY: name.",Applicant_Full_Name,style1_formal
BRISTOL-MYERS SQUIBB CO,"For clinical trial NCT00003128, identify the ingredient from its more effective regimens that starts with the letter P.

For this ingredient, find the company with the latest overall FDA drug approval by Dec, 2024. Exclude new indications and supplemental approvals. Return only the company name in the format COMPANY: name.",Applicant_Full_Name,style2_concise
BRISTOL-MYERS SQUIBB CO,"First, for clinical trial NCT00003128, review the ingredients of the more effective regimen and identify the one that starts with the letter P.

Then, for this identified ingredient, find the company that holds the latest overall FDA drug approval up till Dec, 2024. Note that we are only looking for overall FDA drug approval, not new indidcation, not supplemental approvals.

Finally, return only the company name in the format of COMPANY: name.",Applicant_Full_Name,style3_stepwise
Not_Listed,"With respect to clinical trial NCT00833833, analyze the components of the more effective regimen and identify the specific ingredient commencing with the letter D.

Subsequently, determine the pharmaceutical company that received the most recent U.S. Food and Drug Administration (FDA) approval for this identified ingredient, current through December 2024.
Note that this inquiry is specific to an original FDA drug approval and expressly excludes new indications and supplemental approvals.

Should this company be listed on any U.S. stock market (including over-the-counter markets), provide the following:
1. The stock ticker symbol
2. The opening stock price on the date of the FDA approval

If the company is not listed on any U.S. stock market, please indicate ""NOT LISTED"".",Open_on_Approval,style1_formal
Not_Listed,"For clinical trial NCT00833833, identify the ingredient starting with D in the more effective regimen.

Then, determine which company received the most recent original new drug approval for this ingredient by December 2024.

If the company is listed on a US stock market (including over-the-counter markets), provide:
1. The stock ticker symbol
2. The opening stock price on the FDA approval date

If the company is not listed, indicate ""NOT LISTED"".",Open_on_Approval,style2_concise
Not_Listed,"First, for clinical trial NCT00833833, review the ingredients of the more effective regimen and identify which ingredient starts with the letter D.

Then, determine which pharmaceutical company received the most recent overall FDA drug approval for this identified ingredient, up until December 2024. Note that we are only looking for overall FDA drug approval, not new indications or supplemental approvals.

Finally, if this company is listed on any US stock market (including over-the-counter markets), provide:
1. The stock ticker symbol
2. The opening stock price on the FDA approval date

If the company is not listed on any US stock market, please indicate ""NOT LISTED"".",Open_on_Approval,style3_stepwise
ZHUHAI BEIHAI BIOTECH CO LTD,"Regarding clinical trial NCT00084318, identify the constituent agent within the more efficacious regimens whose name commences with the letter D.

Subsequently, determine the company holding the most recent original FDA approval for this agent, granted up to December 2024. It should be noted that the inquiry is restricted to initial marketing authorizations, thereby excluding new indications and supplemental approvals. The response must be formatted to return only the company name as COMPANY: name.",Applicant_Full_Name,style1_formal
ZHUHAI BEIHAI BIOTECH CO LTD,"For clinical trial NCT00084318, identify the effective regimen ingredient starting with D.

For that ingredient, find the company with the latest overall FDA drug approval by Dec, 2024. Exclude new indications and supplemental approvals.

Return only the company name in the format: COMPANY: name.",Applicant_Full_Name,style2_concise
ZHUHAI BEIHAI BIOTECH CO LTD,"First, from the more effective regimen ingredients in clinical trial NCT00084318, identify the single ingredient that starts with the letter D.

Then, for that identified ingredient, find the company that holds the latest overall FDA drug approval. The approval date must be up to December 2024, and you must only consider overall FDA drug approvals, not new indications or supplemental approvals.

Finally, return only the company name in the format of COMPANY: name.",Applicant_Full_Name,style3_stepwise
BORTEZOMIB,"For clinical trial NCT00417911, among the components of the more efficacious therapeutic regimens, identify the ingredient whose name commences with the letter 'B' and return only the name of the ingredient or unknown in all CAPS in the format of INGREDIENT: name",Ingredient,style1_formal
BORTEZOMIB,For clinical trial NCT00417911. From the more effective regimen ingredients; find the ingredient starting with B return only the ingredient name or UNKNOWN in all CAPS in the format INGREDIENT: name,Ingredient,style2_concise
BORTEZOMIB,"First, for clinical trial NCT00417911, consider the ingredients belonging to the more effective regimen. Then, from this list of ingredients, find the specific one that has a name starting with the letter B. Finally, return only the name of the ingredient, or unknown if not found, in all CAPS using the format INGREDIENT: name.",Ingredient,style3_stepwise
IPSEN BIOPHARMACEUTICALS INC,"Pertaining to clinical trial NCT00012389, among the constituent components of the more effective regimens, identify the ingredient whose name commences with the letter 'I'.

Subsequently, for the identified ingredient, determine the company that holds the latest original FDA approval up till Dec, 2024. Note that this inquiry is restricted to initial marketing authorizations and explicitly excludes new indications and supplemental approvals.
Return only the company name in the format of COMPANY: name.",Applicant_Full_Name,style1_formal
IPSEN BIOPHARMACEUTICALS INC,"For clinical trial NCT00012389, identify the effective regimen ingredient starting with the letter I.

For this ingredient, find the company with the latest overall FDA drug approval by Dec, 2024. Exclude new indications and supplemental approvals.
Return only the company name in the format COMPANY: name.",Applicant_Full_Name,style2_concise
IPSEN BIOPHARMACEUTICALS INC,"First, in clinical trial NCT00012389, review the list of more effective regimen ingredients to identify the one that starts with the letter I.

Then, for the ingredient you just identified, find which company received the latest overall FDA drug approval. Your search must be limited to approvals on or before Dec, 2024 and must only include overall FDA drug approvals, not new indications or supplemental approvals.

Finally, return only the name of that company in the following format: COMPANY: name.",Applicant_Full_Name,style3_stepwise
24.75,"Regarding clinical trial NCT00003128, examine the constituents of the regimen that demonstrated superior efficacy, and identify the specific constituent commencing with the letter 'P'.

Subsequently, determine the pharmaceutical company that secured the most recent U.S. Food and Drug Administration (FDA) approval for this identified constituent, for the period ending December 2024.
This inquiry pertains exclusively to an original FDA drug approval, and excludes approvals for new indications or supplemental applications.

If the identified company is listed on any U.S. stock market (including over-the-counter markets), provide:
1. The stock ticker symbol
2. The opening stock price on the FDA approval date

If the company is not listed on any U.S. stock market, please indicate ""NOT LISTED"".",Open_on_Approval,style1_formal
24.75,"For trial NCT00003128, identify the ingredient in the more effective regimen that starts with 'P'.

Find the company with the most recent overall FDA drug approval for this ingredient by December 2024. Exclude new indications and supplemental approvals.

If the company is US-listed (including over-the-counter markets), provide:
1. The stock ticker symbol
2. The opening stock price on the approval date

If not US-listed, state ""NOT LISTED"".",Open_on_Approval,style2_concise
24.75,"First, for clinical trial NCT00003128, review the more effective regimen ingredients and identify which ingredient starts with the letter P.

Then, for this identified ingredient, determine which pharmaceutical company received the most recent FDA approval (up until December 2024).
Note that we are only look for overall FDA drug approval, not new indidcation, not supplemental approvals.

Finally, if this company is listed on any US stock market (including over-the-counter markets), provide:
1. The stock ticker symbol
2. The opening stock price on the FDA approval date

If the company is not listed on any US stock market, please indicate ""NOT LISTED"".",Open_on_Approval,style3_stepwise
GEMCITABINE HYDROCHLORIDE,For clinical trial NCT00262769. Among the constituents of the regimen demonstrating superior efficacy; identify the constituent whose name commences with the letter 'G' return only the name of the ingredient or unknown in all CAPS in the format of INGREDIENT: name,Ingredient,style1_formal
GEMCITABINE HYDROCHLORIDE,"For clinical trial NCT00262769, find the ingredient starting with G among the more effective regimen ingredients and return only the name of the ingredient or unknown in all CAPS in the format INGREDIENT: name.",Ingredient,style2_concise
GEMCITABINE HYDROCHLORIDE,"First, for clinical trial NCT00262769. Then, among the more effective regimen ingredients, find which is the ingredient that starts with the letter G. Finally, return only the name of the ingredient or unknown in all CAPS in the format of INGREDIENT: name.",Ingredient,style3_stepwise
15.140000343322754,"Pertaining to clinical trial NCT00012389, examine the constituents of the more effective regimen and identify the constituent commencing with the letter I.

Subsequently, determine the pharmaceutical company that received the most recent U.S. Food and Drug Administration (FDA) approval (through December 2024) for this identified constituent.
Note: This inquiry is restricted to original FDA drug approvals, and excludes new indications or supplemental approvals.

If this company is publicly traded on any U.S. stock market (including over-the-counter markets), provide:
1. The stock ticker symbol
2. The opening stock price on the FDA approval date

If the company is not publicly traded on a U.S. stock market, please indicate ""NOT LISTED"".",Open_on_Approval,style1_formal
15.140000343322754,"For clinical trial NCT00012389, identify the ingredient in the more effective regimen that starts with the letter I.

Then, determine the pharmaceutical company that received the most recent FDA approval for this ingredient by December 2024.
Note: This is for overall FDA drug approval only, not new indications or supplemental approvals.

If this company is listed on any US stock market (including over-the-counter markets), provide:
1. The stock ticker symbol
2. The opening stock price on the FDA approval date

If the company is not listed on any US stock market, state ""NOT LISTED"".",Open_on_Approval,style2_concise
15.140000343322754,"First, for clinical trial NCT00012389, review the more effective regimen ingredients and identify which ingredient starts with the letter I.

Then, determine which pharmaceutical company received the most recent overall FDA drug approval for this identified ingredient, up until December 2024.
Note that we are only looking for overall FDA drug approval, not new indication, not supplemental approvals.

Finally, if this company is listed on any US stock market (including over-the-counter markets), provide:
1. The stock ticker symbol
2. The opening stock price on the FDA approval date

If the company is not listed on any US stock market, please indicate ""NOT LISTED"".",Open_on_Approval,style3_stepwise
"May 16, 2036","For clinical trial NCT00441922, among the constituent ingredients of the more efficacious therapeutic regimens, identify the specific agent whose name commences with the letter D.

Subsequently, for this identified agent, ascertain its patent expiration date, contingent upon its most recent primary approval being granted on or before Dec, 2024.
Note: This query pertains exclusively to the overall FDA drug approval, not approvals for new indications or supplemental applications.
The response should be provided solely as the year, in the format: YYYY.",Patent_Expire_Date_Text,style1_formal
"May 16, 2036","For clinical trial NCT00441922, identify the more effective regimen ingredient starting with the letter D.

For this ingredient, what is the patent expiration date of its last approval up to Dec, 2024?
Note: Consider only overall FDA drug approval, not new indications or supplemental approvals.
Return only the year in YYYY format.",Patent_Expire_Date_Text,style2_concise
"May 16, 2036","First, from the more effective regimen ingredients for clinical trial NCT00441922, identify the ingredient that starts with the letter D.

Then, for this identified ingredient, find its patent expiration date based on its last approval up till Dec, 2024.
Note that we are only look for overall FDA drug approval, not new indidcation, not supplemental approvals.
Finally, return only the date only the year YYYY format of date: YYYY.",Patent_Expire_Date_Text,style3_stepwise
DOCETAXEL,"For clinical trial NCT00441922. Among the more effective regimen constituents; identify the constituent whose name commences with the letter D, returning only the name of the constituent or 'unknown' in all capital letters in the format of INGREDIENT: name",Ingredient,style1_formal
DOCETAXEL,"For clinical trial NCT00441922.
From the more effective regimen ingredients; find the ingredient starting with D
return the ingredient name or UNKNOWN in all CAPS in the format: INGREDIENT: name",Ingredient,style2_concise
DOCETAXEL,"First, for clinical trial NCT00441922. Then, among the more effective regimen ingredients, find the ingredient with the first letter starting with D. Finally, return only the name of the ingredient or unknown in all CAPS in the format of INGREDIENT: name",Ingredient,style3_stepwise
"May 28, 2026","Pertaining to clinical trial NCT01197560, among the constituent agents of the more effective therapeutic regimens, identify the agent whose name commences with the letter L.

Subsequently, for the identified agent, ascertain its FDA-conferred exclusivity expiration date, contingent upon its most recent approval having been granted on or before Dec, 2024.
Note that this inquiry is restricted to the primary FDA drug approval, excluding new indications and supplemental approvals.
If an exclusivity date is nonexistent or unavailable, the required response is 'DATE: NA'. Otherwise, return the date solely in the MM-DD-YYYY format, as: date: MM-DD-YYYY.",Exclusivity_Date,style1_formal
"May 28, 2026","In clinical trial NCT01197560, what ingredient in the more effective regimen starts with 'L'?

For this ingredient's last approval by Dec 2024, what is its FDA exclusivity date?
Note: Search for overall FDA drug approval only, not new indications or supplemental approvals.
If the date is unavailable, return 'DATE: NA'. Otherwise, return the date in 'date: MM-DD-YYYY' format.",Exclusivity_Date,style2_concise
"May 28, 2026","First, for clinical trial NCT01197560, examine the more effective regimen ingredients and identify the ingredient that starts with the letter L.

Then, for the ingredient you just identified, find its last overall FDA drug approval up till Dec, 2024. Note that we are only looking for overall FDA drug approval, not new indication, not supplemental approvals.

Finally, based on that approval, determine its exclusivity date according to the FDA. If no exclusivity date exists or if it's not available, respond with 'DATE: NA'. Otherwise, return only the date in MM-DD-YYYY format of date: MM-DD-YYYY.",Exclusivity_Date,style3_stepwise
GEMCITABINE HYDROCHLORIDE,Pertaining to clinical trial NCT00004100. Among the constituents of the more efficacious regimens; identify the constituent whose name commences with the letter 'G' return only the name of the ingredient or unknown in all CAPS in the format of INGREDIENT: name,Ingredient,style1_formal
GEMCITABINE HYDROCHLORIDE,"For clinical trial NCT00004100, find the ingredient starting with G among the more effective regimens. Return the name or UNKNOWN in all caps in the format INGREDIENT: name.",Ingredient,style2_concise
GEMCITABINE HYDROCHLORIDE,"First, for clinical trial NCT00004100, look among the more effective regimen ingredients. Then, find which ingredient is the first on that list to have a name starting with the letter G. Finally, return only the name of that ingredient, or unknown if none are found, in all CAPS in the format of INGREDIENT: name",Ingredient,style3_stepwise
DOCETAXEL,"For clinical trial NCT00021255; from the constituent ingredients of the more efficacious regimens, identify the component that commences with the letter 'D', returning only the name of the ingredient, or 'UNKNOWN', in all capital letters, in the format of INGREDIENT: name.",Ingredient,style1_formal
DOCETAXEL,"For clinical trial NCT00021255: Find the ingredient starting with D in the more effective regimen. Return the name or UNKNOWN in all caps, formatted as INGREDIENT: name.",Ingredient,style2_concise
DOCETAXEL,"First, for clinical trial NCT00021255, find the more effective regimen ingredients. Then, from this list, identify the ingredient with a name that starts with the letter D. Finally, return only the name of the ingredient or unknown in all CAPS in the format of INGREDIENT: name",Ingredient,style3_stepwise
"Nov 3, 2032","Pertaining to clinical trial NCT01998503, identify the constituent within the more efficacious therapeutic regimens whose name commences with the letter B.

Subsequently, for this identified constituent that received its last approval up till Dec, 2024, ascertain its patent expiration date.
Note that the inquiry is limited to overall FDA drug approval, and excludes new indications or supplemental approvals.
Return only the year of the date, in the YYYY format of date: YYYY.",Patent_Expire_Date_Text,style1_formal
"Nov 3, 2032","For clinical trial NCT01998503, identify the ingredient in the more effective regimen that starts with the letter B.

For this ingredient, what is the patent expiration date of its last approval up to Dec, 2024?
Note: Use only overall FDA drug approval, excluding new indications or supplemental approvals.
Return only the year in YYYY format.",Patent_Expire_Date_Text,style2_concise
"Nov 3, 2032","First, for clinical trial NCT01998503 among the more effective regimen ingredients, identify which ingredient starts with the letter B.

Then, for this identified ingredient, find the date of its last overall FDA drug approval up till Dec, 2024.
Note that we are only looking for overall FDA drug approval, not new indication, not supplemental approvals.

Finally, for this ingredient, when is its patent expiration date?
Return only the date only the year YYYY format of date: YYYY.",Patent_Expire_Date_Text,style3_stepwise
SHILPA MEDICARE LTD,"In the context of clinical trial NCT03800134, identify the therapeutic agent within the evaluated regimen whose name commences with the letter P.

Subsequently, for the identified agent, determine the company that holds the most recent FDA drug approval as of Dec, 2024. This inquiry is strictly limited to the initial marketing authorization (i.e., overall drug approval) and expressly excludes approvals for new indications or supplemental applications. The output must be presented solely in the format of COMPANY: name.",Applicant_Full_Name,style1_formal
SHILPA MEDICARE LTD,"For clinical trial NCT03800134, identify which effective regimen ingredient starts with the letter P.

Then, for this ingredient, find the company with the latest overall FDA drug approval by Dec, 2024. Exclude new indications and supplemental approvals. Return only the company name in format of COMPANY: name.",Applicant_Full_Name,style2_concise
SHILPA MEDICARE LTD,"First, review the more effective regimen ingredients for clinical trial NCT03800134 to identify which ingredient starts with the letter P.

Then, for this identified ingredient, find the company that has the latest overall FDA drug approval date up till Dec, 2024. Note that this search is only for overall FDA drug approval, not new indications and not supplemental approvals.

Finally, return only the company name in the format of COMPANY: name.",Applicant_Full_Name,style3_stepwise
,"For clinical trial NCT01667419, among the constituent agents of the therapeutic regimen, identify the agent whose name commences with the letter 'V'.

Subsequently, for this identified agent, ascertain its U.S. Food and Drug Administration (FDA) exclusivity date, corresponding to its most recent overall drug approval on or before Dec, 2024.
This query pertains exclusively to the overall FDA drug approval, excluding new indications and supplemental approvals.
If an exclusivity date is non-existent or unavailable, respond with 'DATE: NA'. Otherwise, return the date solely in the format 'date: MM-DD-YYYY'.",Exclusivity_Date,style1_formal
,"For clinical trial NCT01667419, find the ingredient in the more effective regimen that starts with V.

For this ingredient, find its FDA exclusivity date for its last approval by Dec, 2024.
Consider only overall FDA drug approval, not new indications or supplemental approvals.
If the date is unavailable, respond 'DATE: NA'. Otherwise, return the date as: date: MM-DD-YYYY.",Exclusivity_Date,style2_concise
,"First, for clinical trial NCT01667419 among the more effective regimen ingredients, identify which ingredient starts with the letter V.

Then, for this identified ingredient that was last approved up till Dec, 2024, determine its exclusivity date according to the FDA.
Note that we are only look for overall FDA drug approval, not new indidcation, not supplemental approvals.

Finally, if no exclusivity date exists or if it's not available, respond with 'DATE: NA'. Otherwise, return only the date in MM-DD-YYYY format of date: MM-DD-YYYY.",Exclusivity_Date,style3_stepwise
"Jan 29, 2032","Firstly, with respect to clinical trial NCT02950051, identify the constituent agent of the more efficacious therapeutic regimens whose name commences with the letter 'V'.

Subsequently, for this identified agent, having received its final marketing authorization on or before Dec, 2024, what is its patent expiration date?
It should be noted that the inquiry pertains exclusively to the primary U.S. Food and Drug Administration (FDA) marketing authorization, and excludes approvals for new indications or supplemental applications.
The response should be provided solely as the year, in the specified format: YYYY.",Patent_Expire_Date_Text,style1_formal
"Jan 29, 2032","For clinical trial NCT02950051, identify the regimen ingredient that starts with the letter V.

Then, for this ingredient, find its patent expiration date, assuming a last approval date on or before Dec, 2024.
Consider only overall FDA drug approval, not new indications or supplemental approvals.
Return only the year in YYYY format.",Patent_Expire_Date_Text,style2_concise
"Jan 29, 2032","First, for clinical trial NCT02950051 among the more effective regimen ingredients, identify which ingredient starts with the letter V.

Then, for this identified ingredient, find its last overall FDA drug approval up till Dec, 2024.
Note that we are only looking for overall FDA drug approval, not new indication, not supplemental approvals.

Finally, for that approved drug, find its patent expiration date. Return only the date only the year YYYY format of date: YYYY.",Patent_Expire_Date_Text,style3_stepwise
,"With respect to clinical trial NCT00090051, identify the therapeutic agent commencing with the letter 'C' from among the more efficacious regimen components. Subsequently, for this identified agent, determine its Food and Drug Administration (FDA) exclusivity date, provided its most recent overall marketing approval was granted on or before Dec, 2024.

It is to be noted that this inquiry pertains exclusively to the initial, overall FDA drug approval and expressly excludes approvals for new indications or supplemental applications.
If no exclusivity date exists or if it is not available, respond with 'DATE: NA'. Otherwise, return only the date in the MM-DD-YYYY format of date: MM-DD-YYYY.",Exclusivity_Date,style1_formal
,"For trial NCT00090051, identify the effective regimen ingredient starting with C.

Then, find its FDA exclusivity date from its last overall drug approval by Dec, 2024.
Consider only overall drug approval, not new indications or supplemental approvals.
If no exclusivity date is available, respond 'DATE: NA'. Otherwise, return only the date in the format: date: MM-DD-YYYY.",Exclusivity_Date,style2_concise
,"First, for clinical trial NCT00090051, identify which ingredient among the more effective regimen ingredients starts with the letter C.

Then, for this identified ingredient, find its exclusivity date according to the FDA. This date must correspond to its last overall FDA drug approval (not new indication, not supplemental approvals) up till Dec, 2024.

Finally, if no exclusivity date exists or if it's not available, respond with 'DATE: NA'. Otherwise, return only the date in MM-DD-YYYY format of date: MM-DD-YYYY.",Exclusivity_Date,style3_stepwise
ZHUHAI BEIHAI BIOTECH CO LTD,"Pertaining to clinical trial NCT00978549, identify the active pharmaceutical ingredient within the superior efficacy regimen whose name commences with the letter 'D'.

Subsequently, determine the corporate entity that received the most recent initial marketing approval from the U.S. Food and Drug Administration (FDA) for this agent, effective through December 2024. Note that the scope is limited to original New Drug Application (NDA) approvals, excluding supplemental approvals and new indications.
Return the output exclusively in the format: COMPANY: name.",Applicant_Full_Name,style1_formal
ZHUHAI BEIHAI BIOTECH CO LTD,"In clinical trial NCT00978549's more effective regimen, identify the ingredient starting with D.

Find the company with the latest overall FDA drug approval for this ingredient by Dec, 2024, excluding new indications and supplemental approvals.
Return only the company name in format of COMPANY: name.",Applicant_Full_Name,style2_concise
ZHUHAI BEIHAI BIOTECH CO LTD,"First, for clinical trial NCT00978549 among the more effective regimen ingredients, identify which ingredient starts with the letter D.

Then, find which company has the latest FDA approval date up till Dec, 2024 for this identified ingredient. Note that we are only looking for overall FDA drug approval, not new indication, not supplemental approvals.

Finally, return only the company name in the format of COMPANY: name.",Applicant_Full_Name,style3_stepwise
"Jun 26, 2035","Pertaining to clinical trial NCT00002582, identify the therapeutic component within the more efficacious regimen whose nomenclature begins with the letter 'C'.

Subsequently, for the identified component, ascertain the patent expiration date corresponding to its most recent initial FDA drug approval granted on or before December 2024.
Note: This query is restricted to the initial overall FDA drug approval; approvals for new indications or supplemental applications are to be excluded.
Return the date exclusively in the year format: YYYY.",Patent_Expire_Date_Text,style1_formal
"Jun 26, 2035","For clinical trial NCT00002582, identify the effective regimen ingredient starting with the letter C.

For this ingredient, find its patent expiration date based on its last approval by Dec, 2024.
Note: Consider only overall FDA drug approval, not new indications or supplemental approvals.
Return only the year in YYYY format.",Patent_Expire_Date_Text,style2_concise
"Jun 26, 2035","First, from the list of more effective regimen ingredients in clinical trial NCT00002582, find the ingredient that starts with the letter C.

Then, for the ingredient you identified, find its patent expiration date. Please note that you should consider its last overall FDA drug approval up to Dec, 2024. Do not consider new indications or supplemental approvals.

Finally, provide only the year of the patent expiration date in YYYY format.",Patent_Expire_Date_Text,style3_stepwise
DEXAMETHASONE,"For clinical trial NCT01356511: From the constituents of the more efficacious regimens, identify the ingredient whose name commences with the letter D and return only the name of the ingredient or 'unknown' in all uppercase, conforming to the format: INGREDIENT: name",Ingredient,style1_formal
DEXAMETHASONE,"For clinical trial NCT01356511, find the ingredient starting with D among the more effective regimen ingredients. Return only the name or UNKNOWN in all CAPS in the format INGREDIENT: name.",Ingredient,style2_concise
DEXAMETHASONE,"First, for clinical trial NCT01356511, consider the ingredients of the more effective regimen.
Then, find which of those ingredients has a name that starts with the letter D.
Finally, return only the name of the ingredient or unknown in all CAPS in the format of INGREDIENT: name.",Ingredient,style3_stepwise
SUN PHARMACEUTICAL INDUSTRIES LTD,"For clinical trial NCT00262769, identify the constituent within the more efficacious regimen whose name commences with the letter G.

Subsequently, determine which company received the most recent original FDA drug approval for this constituent up to Dec, 2024. The query is restricted to initial drug approvals, excluding new indications and supplemental approvals.
Output the company name only, in the format: COMPANY: name.",Applicant_Full_Name,style1_formal
SUN PHARMACEUTICAL INDUSTRIES LTD,"For clinical trial NCT00262769, identify the ingredient in the more effective regimen that starts with the letter G.

For this ingredient, find the company with the latest overall FDA drug approval by Dec, 2024. Exclude new indications and supplemental approvals. Return only the company name in the format COMPANY: name.",Applicant_Full_Name,style2_concise
SUN PHARMACEUTICAL INDUSTRIES LTD,"First, for clinical trial NCT00262769, identify the ingredient from the more effective regimen that starts with the letter G.

Then, for that specific ingredient, find the company that holds the latest overall FDA drug approval. Please ensure the approval date is on or before Dec, 2024, and that the approval is not for a new indication or a supplemental approval.

Finally, return only the company name in the format of COMPANY: name.",Applicant_Full_Name,style3_stepwise
LENALIDOMIDE,"Regarding clinical trial NCT01197560, from the constituent ingredients of the more effective regimens, identify the specific ingredient whose name commences with the letter 'L'; return only the name of the ingredient or 'UNKNOWN' in all capital letters, formatted as: INGREDIENT: name",Ingredient,style1_formal
LENALIDOMIDE,"For clinical trial NCT01197560, find the ingredient starting with L in the more effective regimen and return only the name of the ingredient or unknown in all CAPS in the format of INGREDIENT: name.",Ingredient,style2_concise
LENALIDOMIDE,"First, for clinical trial NCT01197560, find the more effective regimen ingredients. Then, among those ingredients, find the one with a name that starts with the letter L. Finally, return only the name of the ingredient, or unknown if not found, in all CAPS using the format INGREDIENT: name.",Ingredient,style3_stepwise
"May 16, 2036","Pertaining to clinical trial NCT00703326, from among the constituent agents of the more efficacious regimens, identify the agent whose name commences with the letter D.

Subsequently, for this identified agent, for which the most recent overall FDA drug approval was granted on or before Dec, 2024, determine its patent expiration date.
Note that the inquiry is restricted to overall FDA drug approval, and expressly excludes new indications or supplemental approvals.
Return only the year of the date in the YYYY format: YYYY.",Patent_Expire_Date_Text,style1_formal
"May 16, 2036","For clinical trial NCT00703326, identify the effective regimen ingredient starting with the letter D.

For this ingredient, last approved by Dec 2024, what is its patent expiration date?
Note: Consider only overall FDA drug approval, not new indidcation, not supplemental approvals.
Return only the year: YYYY.",Patent_Expire_Date_Text,style2_concise
"May 16, 2036","First, for clinical trial NCT00703326, identify the ingredient from the more effective regimen that starts with the letter D.

Then, for this identified ingredient, determine its patent expiration date based on its last overall FDA drug approval up till Dec, 2024.
Note that we are only looking for overall FDA drug approval, not new indication, not supplemental approvals.

Finally, return only the year of the patent expiration date in YYYY format.",Patent_Expire_Date_Text,style3_stepwise
Not_Listed,"Pertaining to clinical trial NCT01038661, examine the components of the more efficacious therapeutic regimen and identify the ingredient commencing with the letter D.

Subsequently, determine the pharmaceutical company that received the most recent FDA approval for this identified ingredient, as of December 2024.
Note: The scope of the inquiry is limited to an initial FDA drug approval, excluding new indications and supplemental approvals.

Should this company be listed on any U.S. stock market, including over-the-counter markets, provide:
1. The stock ticker symbol
2. The opening stock price on the FDA approval date

If the company is not listed on any U.S. stock market, indicate ""NOT LISTED"".",Open_on_Approval,style1_formal
Not_Listed,"For clinical trial NCT01038661, identify the ingredient in the more effective regimen starting with the letter D.

Find the company with the most recent initial FDA drug approval for this ingredient by December 2024. Exclude new indications and supplemental approvals.

If the company is listed on any US stock market (including over-the-counter markets), provide:
1. The stock ticker symbol
2. The opening stock price on the FDA approval date

If the company is not listed on any US stock market, state ""NOT LISTED"".",Open_on_Approval,style2_concise
Not_Listed,"First, for clinical trial NCT01038661, review the more effective regimen ingredients and identify which ingredient starts with the letter D.

Then, determine which pharmaceutical company received the most recent FDA approval (up until December 2024) for this identified ingredient.
Note that we are only look for overall FDA drug approval, not new indidcation, not supplemental approvals.

Finally, if this company is listed on any US stock market (including over-the-counter markets), provide:
1. The stock ticker symbol
2. The opening stock price on the FDA approval date

If the company is not listed on any US stock market, please indicate ""NOT LISTED"".",Open_on_Approval,style3_stepwise
IRINOTECAN HYDROCHLORIDE,"Regarding clinical trial NCT00079274, from the ingredients comprising the more effective regimen, identify the component whose name commences with the letter 'I' and return only the name of the ingredient or UNKNOWN in all capital letters, in the format of INGREDIENT: name",Ingredient,style1_formal
IRINOTECAN HYDROCHLORIDE,"For clinical trial NCT00079274. From the more effective regimen ingredients, find the one starting with I. Return the name in all caps, or UNKNOWN, in the format INGREDIENT: name.",Ingredient,style2_concise
IRINOTECAN HYDROCHLORIDE,"First, for clinical trial NCT00079274, identify the ingredients from the more effective regimens. Then, find which of those ingredients has a name that starts with the letter I. Finally, return only the name of the ingredient, or unknown if none is found, in all CAPS in the format of INGREDIENT: name.",Ingredient,style3_stepwise
EUGIA PHARMA SPECIALITIES LTD,"Pertaining to clinical trial NCT00002582, from the constituent agents within the more efficacious therapeutic regimens, identify the agent whose name commences with the letter 'C'.

Subsequently, for the identified agent, determine the company holding the latest original FDA drug approval up till Dec, 2024. Note that this inquiry is restricted to original drug approvals, thereby excluding new indications and supplemental approvals.
Return only the company name in the format of COMPANY: name.",Applicant_Full_Name,style1_formal
EUGIA PHARMA SPECIALITIES LTD,"For clinical trial NCT00002582, identify the effective regimen ingredient starting with C.

Then, for this ingredient, find the company with the latest overall FDA drug approval by Dec, 2024, excluding new indications or supplemental approvals.
Return only the company name in format of COMPANY: name.",Applicant_Full_Name,style2_concise
EUGIA PHARMA SPECIALITIES LTD,"First, for clinical trial NCT00002582, identify the ingredient from the more effective regimen that starts with the letter C.

Then, for this ingredient, find the company with the latest overall FDA drug approval date up till Dec, 2024. Note that we are only looking for overall FDA drug approval, not new indication, not supplemental approvals.

Finally, return only the company name in the format of COMPANY: name.",Applicant_Full_Name,style3_stepwise
"Mar 26, 2035","Regarding clinical trial NCT00190762, from within the more efficacious therapeutic regimens, identify the constituent agent whose name commences with the letter P.

Subsequently, for this identified agent, ascertain its patent expiration date, given its most recent overall approval was granted on or before Dec, 2024.
Note: This inquiry pertains exclusively to the overall FDA drug approval and expressly excludes new indications or supplemental approvals.
The output must be restricted to the year of expiration, formatted as YYYY.",Patent_Expire_Date_Text,style1_formal
"Mar 26, 2035","In clinical trial NCT00190762, which ingredient in the more effective regimen starts with P?

For that ingredient, what is its patent expiration date if its last overall FDA drug approval was by Dec, 2024?
Note: Consider only overall FDA drug approval, not new indications or supplemental approvals.
Return only the year in YYYY format.",Patent_Expire_Date_Text,style2_concise
"Mar 26, 2035","First, for clinical trial NCT00190762, identify the ingredient from the 'more effective regimen ingredients' that starts with the letter P.

Then, for this ingredient, find the patent expiration date for its last approval up till Dec, 2024.
Note that we are only looking for the overall FDA drug approval, not a new indication or supplemental approvals.
Finally, return only the year of this date in YYYY format.",Patent_Expire_Date_Text,style3_stepwise
"Oct 3, 2026","For clinical trial NCT00256776, among the constituents of the regimen demonstrating superior efficacy, identify the constituent commencing with the letter D.

Then, for this identified constituent, whose latest overall approval by the FDA was granted on or before Dec, 2024, what is its designated exclusivity date?
Note that the query pertains exclusively to overall FDA drug approval, to the exclusion of new indications or supplemental approvals.
If an exclusivity date is non-existent or cannot be ascertained, respond with 'DATE: NA'. Otherwise, return only the date in the specified MM-DD-YYYY format: date: MM-DD-YYYY.",Exclusivity_Date,style1_formal
"Oct 3, 2026","In clinical trial NCT00256776, which effective regimen ingredient starts with the letter D?

Then, for this ingredient, what is its FDA exclusivity date from its last overall drug approval on or before Dec, 2024?
Note: Use overall FDA drug approval only; exclude new indications and supplemental approvals.
If the exclusivity date is unavailable, respond 'DATE: NA'. Otherwise, return only the date in MM-DD-YYYY format: date: MM-DD-YYYY.",Exclusivity_Date,style2_concise
"Oct 3, 2026","First, for clinical trial NCT00256776 among the more effective regimen ingredients, identify which ingredient starts with the letter D.

Then, for this identified ingredient, find its last approval up till Dec, 2024.
Note that we are only look for overall FDA drug approval, not new indidcation, not supplemental approvals.

Finally, based on that approval, provide its exclusivity date according to the FDA.
If no exclusivity date exists or if it's not available, respond with 'DATE: NA'. Otherwise, return only the date in MM-DD-YYYY format of date: MM-DD-YYYY.",Exclusivity_Date,style3_stepwise
,"With respect to clinical trial NCT00260689, among the components of the more efficacious therapeutic regimen, identify the agent whose designation commences with the letter 'C'.

Subsequently, for this identified agent with an overall drug approval granted on or before Dec, 2024, determine its corresponding exclusivity date as designated by the Food and Drug Administration (FDA).
It is to be noted that this inquiry pertains exclusively to the overall FDA drug approval and excludes new indications or supplemental approvals.
If an exclusivity date is non-existent or unavailable, respond with 'DATE: NA'. Otherwise, return the date solely in the MM-DD-YYYY format of date: MM-DD-YYYY.",Exclusivity_Date,style1_formal
,"In clinical trial NCT00260689, identify the effective regimen ingredient starting with C.

For this ingredient, what is its FDA exclusivity date based on its last approval by Dec, 2024?
Consider only overall FDA drug approval, not new indications or supplemental approvals.
If no date exists, respond 'DATE: NA'. Otherwise, return the date as: date: MM-DD-YYYY.",Exclusivity_Date,style2_concise
,"First, for clinical trial NCT00260689 among the more effective regimen ingredients, identify which ingredient starts with the letter C.

Then, for this identified ingredient that was last approved up till Dec, 2024, when is its exclusivity date according to the FDA?
Note that we are only look for overall FDA drug approval, not new indidcation, not supplemental approvals.

Finally, if no exclusivity date exists or if it's not available, respond with 'DATE: NA'. Otherwise, return only the date in MM-DD-YYYY format of date: MM-DD-YYYY.",Exclusivity_Date,style3_stepwise
24.75,"Regarding clinical trial NCT02898077, examine the components of the more efficacious treatment regimen and identify the active constituent whose name commences with the letter 'P'.

Subsequently, identify the pharmaceutical company that obtained the most recent U.S. Food and Drug Administration (FDA) approval for this constituent, with a search cut-off date of December 2024. The scope of this inquiry is restricted to original New Drug Application (NDA) approvals, thereby excluding supplemental approvals and new indications.

If this company is publicly traded on a U.S. stock exchange, including over-the-counter (OTC) markets, provide the following information:
1. Its stock ticker symbol
2. The opening share price on the date of the FDA approval

In the event that the company is not publicly traded on any U.S. stock exchange, indicate ""NOT LISTED"".",Open_on_Approval,style1_formal
24.75,,Open_on_Approval,style2_concise
24.75,"First, for clinical trial NCT02898077, review the more effective regimen ingredients and identify which ingredient starts with the letter P.

Then, determine which pharmaceutical company received the most recent FDA approval (up until December 2024) for this identified ingredient.
Note that we are only looking for overall FDA drug approval, not new indidcation, not supplemental approvals.

Finally, if this company is listed on any US stock market (including over-the-counter markets), provide:
1. The stock ticker symbol
2. The opening stock price on the FDA approval date

If the company is not listed on any US stock market, please indicate ""NOT LISTED"".",Open_on_Approval,style3_stepwise
24.75,"Regarding clinical trial NCT00002662, analyze the constituent components of the regimen demonstrating superior efficacy and identify the component whose name commences with the letter 'P'.

Subsequently, ascertain the pharmaceutical company that was granted the most recent U.S. Food and Drug Administration (FDA) approval for this identified component through December 2024.
It is to be noted that this inquiry is restricted to overall FDA drug approval, not new indidcation, not supplemental approvals.

In the event this company is listed on any US stock market (including over-the-counter markets), provide:
1. The stock ticker symbol
2. The opening stock price on the FDA approval date

Should the company not be listed on any US stock market, please indicate ""NOT LISTED"".",Open_on_Approval,style1_formal
24.75,"For clinical trial NCT00002662, what ingredient in the more effective regimen starts with P?

Which company most recently received FDA approval for this ingredient by December 2024?
Note: Consider only original FDA drug approvals, not new indications or supplemental approvals.

If the company is US-listed (including OTC markets), provide:
1. Stock ticker symbol
2. Opening stock price on the FDA approval date

If not US-listed, state ""NOT LISTED"".",Open_on_Approval,style2_concise
24.75,"First, for clinical trial NCT00002662, review the more effective regimen ingredients and identify which ingredient starts with the letter P.

Then, determine which pharmaceutical company received the most recent FDA approval (up until December 2024) for this identified ingredient.
Note that we are only looking for overall FDA drug approval, not new indication, not supplemental approvals.

Finally, if this company is listed on any US stock market (including over-the-counter markets), provide:
1. The stock ticker symbol
2. The opening stock price on the FDA approval date

If the company is not listed on any US stock market, please indicate ""NOT LISTED"".",Open_on_Approval,style3_stepwise
SUN PHARMACEUTICAL INDUSTRIES LTD,"With respect to clinical trial NCT00445601, among the constituents of the more efficacious therapeutic regimen, identify the active pharmaceutical ingredient commencing with the letter G.

Subsequently, for this identified ingredient, determine the company holding the most recent initial marketing authorization from the U.S. Food and Drug Administration (FDA), with an approval date up to and including Dec, 2024. The scope of this inquiry is strictly limited to the original drug approval, thereby excluding supplemental approvals or new indications.
Provide the output solely as the company name in the format COMPANY: name.",Applicant_Full_Name,style1_formal
SUN PHARMACEUTICAL INDUSTRIES LTD,"In clinical trial NCT00445601, find the ingredient from the more effective regimen that starts with the letter G.

For that ingredient, find the company with the latest overall FDA drug approval up till Dec, 2024. Consider only overall FDA drug approvals, not new indications or supplemental approvals.
Return only the company name in format of COMPANY: name.",Applicant_Full_Name,style2_concise
SUN PHARMACEUTICAL INDUSTRIES LTD,"First, for clinical trial NCT00445601, examine the more effective regimen ingredients to identify the one that starts with the letter G.

Then, for this identified ingredient, find the company that received the latest overall FDA drug approval up to December 2024. Note that you are only to look for overall FDA drug approval, not new indications or supplemental approvals.

Finally, return only the company name in the format of COMPANY: name.",Applicant_Full_Name,style3_stepwise
"Nov 3, 2032","Initially, for clinical trial NCT01478048, identify the constituent component of the more efficacious regimens whose nomenclature begins with the letter 'B'.

Subsequently, for this identified component, ascertain its patent expiration date, provided its most recent primary approval was granted on or before December 2024.
Note that the scope of this inquiry is restricted to the overall FDA drug approval, excluding new indications and supplemental approvals.
The required output format for the date is the year only: YYYY.",Patent_Expire_Date_Text,style1_formal
"Nov 3, 2032","For clinical trial NCT01478048, identify the effective regimen ingredient that starts with the letter B.

Then, for this ingredient, what is the patent expiration date for its last approval up till Dec, 2024?
Note: This must be an overall FDA drug approval, not a new indication or supplemental approval.
Return the year only in YYYY format.",Patent_Expire_Date_Text,style2_concise
"Nov 3, 2032","First, for clinical trial NCT01478048, review the more effective regimen ingredients and identify which ingredient starts with the letter B.

Then, for this identified ingredient, find its patent expiration date. This date must correspond to its last approval up till Dec, 2024. Note that we are only look for overall FDA drug approval, not new indidcation, not supplemental approvals.

Finally, provide the answer in the following format: Return only the date only the year YYYY format of date: YYYY.",Patent_Expire_Date_Text,style3_stepwise
"Nov 29, 2025","Initially, with respect to clinical trial NCT00685646, identify the constituent of the superior therapeutic regimen whose name commences with the letter 'Z'.

Subsequently, for the aforementioned constituent, ascertain its patent expiration date, given that its most recent overall FDA drug approval was granted on or before December 2024.
Note: This inquiry is restricted to the overall FDA drug approval and explicitly excludes approvals for new indications or supplemental applications.
The output must be restricted to the year, presented in the format: YYYY.",Patent_Expire_Date_Text,style1_formal
"Nov 29, 2025","In clinical trial NCT00685646, which effective regimen ingredient starts with the letter Z?

For this ingredient, what is the patent expiration date of its last approval by Dec, 2024?
Consider only overall FDA drug approvals, not new indications or supplemental approvals.
Return only the year in YYYY format.",Patent_Expire_Date_Text,style2_concise
"Nov 29, 2025","First, for clinical trial NCT00685646, identify the ingredient within the more effective regimen that starts with the letter Z.

Then, for this specific ingredient, what is the patent expiration date associated with its last approval up till Dec, 2024?
Note that we are only looking for overall FDA drug approval, not new indidcation, not supplemental approvals.

Finally, return only the year of the patent expiration date in YYYY format.",Patent_Expire_Date_Text,style3_stepwise
"Jul 12, 2034","First, with respect to clinical trial NCT00064077, identify the active pharmaceutical ingredient within the more efficacious therapeutic regimens whose nomenclature commences with the letter 'P'.

Then, for this identified ingredient, determine its patent expiration date, given that its last primary U.S. Food and Drug Administration (FDA) approval was granted on or before December 2024.
Note that this query is strictly limited to the overall FDA drug approval and explicitly excludes new indications or supplemental approvals.
Return the date solely in the year format: YYYY.",Patent_Expire_Date_Text,style1_formal
"Jul 12, 2034","For clinical trial NCT00064077, which ingredient in the more effective regimen starts with the letter P?

For this ingredient, last approved by Dec, 2024, what is its patent expiration date?
Note: Find only the overall FDA drug approval, not new indications or supplemental approvals.
Return only the year in YYYY format.",Patent_Expire_Date_Text,style2_concise
"Jul 12, 2034","First, from the clinical trial NCT00064077, look at the more effective regimen ingredients and identify the one that starts with the letter P.

Then, for this specific ingredient, find its last overall FDA drug approval that occurred up until Dec, 2024.

Finally, what is the patent expiration date associated with this approval?
Note that we are only look for overall FDA drug approval, not new indidcation, not supplemental approvals.
Return only the date only the year YYYY format of date: YYYY.",Patent_Expire_Date_Text,style3_stepwise
Not_Listed,"For clinical trial NCT00441922, examine the components of the more efficacious regimen and identify the active pharmaceutical ingredient commencing with the letter D.

Subsequently, determine which pharmaceutical company obtained the most recent U.S. Food and Drug Administration (FDA) approval for this identified ingredient, for the period up to December 2024.
Note: This inquiry is limited to original drug approvals and excludes approvals for new indications or supplemental applications.

If this company is listed on any U.S. stock market (including over-the-counter markets), provide:
1. The stock ticker symbol
2. The opening stock price on the FDA approval date

If the company is not listed on any U.S. stock market, please indicate ""NOT LISTED"".",Open_on_Approval,style1_formal
Not_Listed,"For clinical trial NCT00441922, identify the ingredient starting with D in the more effective regimen.

Then, find the company with the most recent FDA approval for this ingredient by December 2024.
Note: Search for overall FDA drug approval only, not new indications or supplemental approvals.

If the company is listed on a US stock market (including over-the-counter markets), provide:
1. The stock ticker symbol
2. The opening stock price on the FDA approval date

If the company is not listed on any US stock market, indicate ""NOT LISTED"".",Open_on_Approval,style2_concise
Not_Listed,"First, for clinical trial NCT00441922, review the more effective regimen ingredients and identify which ingredient starts with the letter D.

Then, determine which pharmaceutical company received the most recent FDA approval (up until December 2024) for this identified ingredient.
Note that we are only looking for overall FDA drug approval, not new indication, not supplemental approvals.

Finally, if this company is listed on any US stock market (including over-the-counter markets), provide:
1. The stock ticker symbol
2. The opening stock price on the FDA approval date

If the company is not listed on any US stock market, please indicate ""NOT LISTED"".",Open_on_Approval,style3_stepwise
PHARMACYCLICS LLC,"For clinical trial NCT01776840, identify the active pharmaceutical ingredient, commencing with the letter 'I', from among the more efficacious therapeutic regimens.

Subsequently, determine the company holding the most recent original FDA drug approval for the identified ingredient, with a data cutoff of December 2024. This inquiry is to be strictly limited to primary drug approvals, thereby excluding new indications and supplemental approvals.
Provide only the company name in the format of COMPANY: name.",Applicant_Full_Name,style1_formal
PHARMACYCLICS LLC,"In clinical trial NCT01776840, identify the effective regimen ingredient starting with the letter I.

For this ingredient, find the company with the latest overall FDA drug approval by Dec, 2024. Exclude new indications and supplemental approvals. Return the company name in the format COMPANY: name.",Applicant_Full_Name,style2_concise
PHARMACYCLICS LLC,"First, for clinical trial NCT01776840, examine the more effective regimen ingredients and identify the one that starts with the letter I.

Then, using the ingredient you just identified, find the company that holds the latest overall FDA drug approval up till Dec, 2024. Note that we are only looking for overall FDA drug approval, not new indication, not supplemental approvals.

Finally, return only the company name in the format of COMPANY: name.",Applicant_Full_Name,style3_stepwise
EMD SERONO INC,"For the therapeutic regimen evaluated in clinical trial NCT00718549, identify the active constituent whose name commences with the letter 'C'.

Subsequently, determine the pharmaceutical company that holds the most recent original FDA drug approval for the identified constituent, with an approval date no later than Dec, 2024. This inquiry is specific to initial New Drug Application (NDA) or Biologics License Application (BLA) approvals and excludes supplemental approvals or new indications.
The output must be limited to the company's name, presented in the following format: COMPANY: name.",Applicant_Full_Name,style1_formal
EMD SERONO INC,"For clinical trial NCT00718549, identify the effective regimen ingredient starting with the letter C.

Then, for this ingredient, find the company with the latest overall FDA drug approval by Dec, 2024. Consider only overall drug approvals, not new indications or supplemental approvals. Return only the company name in the format COMPANY: name.",Applicant_Full_Name,style2_concise
EMD SERONO INC,"First, for clinical trial NCT00718549, examine the ingredients of the more effective regimen and identify the one that starts with the letter C.

Then, for this identified ingredient, find the company that received the latest overall FDA drug approval. Your search must only consider approvals up till Dec, 2024, and must specifically exclude new indications or supplemental approvals.

Finally, return only the company name in the format of COMPANY: name.",Applicant_Full_Name,style3_stepwise
,"With reference to clinical trial NCT01038661, among the ingredients of the more efficacious regimen, identify the active pharmaceutical agent whose name commences with the letter 'D'.

Subsequently, for this identified agent, ascertain its Food and Drug Administration (FDA) exclusivity expiration date, given its final overall drug approval was granted on or before Dec, 2024.
It should be noted that the scope of inquiry is limited to the overall FDA drug approval, and expressly excludes new indications or supplemental approvals.
If no exclusivity date exists or if such information is unavailable, respond with 'DATE: NA'. Otherwise, return only the date in the MM-DD-YYYY format of date: MM-DD-YYYY.",Exclusivity_Date,style1_formal
,"For clinical trial NCT01038661, which effective regimen ingredient starts with the letter D?

For this ingredient, what is its FDA exclusivity date from its last overall drug approval up to Dec, 2024?
Consider only overall FDA drug approval, not new indications or supplemental approvals.
If no exclusivity date exists or is unavailable, respond with 'DATE: NA'. Otherwise, return only the date in MM-DD-YYYY format of date: MM-DD-YYYY.",Exclusivity_Date,style2_concise
,"First, for clinical trial NCT01038661 among the more effective regimen ingredients, identify which ingredient starts with the letter D.

Then, for this identified ingredient, find its last overall FDA drug approval up till Dec, 2024. Note that we are only looking for overall FDA drug approval, not new indidcation, not supplemental approvals.

Finally, for that approval, what is its exclusivity date according to the FDA? If no exclusivity date exists or if it's not available, respond with 'DATE: NA'. Otherwise, return only the date in MM-DD-YYYY format of date: MM-DD-YYYY.",Exclusivity_Date,style3_stepwise
"Jul 12, 2034","First, with respect to clinical trial NCT02898077, among the constituent agents of the more efficacious regimen, identify the agent whose nomenclature begins with the letter 'P'.

Then, for this identified agent whose most recent overall FDA drug approval was granted on or before Dec, 2024, ascertain its patent expiration date.
Note that the query is restricted to overall FDA drug approval and excludes new indications or supplemental approvals.
Return the date solely in the year format: YYYY.",Patent_Expire_Date_Text,style1_formal
"Jul 12, 2034","Identify the effective regimen ingredient starting with P in clinical trial NCT02898077.

For this ingredient, what is the patent expiration date of its last overall FDA drug approval on or before Dec 2024?
Note: Consider only overall FDA drug approvals, not new indications or supplemental approvals.
Return only the year in YYYY format.",Patent_Expire_Date_Text,style2_concise
"Jul 12, 2034","First, please refer to clinical trial NCT02898077. Among the more effective regimen ingredients, identify which ingredient starts with the letter P.

Then, for this identified ingredient, find its last overall FDA drug approval that occurred up till Dec, 2024.
Note that we are only looking for overall FDA drug approval, not new indication, not supplemental approvals.

Finally, for that specific approval, what is the patent expiration date? Return only the year in YYYY format.",Patent_Expire_Date_Text,style3_stepwise
Not_Listed,"Regarding Clinical Trial NCT00978549, analyze the constituents of the more efficacious treatment regimen and identify the component whose name commences with the letter 'D'.

Subsequently, determine the pharmaceutical company that received the most recent U.S. Food and Drug Administration (FDA) approval for said component, for the period ending December 2024.
Note that this inquiry is restricted to initial new drug approvals, and expressly excludes supplemental approvals or new indications.

If the identified company is listed on any U.S. stock exchange (including over-the-counter markets), provide:
1. The stock ticker symbol
2. The opening stock price on the date of FDA approval

If the company is not listed on any U.S. stock exchange, indicate ""NOT LISTED"".",Open_on_Approval,style1_formal
Not_Listed,"For clinical trial NCT00978549, identify the ingredient starting with D in the more effective regimen.

Then, identify the company with the most recent FDA approval for this ingredient by December 2024.
Note: This must be an initial FDA drug approval, not a new indication or supplemental approval.

If the company is listed on a US stock market (including over-the-counter markets), provide:
1. The stock ticker symbol
2. The opening stock price on the FDA approval date

If the company is not listed on a US stock market, state ""NOT LISTED"".",Open_on_Approval,style2_concise
Not_Listed,"First, for clinical trial NCT00978549, review the more effective regimen ingredients and identify which ingredient starts with the letter D.

Then, determine which pharmaceutical company received the most recent FDA approval for this identified ingredient, up until December 2024. Note that we are only looking for overall FDA drug approval, not new indications or supplemental approvals.

Finally, if this company is listed on any US stock market (including over-the-counter markets), provide:
1. The stock ticker symbol
2. The opening stock price on the FDA approval date

If the company is not listed on any US stock market, please indicate ""NOT LISTED"".",Open_on_Approval,style3_stepwise
"Dec 18, 2037","Pertaining to clinical trial NCT01356511, from among the constituents of the more efficacious regimen, identify the agent that commences with the letter D.

Subsequently, for this identified agent, ascertain its patent expiration date, under the condition that its most recent primary FDA drug approval was granted on or prior to Dec, 2024.
Note: The scope of this query is limited to the initial overall FDA drug approval and does not encompass new indications or supplemental approvals.
Return the date exclusively in the year format: YYYY.",Patent_Expire_Date_Text,style1_formal
"Dec 18, 2037","For clinical trial NCT01356511, which regimen ingredient starts with the letter D?

For this ingredient, what is the patent expiration date of its last overall FDA drug approval by Dec 2024?
Consider only overall FDA drug approval, not new indications or supplemental approvals.
Return only the year in YYYY format.",Patent_Expire_Date_Text,style2_concise
"Dec 18, 2037","First, for clinical trial NCT01356511, from the more effective regimen ingredients, identify the one that starts with the letter D.

Then, for this identified ingredient, find its patent expiration date based on its last overall FDA drug approval up till Dec, 2024. Note that we are only looking for overall FDA drug approval, not new indication, not supplemental approvals. Finally, return only the year of the date in YYYY format.",Patent_Expire_Date_Text,style3_stepwise
20.200000762939453,"Regarding clinical trial NCT00513955, analyze the constituents of the more efficacious regimen to identify the active pharmaceutical ingredient whose name commences with the letter 'B'.

Subsequently, ascertain the pharmaceutical entity that received the most recent U.S. Food and Drug Administration (FDA) approval for this ingredient, within the period concluding December 2024.
Note: This inquiry is restricted to original New Drug Application (NDA) approvals and excludes supplemental New Drug Applications (sNDAs) or approvals for new indications.

If the specified company is publicly traded on a United States stock exchange, including over-the-counter (OTC) markets, provide the following:
1. The stock ticker symbol
2. The opening stock price on the FDA approval date

If the company is not publicly traded on a United States stock exchange, please indicate ""NOT LISTED"".",Open_on_Approval,style1_formal
20.200000762939453,"For clinical trial NCT00513955, identify the ingredient in the more effective regimen that starts with the letter B.

For this ingredient, which company received the most recent initial FDA drug approval by December 2024?
Note: This is for initial approval only, not new indications or supplemental approvals.

If the company is listed on a US stock market (including OTC markets), provide:
1. The stock ticker symbol
2. The opening stock price on the FDA approval date

If the company is not listed on a US stock market, state ""NOT LISTED"".",Open_on_Approval,style2_concise
20.200000762939453,"First, for clinical trial NCT00513955, review the more effective regimen ingredients and identify which ingredient starts with the letter B.

Then, determine which pharmaceutical company received the most recent FDA approval (up until December 2024) for this identified ingredient.
Note that we are only look for overall FDA drug approval, not new indidcation, not supplemental approvals.

Finally, if this company is listed on any US stock market (including over-the-counter markets), provide:
1. The stock ticker symbol
2. The opening stock price on the FDA approval date

If the company is not listed on any US stock market, please indicate ""NOT LISTED"".",Open_on_Approval,style3_stepwise
GEMCITABINE HYDROCHLORIDE,"For clinical trial NCT00445601, from the constituent ingredients of the most efficacious regimens, identify the one whose name commences with the letter 'G' and return only its name, or 'unknown', in all CAPS in the format of INGREDIENT: name.",Ingredient,style1_formal
GEMCITABINE HYDROCHLORIDE,"For clinical trial NCT00445601: From the more effective regimen, find the ingredient that starts with G. Return its name or UNKNOWN in all caps in the format INGREDIENT: name.",Ingredient,style2_concise
GEMCITABINE HYDROCHLORIDE,"First, for clinical trial NCT00445601, identify the ingredients in the more effective regimen. Then, from that list, find the ingredient whose name starts with the letter 'G'. Finally, return only the name of that ingredient in all CAPS, or 'unknown' if none are found, using the format INGREDIENT: name",Ingredient,style3_stepwise
JANSSEN BIOTECH INC,"Pertaining to clinical trial NCT02257736, identify the constituent of the more efficacious regimen whose name commences with the letters 'AP'.

Subsequently, for the identified constituent, determine the company holding the most recent original FDA marketing approval granted up to December, 2024. This inquiry is restricted to initial marketing authorizations and explicitly excludes supplemental approvals or approvals for new indications.
Return only the company name in the format of COMPANY: name.",Applicant_Full_Name,style1_formal
JANSSEN BIOTECH INC,"For clinical trial NCT02257736, identify the ingredient from the more effective regimen that starts with AP.

For this ingredient, find the company with the latest overall FDA drug approval by Dec, 2024. Consider only overall FDA drug approval, not new indications or supplemental approvals.
Return only the company name in the format: COMPANY: name.",Applicant_Full_Name,style2_concise
JANSSEN BIOTECH INC,"First, for clinical trial NCT02257736, from among the more effective regimen ingredients, find the ingredient that starts with the letters AP.

Then, for this identified ingredient, find which company has the latest overall FDA drug approval date up till Dec, 2024. Note that we are only looking for overall FDA drug approval, not new indication, not supplemental approvals.

Finally, return only the company name in the format of COMPANY: name.",Applicant_Full_Name,style3_stepwise
Not_Listed,"Regarding clinical trial NCT01356511, analyze the constituents of the more effective therapeutic regimen and identify the active pharmaceutical ingredient whose name commences with the letter D.

Subsequently, ascertain the pharmaceutical company that obtained the most recent Food and Drug Administration (FDA) approval (as of December 2024) for the aforementioned ingredient.
It should be noted that the scope of this inquiry is restricted to an overall FDA drug approval, and explicitly excludes new indications and supplemental approvals.

In the event that this company is publicly traded on any US stock market (including over-the-counter markets), furnish the following:
1. The stock ticker symbol
2. The opening stock price on the date of FDA approval

Should the company not be listed on any US stock market, please indicate ""NOT LISTED"".",Open_on_Approval,style1_formal
Not_Listed,"For clinical trial NCT01356511, what ingredient in the more effective regimen starts with the letter D?

Then, which company received the most recent FDA approval for this ingredient by December 2024?
Note: Original FDA drug approvals only; exclude supplemental or new indication approvals.

If the company is US-listed (including over-the-counter markets), provide:
1. The stock ticker symbol
2. The opening stock price on the FDA approval date

If the company is not US-listed, state ""NOT LISTED"".",Open_on_Approval,style2_concise
Not_Listed,"First, for clinical trial NCT01356511, review the ingredients of the more effective regimen and identify the specific ingredient that starts with the letter D.

Then, determine which pharmaceutical company received the most recent overall FDA drug approval for this identified ingredient, up until December 2024. Note that we are only looking for overall FDA drug approval, not new indications or supplemental approvals.

Finally, if this company is listed on any US stock market (including over-the-counter markets), provide:
1. The stock ticker symbol
2. The opening stock price on the FDA approval date

If the company is not listed on any US stock market, please indicate ""NOT LISTED"".",Open_on_Approval,style3_stepwise
CYCLOPHOSPHAMIDE,"Regarding clinical trial NCT00002582, from the constituent ingredients of the more efficacious regimen(s), identify the ingredient whose name commences with the letter C. Return only the name of the ingredient, or 'unknown', in all capital letters and formatted as INGREDIENT: name.",Ingredient,style1_formal
CYCLOPHOSPHAMIDE,"For clinical trial NCT00002582: From the more effective regimen ingredients, find the one starting with C. Return the ingredient name or UNKNOWN in all CAPS, formatted as INGREDIENT: name.",Ingredient,style2_concise
CYCLOPHOSPHAMIDE,"First, for clinical trial NCT00002582. Then, among the more effective regimen ingredients, find which is the ingredient that starts with the letter C. Finally, return only the name of the ingredient or unknown in all CAPS in the format of INGREDIENT: name",Ingredient,style3_stepwise
Not_Listed,"For clinical trial NCT00003782, review the constituent ingredients of the more efficacious regimen and identify which ingredient commences with the letter D.

Subsequently, determine the pharmaceutical company that received the most recent Food and Drug Administration (FDA) approval (on or before December 2024) for this identified ingredient.
Note that this inquiry is restricted to an overall FDA drug approval, not a new indication or a supplemental approval.

If this company is listed on any US stock market (including over-the-counter markets), provide:
1. The stock ticker symbol
2. The opening stock price on the FDA approval date

If the company is not listed on any US stock market, please indicate ""NOT LISTED"".",Open_on_Approval,style1_formal
Not_Listed,"For clinical trial NCT00003782, identify the ingredient in the more effective regimen that starts with the letter D.

Then, find the pharmaceutical company that received the most recent FDA approval for this ingredient by December 2024.
Consider only original FDA drug approvals, not new indications or supplemental approvals.

If this company is US-listed (including over-the-counter markets), provide:
1. The stock ticker symbol
2. The opening stock price on the FDA approval date

If the company is not US-listed, indicate ""NOT LISTED"".",Open_on_Approval,style2_concise
Not_Listed,"First, for clinical trial NCT00003782, review the more effective regimen ingredients and identify which ingredient starts with the letter D.

Then, determine which pharmaceutical company received the most recent FDA approval (up until December 2024) for this identified ingredient.
Note that we are only look for overall FDA drug approval, not new indidcation, not supplemental approvals.

Finally, if this company is listed on any US stock market (including over-the-counter markets), provide:
1. The stock ticker symbol
2. The opening stock price on the FDA approval date

If the company is not listed on any US stock market, please indicate ""NOT LISTED"".",Open_on_Approval,style3_stepwise
Not_Listed,"Pertaining to clinical trial NCT00446225, analyze the constituents of the more effective regimen and identify the active ingredient whose name commences with the letter 'D'.

Subsequently, determine the pharmaceutical company that received the most recent U.S. Food and Drug Administration (FDA) approval for this identified ingredient, for the period up to and including December 2024.
Note: This inquiry is confined to overall FDA drug approvals and explicitly excludes approvals for new indications or supplemental applications.

If this company is listed on any US stock market (including over-the-counter markets), provide:
1. The stock ticker symbol
2. The opening stock price on the FDA approval date

If the company is not listed on any US stock market, please indicate ""NOT LISTED"".",Open_on_Approval,style1_formal
Not_Listed,"For clinical trial NCT00446225, identify the ingredient in the more effective regimen that starts with the letter D.

Which pharmaceutical company received the most recent new drug FDA approval for this ingredient by December 2024? Exclude new indications and supplemental approvals.

If the company is listed on any US stock market (including over-the-counter markets), provide:
1. The stock ticker symbol
2. The opening stock price on the FDA approval date

If the company is not listed on any US stock market, state ""NOT LISTED"".",Open_on_Approval,style2_concise
Not_Listed,"First, for clinical trial NCT00446225, review the ingredients of the more effective regimen and identify the one that starts with the letter D.

Then, for the ingredient identified in the previous step, determine which pharmaceutical company received the most recent overall FDA drug approval up until December 2024.
Note: Do not consider new indications or supplemental approvals.

Finally, if this company is listed on any US stock market (including over-the-counter markets), provide its stock ticker symbol and the opening stock price on the date of the FDA approval. If the company is not listed, indicate ""NOT LISTED"".",Open_on_Approval,style3_stepwise
"Aug 3, 2027","Regarding clinical trial NCT00052936, among the constituents of the more efficacious regimen, identify the component whose name commences with the letter 'P'.

Subsequently, for this identified constituent, ascertain its patent expiration date, considering its most recent overall FDA drug approval was granted on or before December 2024.
Note that this inquiry is restricted to overall FDA drug approval, and expressly excludes new indications and supplemental approvals.
Return only the date only the year YYYY format of date: YYYY.",Patent_Expire_Date_Text,style1_formal
"Aug 3, 2027","For clinical trial NCT00052936, find the ingredient in its more effective regimen that starts with P.

For this ingredient, what is the patent expiration date for its last approval by Dec, 2024?
Note: Consider only overall FDA drug approval, not new indications or supplemental approvals.
Return the date in YYYY format.",Patent_Expire_Date_Text,style2_concise
"Aug 3, 2027","First, for clinical trial NCT00052936, examine the ingredients of the more effective regimen and identify which ingredient starts with the letter P.

Then, for the ingredient you have identified, find its last overall FDA drug approval that occurred on or before Dec, 2024. Note that we are only looking for overall FDA drug approval, not new indications or supplemental approvals. For this approval, what is the patent expiration date?

Finally, return only the year of that patent expiration date in the following format: YYYY.",Patent_Expire_Date_Text,style3_stepwise
EUGIA PHARMA SPECIALITIES LTD,"For clinical trial NCT00090051, identify the constituent ingredient within the more efficacious regimens that commences with the letter 'C'.

Subsequently, determine the company holding the most recent original Food and Drug Administration (FDA) approval for the identified ingredient, granted on or before December 2024. This inquiry is restricted to initial marketing authorizations and expressly excludes new indications or supplemental approvals.
The output must be restricted to the company name, presented in the format: COMPANY: name.",Applicant_Full_Name,style1_formal
EUGIA PHARMA SPECIALITIES LTD,"In clinical trial NCT00090051, identify the effective regimen ingredient starting with C.

For this ingredient, find the company with the latest overall FDA drug approval by Dec, 2024. Exclude new indications and supplemental approvals. Return only the company name in the format: COMPANY: name.",Applicant_Full_Name,style2_concise
EUGIA PHARMA SPECIALITIES LTD,"First, in clinical trial NCT00090051, examine the 'more effective regimen ingredients' and identify the one that starts with the letter C.

Then, for the ingredient identified in the previous step, find the company that received the latest overall FDA drug approval. Your search should only consider approvals up until December 2024, and must exclude new indidcation and supplemental approvals.

Finally, return only the name of the company using the format: COMPANY: name.",Applicant_Full_Name,style3_stepwise
,"With reference to clinical trial NCT00978549, among the efficacious regimen components, identify the component whose name commences with the letter D.

Subsequently, for this identified component, for which the most recent overall FDA drug approval occurred on or before December, 2024, determine its FDA-designated exclusivity expiration date.
Note that this inquiry is restricted to the overall FDA drug approval and explicitly excludes new indications or supplemental approvals.
If an exclusivity date is non-existent or unavailable, respond with 'DATE: NA'. Otherwise, return only the date formatted as 'DATE: MM-DD-YYYY'.",Exclusivity_Date,style1_formal
,"For the effective regimen in clinical trial NCT00978549, identify the ingredient starting with the letter D.

For this ingredient, what is its FDA exclusivity date, based on its last overall approval by Dec, 2024?
Consider only overall drug approvals, not new indications or supplemental approvals.
If the date is unavailable, respond with 'DATE: NA'. Otherwise, return the date in the format: DATE: MM-DD-YYYY.",Exclusivity_Date,style2_concise
,"First, for clinical trial NCT00978549, identify which ingredient among the more effective regimens starts with the letter D.

Then, for this identified ingredient, find its last overall FDA drug approval up till Dec, 2024. Note that we are only looking for overall FDA drug approval, not new indications or supplemental approvals.

Finally, provide the FDA exclusivity date for that specific approval. If no exclusivity date exists or if it's not available, respond with 'DATE: NA'. Otherwise, return only the date in the MM-DD-YYYY format of date: MM-DD-YYYY.",Exclusivity_Date,style3_stepwise
BRISTOL MYERS SQUIBB,"For clinical trial NCT00238238, among the constituents of the more efficacious therapeutic regimen, identify the ingredient whose name commences with the letter L.

Subsequently, determine which company holds the latest FDA approval for the identified ingredient, with an approval date up to Dec, 2024. The scope of this search must be limited to overall FDA drug approvals, excluding new indications and supplemental approvals.
Return only the company name in the format of COMPANY: name.",Applicant_Full_Name,style1_formal
BRISTOL MYERS SQUIBB,"For clinical trial NCT00238238, identify the effective regimen ingredient that starts with the letter L.

For this ingredient, find the company with the latest FDA approval date by Dec, 2024. Consider only overall FDA drug approvals, not new indications or supplemental approvals. Return only the company name in format of COMPANY: name.",Applicant_Full_Name,style2_concise
BRISTOL MYERS SQUIBB,"First, for clinical trial NCT00238238, examine the more effective regimen ingredients and identify the specific ingredient that starts with the letter L.

Then, using the ingredient identified in the previous step, find the company that holds the latest overall FDA drug approval for it. Consider only approvals granted up to December 2024, and exclude new indication or supplemental approvals.

Finally, return only the name of the company found in the previous step, using the exact format: COMPANY: name.",Applicant_Full_Name,style3_stepwise
BRISTOL MYERS SQUIBB,"For clinical trial NCT01197560, from the constituents of the more efficacious therapeutic regimen, identify the specific agent whose name begins with the letter L.

Subsequently, identify the company that received the most recent original U.S. Food and Drug Administration (FDA) approval for this agent, up to and including December 2024. This inquiry is specific to initial drug approvals (i.e., New Drug Applications or Biologics License Applications) and explicitly excludes supplemental approvals or new indications. The final output should be presented solely as the company name, using the format: COMPANY: name.",Applicant_Full_Name,style1_formal
BRISTOL MYERS SQUIBB,"From the more effective regimen in clinical trial NCT01197560, identify the ingredient starting with the letter L.

For this ingredient, find the company with the latest overall FDA drug approval through Dec, 2024. Exclude new indications and supplemental approvals. Return only the company name in the format COMPANY: name.",Applicant_Full_Name,style2_concise
BRISTOL MYERS SQUIBB,"First, for clinical trial NCT01197560, identify the ingredient among the more effective regimen ingredients that starts with the letter L.

Then, for that identified ingredient, find which company has the latest overall FDA drug approval date up till Dec, 2024. Note that we are only looking for overall FDA drug approval, not new indications or supplemental approvals.

Finally, return only the company name in the format of COMPANY: name.",Applicant_Full_Name,style3_stepwise
DEXCEL PHARMA TECHNOLOGIES LTD,"Within the context of clinical trial NCT00256776, identify the constituent of the more efficacious therapeutic regimen whose name commences with the letter 'D'.

Following this identification, determine the entity holding the most recent U.S. Food and Drug Administration (FDA) approval for the specified constituent, with a date of approval on or before December 31, 2024. It is to be noted that this inquiry is limited to original drug approvals, thereby excluding new indications and supplemental approvals.
The output must be restricted to the company name, formatted as: COMPANY: name.",Applicant_Full_Name,style1_formal
DEXCEL PHARMA TECHNOLOGIES LTD,"In clinical trial NCT00256776's more effective regimen, identify the ingredient starting with the letter D.

For this ingredient, find the company with the latest overall FDA drug approval by Dec, 2024, excluding new indications and supplemental approvals. Return only the company name in the format COMPANY: name.",Applicant_Full_Name,style2_concise
DEXCEL PHARMA TECHNOLOGIES LTD,"First, in clinical trial NCT00256776, examine the ingredients of the more effective regimen and identify the one that starts with the letter D.

Then, for the ingredient identified in the previous step, find the company that received the latest overall FDA drug approval up to Dec, 2024. Note that you should only consider overall drug approvals, not new indications or supplemental approvals.

Finally, return only the name of that company using the format: COMPANY: name.",Applicant_Full_Name,style3_stepwise
"May 28, 2026","With respect to clinical trial NCT01718379, among the constituent ingredients of the more efficacious regimens, identify the component whose name commences with the letter L.

Subsequently, for this identified ingredient, determine its U.S. Food and Drug Administration (FDA) designated exclusivity date, given that its most recent overall drug approval was granted on or before Dec, 2024.
Note that this query pertains exclusively to the initial overall FDA drug approval, not to approvals for new indications or supplemental applications.
Should no exclusivity date exist or be available, the required response is 'DATE: NA'. Otherwise, return solely the date, adhering to the MM-DD-YYYY format and presented in the structure: date: MM-DD-YYYY.",Exclusivity_Date,style1_formal
"May 28, 2026","For trial NCT01718379, which ingredient in the more effective regimens starts with L?

What is this ingredient's FDA exclusivity date from its last approval by Dec, 2024?
Consider only overall FDA drug approval, not new indications or supplemental approvals.
If no exclusivity date is available, respond 'DATE: NA'. Otherwise, return the date in MM-DD-YYYY format: date: MM-DD-YYYY.",Exclusivity_Date,style2_concise
"May 28, 2026","First, for clinical trial NCT01718379, among the more effective regimen ingredients, identify which ingredient starts with the letter L.

Then, for this identified ingredient, find its last overall FDA drug approval up till Dec, 2024, and determine its exclusivity date according to the FDA. Note that we are only looking for overall FDA drug approval, not new indication, not supplemental approvals.

Finally, if no exclusivity date exists or if it's not available, respond with 'DATE: NA'. Otherwise, return only the date in MM-DD-YYYY format of date: MM-DD-YYYY.",Exclusivity_Date,style3_stepwise
58.59000015258789,"Pertaining to clinical trial NCT02993523, examine the constituents of the more effective therapeutic regimen and identify the constituent whose name commences with the letter V.

Then, determine the pharmaceutical entity that obtained the most recent Food and Drug Administration (FDA) approval (through December 2024) for the identified constituent.
Note: The inquiry is restricted to an overall FDA drug approval and explicitly excludes new indications and supplemental approvals.

Should this entity be listed on any U.S. stock market (inclusive of over-the-counter markets), provide:
1. The stock ticker symbol
2. The opening stock price on the FDA approval date

If the company is not listed on any U.S. stock market, please indicate ""NOT LISTED"".",Open_on_Approval,style1_formal
58.59000015258789,"For trial NCT02993523, identify the ingredient starting with V in the more effective regimen.

Then, find the company that received the most recent FDA approval for this ingredient by December 2024.
Only consider initial FDA drug approvals, not new indications or supplemental approvals.

If the company is US-listed (including OTC markets), provide:
1. The stock ticker symbol
2. The opening stock price on the FDA approval date

If the company is not US-listed, state ""NOT LISTED"".",Open_on_Approval,style2_concise
58.59000015258789,"First, for clinical trial NCT02993523, review the ingredients of the more effective regimen and identify the one that starts with the letter V.

Then, for the ingredient you identified, determine which pharmaceutical company received the most recent overall FDA drug approval up until December 2024.
Note that we are only looking for overall FDA drug approval, not new indication, not supplemental approvals.

Finally, if this company is listed on any US stock market (including over-the-counter markets), provide:
1. The stock ticker symbol
2. The opening stock price on the FDA approval date

If the company is not listed on any US stock market, please indicate ""NOT LISTED"".",Open_on_Approval,style3_stepwise
DEXCEL PHARMA TECHNOLOGIES LTD,"With respect to clinical trial NCT01356511, identify the therapeutic constituent of the more effective regimen whose name commences with the letter 'D'.

Subsequently, determine the sponsoring company that holds the most recent FDA approval for this identified constituent, with an approval date up to Dec, 2024. The query is restricted to original drug approvals, excluding new indications and supplemental approvals.
The output should present only the company name in the format: COMPANY: name.",Applicant_Full_Name,style1_formal
DEXCEL PHARMA TECHNOLOGIES LTD,"For clinical trial NCT01356511, identify the ingredient in the more effective regimen starting with the letter D.

For this ingredient, find the company with the latest overall FDA drug approval by Dec, 2024. Consider only overall drug approvals, excluding new indications or supplemental approvals.

Return only the company name in the format: COMPANY: name.",Applicant_Full_Name,style2_concise
DEXCEL PHARMA TECHNOLOGIES LTD,"First, for clinical trial NCT01356511, review the ingredients in the more effective regimen and identify which one starts with the letter D.

Then, using this specific ingredient, find the company that holds the latest overall FDA drug approval granted up to December 2024. Note that we are only looking for overall FDA drug approval, not new indications or supplemental approvals.

Finally, return only the company name in the format of COMPANY: name.",Applicant_Full_Name,style3_stepwise
"Apr 27, 2027","First, concerning clinical trial NCT01718379, identify the constituent within the more effective regimen whose name commences with the letter L.

Then, for this identified constituent, what is its patent expiration date, given that its most recent overall FDA drug approval was granted on or before Dec, 2024?
Note: This query is limited to overall FDA drug approval, excluding new indications and supplemental approvals.
Return the date solely in the year format: YYYY.",Patent_Expire_Date_Text,style1_formal
"Apr 27, 2027","For clinical trial NCT01718379, which effective regimen ingredient starts with the letter L?

What is the patent expiration date for this ingredient, last approved by Dec, 2024?
Consider only overall FDA drug approval, not new indications or supplemental approvals.
Return the year only in YYYY format.",Patent_Expire_Date_Text,style2_concise
"Apr 27, 2027","First, for clinical trial NCT01718379 among the more effective regimen ingredients, identify which ingredient starts with the letter L.

Then, for this identified ingredient that was last approved up till Dec, 2024, when is its patent expiration date? Note that we are only look for overall FDA drug approval, not new indidcation, not supplemental approvals.

Finally, return only the date only the year YYYY format of date: YYYY.",Patent_Expire_Date_Text,style3_stepwise
"May 28, 2026","For clinical trial NCT00430365, from among the constituent agents of the more efficacious regimens, identify the agent whose name commences with the letter L.

Subsequently, for this identified agent, ascertain its FDA-granted marketing exclusivity expiration date, corresponding to its latest overall approval on or before Dec, 2024.
It is to be noted that the scope of this query is confined to the overall FDA drug approval, thereby excluding approvals for new indications or supplemental applications.
Should no exclusivity date exist or be available, respond with 'DATE: NA'. Otherwise, return the date exclusively in the MM-DD-YYYY format, as follows: date: MM-DD-YYYY.",Exclusivity_Date,style1_formal
"May 28, 2026","For trial NCT00430365, find the effective regimen ingredient starting with L.

For this ingredient, what is the FDA exclusivity date for its last approval by Dec, 2024?
Note: Consider initial FDA drug approval only, not new indications or supplemental approvals.
If no exclusivity date is available, respond with 'DATE: NA'. Otherwise, return the date as: date: MM-DD-YYYY.",Exclusivity_Date,style2_concise
"May 28, 2026","First, for clinical trial NCT00430365, identify which ingredient among the more effective regimens starts with the letter L.

Then, for this identified ingredient, find its last approval up till Dec, 2024.
Note that we are only looking for overall FDA drug approval, not new indication, not supplemental approvals.

Finally, for this specific approval, what is its exclusivity date according to the FDA? If no exclusivity date exists or if it's not available, respond with 'DATE: NA'. Otherwise, return only the date in the format date: MM-DD-YYYY.",Exclusivity_Date,style3_stepwise
NOVARTIS PHARMACEUTICALS CORP,"For clinical trial NCT00685646, identify the constituent agent within the superior efficacy regimen whose name commences with the letter 'Z'.

Subsequently, determine the company holding the most recent original FDA drug approval for this agent, granted on or before December 2024. Note that this query is limited to initial marketing approvals, excluding new indications and supplemental approvals.
The output must consist solely of the company name, formatted as: COMPANY: name.",Applicant_Full_Name,style1_formal
NOVARTIS PHARMACEUTICALS CORP,"For clinical trial NCT00685646, identify the ingredient in the more effective regimen that starts with the letter Z.

Then, for this ingredient, find the company with the latest overall FDA drug approval by Dec, 2024. Consider only overall drug approvals, not new indications or supplemental approvals.
Return the company name in the format COMPANY: name.",Applicant_Full_Name,style2_concise
NOVARTIS PHARMACEUTICALS CORP,"First, for clinical trial NCT00685646, identify the ingredient within the more effective regimen that starts with the letter Z.

Then, for the ingredient identified, find the company that holds the latest overall FDA drug approval. Ensure the approval date is on or before Dec, 2024, and note that new indications and supplemental approvals should be excluded.

Finally, return only the company name in the format of COMPANY: name.",Applicant_Full_Name,style3_stepwise
"Feb 25, 2031","First, for clinical trial NCT00260689, among the constituent agents of the more efficacious regimen, identify the agent whose name commences with the letter C.

Then, for this identified agent, whose most recent overall FDA drug approval was granted on or before Dec, 2024, determine its patent expiration date.
Note that the inquiry pertains exclusively to the overall FDA drug approval, not approvals for new indications or supplemental applications.
Return only the year of the date in the format: YYYY.",Patent_Expire_Date_Text,style1_formal
"Feb 25, 2031","For clinical trial NCT00260689, which effective regimen ingredient starts with C?

For this ingredient, what is the patent expiration date of its last overall FDA drug approval up till Dec, 2024?
Exclude new indications and supplemental approvals.
Return the year in YYYY format.",Patent_Expire_Date_Text,style2_concise
"Feb 25, 2031","First, for clinical trial NCT00260689, identify the ingredient from the more effective regimen that starts with the letter C.

Then, for this identified ingredient, find its patent expiration date based on its last overall FDA drug approval up till Dec, 2024. Note that we are only looking for overall FDA drug approval, not new indications or supplemental approvals.

Finally, return only the year of the patent expiration date in YYYY format.",Patent_Expire_Date_Text,style3_stepwise
34.470001220703125,"Pertaining to clinical trial NCT01639001, evaluate the constituent agents of the regimen demonstrating superior efficacy and identify the agent whose name commences with the letter C.

Subsequently, ascertain the pharmaceutical company that received the most recent FDA approval (on or before December 2024) for the identified agent.
Note: This query pertains exclusively to initial marketing authorizations, thereby excluding approvals for new indications and supplemental applications.

For a company listed on any U.S. stock market (including over-the-counter markets), provide:
1. The stock ticker symbol
2. The opening stock price on the date of the FDA approval

If the company is not listed, indicate ""NOT LISTED"".",Open_on_Approval,style1_formal
34.470001220703125,"For clinical trial NCT01639001, identify the ingredient starting with C in the more effective regimen.

Then, determine the company with the most recent FDA approval for this ingredient by December 2024.
Note: This refers to initial new drug approvals only, not new indications or supplemental approvals.

If this company is listed on any US stock market (including over-the-counter markets), provide:
1. The stock ticker symbol
2. The opening stock price on the FDA approval date

If the company is not listed on any US stock market, indicate ""NOT LISTED"".",Open_on_Approval,style2_concise
34.470001220703125,"First, for clinical trial NCT01639001, review the ingredients of the more effective regimen and identify the one that starts with the letter C.

Then, for the ingredient identified in the previous step, find the pharmaceutical company that received the most recent overall FDA drug approval up until December 2024.
Note that we are only looking for overall FDA drug approval, not new indications or supplemental approvals.

Finally, check if this company is listed on any US stock market, including over-the-counter markets.
If it is listed, provide:
1. The stock ticker symbol
2. The opening stock price on the FDA approval date

If the company is not listed on any US stock market, please indicate ""NOT LISTED"".",Open_on_Approval,style3_stepwise
SUN PHARMACEUTICAL INDUSTRIES LTD,"For clinical trial NCT00004100, identify the constituent among the more efficacious regimens whose name commences with the letter G.

Subsequently, determine the company that holds the most recent FDA approval for this identified constituent, with an approval date up to December 2024. It should be noted that this query is restricted to original FDA drug approvals, and excludes new indications and supplemental approvals.
Return only the company name in format of COMPANY: name.",Applicant_Full_Name,style1_formal
SUN PHARMACEUTICAL INDUSTRIES LTD,,Applicant_Full_Name,style2_concise
SUN PHARMACEUTICAL INDUSTRIES LTD,"First, in clinical trial NCT00004100, look at the ingredients in the more effective regimen. Identify the ingredient whose name begins with the letter G.

Then, for the ingredient you identified, find the company that received the latest overall FDA drug approval. Ensure the approval date is on or before December 2024. Exclude new indications and supplemental approvals.

Finally, present the name of that company in the format: COMPANY: name.",Applicant_Full_Name,style3_stepwise
,"Regarding clinical trial NCT00003128, among the constituent ingredients of the more efficacious regimens, identify the specific ingredient that commences with the letter P.

Subsequently, for the identified ingredient with its most recent approval on or before Dec, 2024, determine its exclusivity date as designated by the U.S. Food and Drug Administration (FDA).
Note that this inquiry pertains exclusively to the overall FDA drug approval, excluding new indications and supplemental approvals.
If an exclusivity date is nonexistent or unavailable, respond with 'DATE: NA'. Otherwise, return only the date in the MM-DD-YYYY format of date: MM-DD-YYYY.",Exclusivity_Date,style1_formal
,"For trial NCT00003128, which ingredient from a more effective regimen starts with the letter P?

Then, for this ingredient, what is its FDA exclusivity date, given its last overall drug approval was by Dec, 2024?
Consider only overall FDA drug approval, not new indications or supplemental approvals.
If no exclusivity date exists or is unavailable, respond with 'DATE: NA'. Otherwise, return the date as: date: MM-DD-YYYY.",Exclusivity_Date,style2_concise
,"First, for clinical trial NCT00003128, among the more effective regimen ingredients, identify which ingredient starts with the letter P.

Then, for this identified ingredient, find its last overall FDA drug approval (not new indication or supplemental approvals) up till Dec, 2024, and determine its exclusivity date according to the FDA.

Finally, if no exclusivity date exists or if it's not available, respond with 'DATE: NA'. Otherwise, return only the date in MM-DD-YYYY format of date: MM-DD-YYYY.",Exclusivity_Date,style3_stepwise
DOCETAXEL,"For clinical trial NCT00978549: Among the constituent agents of the more efficacious regimens, identify the agent whose name commences with the letter 'D'. Return only the name of the agent, or 'unknown', in all CAPS, formatted as INGREDIENT: name.",Ingredient,style1_formal
DOCETAXEL,For clinical trial NCT00978549: find the more effective regimen ingredient that starts with D. Return only the ingredient name or UNKNOWN in all caps in the format INGREDIENT: name,Ingredient,style2_concise
DOCETAXEL,"First, for clinical trial NCT00978549, look among the more effective regimen ingredients. Then, find which is the ingredient with the first letter starting with D. Finally, return only the name of the ingredient or unknown in all CAPS in the format of INGREDIENT: name.",Ingredient,style3_stepwise
"Mar 26, 2035","First, with respect to clinical trial NCT04988295, identify the constituent within the more efficacious therapeutic regimen whose nomenclature commences with the letter 'P'.

Then, for this identified constituent, provide its patent expiration date, contingent upon its most recent overall U.S. Food and Drug Administration (FDA) drug approval having been granted on or before Dec, 2024.
Note: Consideration is limited to the initial drug approval (i.e., New Drug Application or Biologics License Application), thereby excluding new indications and supplemental approvals.
The response must be returned exclusively as the year, in the format of date: YYYY.",Patent_Expire_Date_Text,style1_formal
"Mar 26, 2035","From the more effective regimen in clinical trial NCT04988295, identify the ingredient starting with the letter P.

For this ingredient, find its patent expiration date based on its last approval by Dec, 2024.
Consider only overall FDA drug approval, not new indications or supplemental approvals.
Return only the year in the format: YYYY.",Patent_Expire_Date_Text,style2_concise
"Mar 26, 2035","First, for clinical trial NCT04988295, review the more effective regimen ingredients and identify the one that starts with the letter P.

Then, for this identified ingredient, find the patent expiration date associated with its last overall FDA drug approval up till Dec, 2024.
Note that we are only look for overall FDA drug approval, not new indidcation, not supplemental approvals.

Finally, return only the year of the date in YYYY format.",Patent_Expire_Date_Text,style3_stepwise
EVEROLIMUS,"For clinical trial NCT01108445. Among the efficacious regimen components; determine the constituent whose name commences with the letter E, returning only the name of the ingredient or unknown in all CAPS in the format of INGREDIENT: name",Ingredient,style1_formal
EVEROLIMUS,"For clinical trial NCT01108445. In the more effective regimen, find the ingredient starting with E. Return the name or UNKNOWN in all caps in the format INGREDIENT: name.",Ingredient,style2_concise
EVEROLIMUS,"First, for clinical trial NCT01108445, find the ingredients from the more effective regimen. Then, from that list, identify the ingredient whose name starts with the letter E. Finally, return only the name of the ingredient, or unknown if not found, in all CAPS in the format of INGREDIENT: name.",Ingredient,style3_stepwise
"Jul 7, 2028","In relation to clinical trial NCT02672527, identify the active pharmaceutical ingredient within the most efficacious treatment regimen whose designation begins with the letter T.

Subsequently, for this identified ingredient, determine the patent expiration date, given its most recent overall FDA drug approval was granted on or before December 2024.
Note: This inquiry pertains exclusively to overall FDA drug approval and does not extend to new indications or supplemental approvals.
Return only the year of the expiration date, in the format: YYYY.",Patent_Expire_Date_Text,style1_formal
"Jul 7, 2028","For clinical trial NCT02672527, identify the effective regimen ingredient starting with the letter T.

For this ingredient, what is its patent expiration date if its last approval was by Dec, 2024?
Note: Consider only overall FDA drug approval, not new indications or supplemental approvals.
Return the year only in YYYY format.",Patent_Expire_Date_Text,style2_concise
"Jul 7, 2028","First, for clinical trial NCT02672527, examine the more effective regimen ingredients and identify which ingredient starts with the letter T.

Then, for the ingredient you just identified, find its last overall FDA drug approval that occurred up till Dec, 2024. Note that we are only looking for overall FDA drug approval, not new indication or supplemental approvals.

Finally, for that approved drug, find its patent expiration date and return only the year in YYYY format.",Patent_Expire_Date_Text,style3_stepwise
46.72999954223633,"Regarding clinical trial NCT01307605, analyze the ingredients of the more effective regimen and identify the constituent agent that commences with the letter L.

Subsequently, determine the pharmaceutical company that obtained the most recent U.S. Food and Drug Administration (FDA) approval for this identified agent, as of December 2024.
Note: The inquiry is limited to an overall FDA drug approval and does not extend to new indications or supplemental approvals.

If this company is listed on any U.S. stock market (including over-the-counter markets), provide:
1. The stock ticker symbol
2. The opening stock price on the FDA approval date

If the company is not listed on any U.S. stock market, please indicate ""NOT LISTED"".",Open_on_Approval,style1_formal
46.72999954223633,"For trial NCT01307605, identify the ingredient starting with L in the more effective regimen.

Then, for this ingredient, which company received the most recent new drug FDA approval by December 2024? Exclude new indications and supplemental approvals.

If the company is listed on a US stock market (including over-the-counter markets), provide:
1. Stock ticker symbol
2. Opening stock price on the FDA approval date

If not listed, provide ""NOT LISTED"".",Open_on_Approval,style2_concise
46.72999954223633,"First, for clinical trial NCT01307605, review the more effective regimen ingredients and identify the ingredient that starts with the letter L.

Then, determine which pharmaceutical company received the most recent FDA approval for this identified ingredient up until December 2024. Note that we are only looking for overall FDA drug approval, not new indication, not supplemental approvals.

Finally, if this company is listed on any US stock market (including over-the-counter markets), provide:
1. The stock ticker symbol
2. The opening stock price on the FDA approval date

If the company is not listed on any US stock market, please indicate ""NOT LISTED"".",Open_on_Approval,style3_stepwise
ZHUHAI BEIHAI BIOTECH CO LTD,"Initially, pertaining to clinical trial NCT01282463, from the constituent agents of the more efficacious regimen, identify the agent whose name commences with the letter 'D'.

Subsequently, for the identified agent, determine the company holding the most recent initial U.S. Food and Drug Administration (FDA) marketing approval on or before December 2024. This query explicitly excludes supplemental approvals and new indications. The response must be formatted to return only the company name, as follows: COMPANY: name.",Applicant_Full_Name,style1_formal
ZHUHAI BEIHAI BIOTECH CO LTD,"In trial NCT01282463's more effective regimen, identify the ingredient starting with the letter D.

For this ingredient, find the company with the latest overall FDA drug approval by Dec, 2024. Exclude new indications and supplemental approvals. Return the company name in the format COMPANY: name.",Applicant_Full_Name,style2_concise
ZHUHAI BEIHAI BIOTECH CO LTD,"First, for clinical trial NCT01282463, review the more effective regimen ingredients and identify which one starts with the letter D.

Then, for the ingredient identified in the previous step, find the company that holds the latest overall FDA drug approval. Ensure the approval date is on or before Dec, 2024, and specifically exclude new indications or supplemental approvals.

Finally, return only the name of the company you found, using the exact format: COMPANY: name.",Applicant_Full_Name,style3_stepwise
ZHUHAI BEIHAI BIOTECH CO LTD,"In the context of clinical trial NCT03150875, among the constituent active pharmaceutical ingredients of the therapeutic regimen, identify the agent whose name commences with the letter D.

Subsequently, ascertain which entity holds the most recent initial U.S. Food and Drug Administration (FDA) marketing authorization for the identified agent, with an approval date on or before December 2024. Note that the scope of this query is limited to the original drug approval and excludes subsequent approvals for new indications or other supplemental applications.
Return the result solely as the company name in the specified format: COMPANY: name.",Applicant_Full_Name,style1_formal
ZHUHAI BEIHAI BIOTECH CO LTD,"For clinical trial NCT03150875, identify the more effective regimen ingredient starting with D.

For this ingredient, find the company with the latest overall FDA drug approval up till Dec, 2024. Exclude new indications and supplemental approvals.
Return only the company name in the format: COMPANY: name.",Applicant_Full_Name,style2_concise
ZHUHAI BEIHAI BIOTECH CO LTD,"First, for clinical trial NCT03150875, look at the ingredients in the more effective regimen and identify which one begins with the letter D.

Then, for the ingredient identified in the first step, find the company that holds the latest overall FDA drug approval. The approval date must be up to December 2024, and you should only consider initial approvals, not new indications or supplemental approvals.

Finally, return only the company's name in the specific format: COMPANY: name.",Applicant_Full_Name,style3_stepwise
ZOLEDRONIC ACID,"For clinical trial NCT00685646: among the constituent ingredients of the regimen demonstrating superior efficacy; identify the component whose name commences with the letter 'Z' and return solely the ingredient's name, or 'unknown', in all capital letters according to the format: INGREDIENT: name.",Ingredient,style1_formal
ZOLEDRONIC ACID,"For clinical trial NCT00685646, find the ingredient starting with Z among the more effective regimens. Return its name or UNKNOWN in all CAPS in the format INGREDIENT: name.",Ingredient,style2_concise
ZOLEDRONIC ACID,"First, for clinical trial NCT00685646, find the ingredients listed in the more effective regimen. Then, among those ingredients, identify which one has a name that starts with the letter Z. Finally, return only the name of that ingredient, or unknown if none are found, in all CAPS in the format of INGREDIENT: name",Ingredient,style3_stepwise
Not_Listed,"Pertaining to clinical trial NCT00021255, analyze the constituent agents of the regimen demonstrating superior efficacy and identify the specific agent whose name commences with the letter 'D'.

Subsequently, ascertain the pharmaceutical entity that received the most recent original U.S. Food and Drug Administration (FDA) approval for this identified agent, for the period ending December 2024.
Note that the scope of this query is confined to original New Drug Application (NDA) or Biologics License Application (BLA) approvals, thereby excluding new indications and supplemental approvals.

If this entity is publicly traded on any U.S. stock market (including over-the-counter markets), provide:
1. The stock ticker symbol
2. The opening stock price on the date of the FDA approval

If the entity is not listed on any U.S. stock market, please indicate ""NOT LISTED"".",Open_on_Approval,style1_formal
Not_Listed,"For clinical trial NCT00021255, identify the ingredient in the more effective regimen that starts with D.

For this ingredient, which company received the most recent FDA approval by December 2024?
Consider only original drug approvals, not new indications or supplemental approvals.

If the company is US-listed (including over-the-counter markets), provide:
1. Stock ticker symbol
2. Opening stock price on the FDA approval date

If the company is not US-listed, state ""NOT LISTED"".",Open_on_Approval,style2_concise
Not_Listed,"First, for clinical trial NCT00021255, review the more effective regimen ingredients and identify the ingredient that starts with the letter D.

Then, for the ingredient identified in the first step, determine which pharmaceutical company received the most recent overall FDA drug approval up until December 2024.
Note: Do not consider new indications or supplemental approvals.

Finally, check if this company is listed on any US stock market (including over-the-counter markets).
If it is listed, provide:
1. The stock ticker symbol
2. The opening stock price on the FDA approval date

If the company is not listed on any US stock market, please indicate ""NOT LISTED"".",Open_on_Approval,style3_stepwise
"Aug 12, 2027","With respect to clinical trial NCT01924533, identify the therapeutic agent within the most efficacious regimen whose name commences with the letter 'O'.

Subsequently, for this identified agent, determine the patent expiration date, provided its most recent approval was granted on or before Dec, 2024.
Note: The query is restricted to the initial U.S. Food and Drug Administration (FDA) marketing authorization, specifically excluding approvals for new indications or supplemental applications.
The output must be rendered exclusively in the four-digit year format: YYYY.",Patent_Expire_Date_Text,style1_formal
"Aug 12, 2027","For clinical trial NCT01924533, identify the ingredient starting with O in the more effective regimen.

For this ingredient's last approval by Dec, 2024, what is its patent expiration date?
Note: Consider only overall FDA drug approval, not new indications or supplemental approvals.
Return the year in the format: YYYY.",Patent_Expire_Date_Text,style2_concise
"Aug 12, 2027","First, for clinical trial NCT01924533, review the more effective regimen ingredients to identify the one that starts with the letter O.

Then, for this identified ingredient, find its patent expiration date based on its last approval up till Dec, 2024.
Note that we are only looking for overall FDA drug approval, not new indication, not supplemental approvals.

Finally, return only the year of the patent expiration date in the format: YYYY.",Patent_Expire_Date_Text,style3_stepwise
Not_Listed,"For clinical trial NCT00084318, analyze the constituents of the more efficacious therapeutic regimen and identify the active pharmaceutical ingredient whose name commences with the letter 'D'.

Subsequently, determine the pharmaceutical company that received the most recent original New Drug Application (NDA) approval from the U.S. Food and Drug Administration (FDA) for this identified ingredient, for the period up to December 31, 2024.
Note that this inquiry is restricted to original FDA drug approvals and explicitly excludes new indications or supplemental approvals.

If this company is publicly listed on any United States stock exchange (including over-the-counter markets), provide:
1. The stock ticker symbol
2. The opening stock price on the date of the FDA approval

If the company is not listed on any U.S. stock exchange, please indicate ""NOT LISTED"".",Open_on_Approval,style1_formal
Not_Listed,"For trial NCT00084318, identify the ingredient starting with 'D' in the more effective regimen.

Then, find the company with the most recent FDA approval for this ingredient by December 2024.
Note: This must be an original drug approval, not a new indication or supplemental approval.

If the company is listed on a US stock market (including OTC markets), provide:
1. The stock ticker symbol
2. The opening stock price on the FDA approval date

If the company is not listed, state ""NOT LISTED"".",Open_on_Approval,style2_concise
Not_Listed,"First, for clinical trial NCT00084318, review the more effective regimen ingredients and identify which ingredient starts with the letter D.

Then, determine which pharmaceutical company received the most recent FDA approval (up until December 2024) for this identified ingredient.
Note that we are only look for overall FDA drug approval, not new indidcation, not supplemental approvals.

Finally, if this company is listed on any US stock market (including over-the-counter markets), provide:
1. The stock ticker symbol
2. The opening stock price on the FDA approval date

If the company is not listed, please indicate ""NOT LISTED"".",Open_on_Approval,style3_stepwise
CLADRIBINE,"With respect to clinical trial NCT00718549, from the constituent ingredients of the more efficacious regimens, identify the ingredient commencing with the letter C and return only its name, or 'unknown', in all uppercase characters, formatted as INGREDIENT: name.",Ingredient,style1_formal
CLADRIBINE,"For clinical trial NCT00718549, find the more effective regimen ingredient starting with C and return only the name of the ingredient or unknown in all CAPS in the format of INGREDIENT: name",Ingredient,style2_concise
CLADRIBINE,"First, for clinical trial NCT00718549, identify the more effective regimen ingredients. Then, from that list, find the ingredient with the first letter starting with C. Finally, return only the name of the ingredient or unknown in all CAPS in the format of INGREDIENT: name.",Ingredient,style3_stepwise
PF PRISM CV,"With respect to clinical trial NCT01639001, among the ingredients comprising the more effective therapeutic regimens, identify the specific component whose name commences with the letter C.

Subsequently, for the identified ingredient, determine the company that holds the most recent FDA approval date up to Dec, 2024. It must be noted that the inquiry is restricted to the initial overall FDA drug approval, explicitly excluding new indications and supplemental approvals.
The response must be limited to the company name, presented in the format: COMPANY: name.",Applicant_Full_Name,style1_formal
PF PRISM CV,"For trial NCT01639001, find the ingredient in the more effective regimen that starts with the letter C.

Then, for that ingredient, find the company with the latest overall FDA drug approval by Dec, 2024. Do not include new indications or supplemental approvals.
Return only the company name in the format COMPANY: name.",Applicant_Full_Name,style2_concise
PF PRISM CV,"First, for clinical trial NCT01639001, identify the ingredient from the more effective regimen that starts with the letter C.

Then, for this identified ingredient, find the company that holds the latest overall FDA drug approval with a date up till December 2024. Note: Exclude new indications and supplemental approvals from your search.

Finally, return only the company name in the format COMPANY: name.",Applicant_Full_Name,style3_stepwise
JANSSEN PRODUCTS LP,"Regarding clinical trial NCT02672527, identify the ingredient from the more effective treatment regimen whose name commences with the letter 'T'.

Subsequently, determine the company holding the latest FDA approval date up till Dec, 2024 for this identified ingredient. This inquiry is restricted to original FDA drug approvals and excludes new indications or supplemental approvals.
Return only the company name in format of COMPANY: name.",Applicant_Full_Name,style1_formal
JANSSEN PRODUCTS LP,"For clinical trial NCT02672527, identify the effective regimen ingredient starting with T.

For this ingredient, find the company with the latest overall FDA drug approval by Dec 2024. Exclude new indications and supplemental approvals.

Return only the company name in the format COMPANY: name.",Applicant_Full_Name,style2_concise
JANSSEN PRODUCTS LP,"First, for clinical trial NCT02672527, review the more effective regimen ingredients and identify which ingredient's name starts with the letter T.

Then, for that specific ingredient, find the company that holds the latest overall FDA drug approval with a date up till December 2024. Note that you should only consider overall FDA drug approvals, not new indications or supplemental approvals.

Finally, return only the company name in the format of COMPANY: name.",Applicant_Full_Name,style3_stepwise
31.94444465637207,"Regarding clinical trial NCT00685646, analyze the components of the more efficacious regimen to identify the ingredient whose name commences with the letter 'Z'.

Subsequently, determine the pharmaceutical company that received the most recent U.S. Food and Drug Administration (FDA) approval for this identified ingredient, for the period up to and including December 2024.
Note that this inquiry is restricted to an original marketing authorization and expressly excludes supplemental approvals or approvals for new indications.

If this company is publicly traded on any U.S. stock market (inclusive of over-the-counter markets), provide:
1. The stock ticker symbol
2. The opening stock price on the date of the FDA approval

If the company is not listed on a U.S. stock market, please state ""NOT LISTED"".",Open_on_Approval,style1_formal
31.94444465637207,"For trial NCT00685646, identify the ingredient in the more effective regimen starting with the letter Z.

Then, find the company with the most recent FDA approval for this ingredient by December 2024.

The approval must be for a new drug, not a new indication or supplemental approval.

If the company is listed on a US stock market (including over-the-counter markets), provide:
1. The stock ticker symbol
2. The opening stock price on the FDA approval date

If the company is not listed on a US stock market, state ""NOT LISTED"".",Open_on_Approval,style2_concise
31.94444465637207,"First, for clinical trial NCT00685646, review the more effective regimen ingredients and identify which ingredient starts with the letter Z.

Then, determine which pharmaceutical company received the most recent FDA approval (up until December 2024) for this identified ingredient.
Note that we are only look for overall FDA drug approval, not new indidcation, not supplemental approvals.

Finally, if this company is listed on any US stock market (including over-the-counter markets), provide:
1. The stock ticker symbol
2. The opening stock price on the FDA approval date

If the company is not listed on any US stock market, please indicate ""NOT LISTED"".",Open_on_Approval,style3_stepwise
"Mar 26, 2035","First, pertaining to clinical trial NCT03800134, among the constituents of the more effective regimen, identify the agent whose nomenclature commences with the letter 'P'.

Then, for this identified agent, ascertain its patent expiration date, given that its most recent overall FDA drug approval was granted on or before December, 2024.
Note that the query pertains only to overall FDA drug approval, not new indidcation, not supplemental approvals.
Return only the year of the date in the format: YYYY.",Patent_Expire_Date_Text,style1_formal
"Mar 26, 2035","In clinical trial NCT03800134, identify the effective regimen ingredient starting with the letter P.

For this ingredient, find the patent expiration date of its last approval by Dec, 2024.
Note: Consider only overall FDA drug approval, not new indications or supplemental approvals.
Return only the year in YYYY format.",Patent_Expire_Date_Text,style2_concise
"Mar 26, 2035","First, for clinical trial NCT03800134, from among the more effective regimen ingredients, identify the one ingredient that starts with the letter P.

Then, for this identified ingredient, find the date of its last approval up till Dec, 2024.
Note that we are only look for overall FDA drug approval, not new indidcation, not supplemental approvals.

Finally, determine this ingredient's patent expiration date. Return only the date only the year YYYY format of date: YYYY.",Patent_Expire_Date_Text,style3_stepwise
SHILPA MEDICARE LTD,"In reference to clinical trial NCT00190762, identify the constituent agent of the more efficacious regimen whose name commences with the letter 'P'.

Subsequently, determine the company that holds the most recent U.S. Food and Drug Administration (FDA) approval for this identified agent, granted on or before December 2024. Note that this inquiry is restricted to original drug approvals, thereby excluding new indications and supplemental approvals.
Present only the company name in the format of COMPANY: name.",Applicant_Full_Name,style1_formal
SHILPA MEDICARE LTD,"For clinical trial NCT00190762, identify the regimen ingredient starting with the letter P.

For this ingredient, find the company with the latest overall FDA drug approval up till Dec, 2024. Search only for overall drug approvals, not new indications or supplemental approvals.
Return only the company name in format of COMPANY: name.",Applicant_Full_Name,style2_concise
SHILPA MEDICARE LTD,"First, for clinical trial NCT00190762, identify which ingredient from the more effective regimen starts with the letter P.

Then, for this identified ingredient, find the company that received the latest overall FDA drug approval up till Dec, 2024. Note that we are only looking for overall FDA drug approval, not new indications or supplemental approvals.

Finally, return only the company name in the format of COMPANY: name.",Applicant_Full_Name,style3_stepwise
DEXAMETHASONE,"For clinical trial NCT00033332. Among the constituents of the more efficacious regimens; identify the constituent whose name commences with the letter D and return only the name of the constituent, or 'unknown', in all-uppercase, conforming to the format: INGREDIENT: name",Ingredient,style1_formal
DEXAMETHASONE,For clinical trial NCT00033332. Of the more effective regimen ingredients; find the ingredient starting with D return the name or UNKNOWN in all CAPS in the format INGREDIENT: name,Ingredient,style2_concise
DEXAMETHASONE,"First, for clinical trial NCT00033332, identify the ingredients from the more effective regimens.
Then, from that list, find the ingredient whose name starts with the letter D.
Finally, return only the name of that ingredient. If no such ingredient exists, return unknown. The output must be in all CAPS and follow the format INGREDIENT: name.",Ingredient,style3_stepwise
"Jan 6, 2027","First, for clinical trial NCT00012389, identify the constituent of the more effective regimen that commences with the letter I.

Then, for this identified constituent, which received its last overall FDA drug approval on or before Dec, 2024, determine its patent expiration date.
Note that the query pertains exclusively to overall FDA drug approval, not new indications or supplemental approvals.
Return the date in the year-only format: YYYY.",Patent_Expire_Date_Text,style1_formal
"Jan 6, 2027","In the effective regimen for clinical trial NCT00012389, which ingredient starts with the letter I?

For this ingredient, last approved by Dec, 2024, what is its patent expiration date?
Note: Consider only overall FDA drug approval, not new indication or supplemental approvals.
Return only the year in YYYY format.",Patent_Expire_Date_Text,style2_concise
"Jan 6, 2027","First, for clinical trial NCT00012389, review the list of more effective regimen ingredients and identify the one that starts with the letter I.

Then, for this identified ingredient, find its patent expiration date. This search must be based on its last overall FDA drug approval up till Dec, 2024. Note that we are only looking for overall FDA drug approval, not new indication, not supplemental approvals.

Finally, return only the date. The format must be only the year in YYYY format of date: YYYY.",Patent_Expire_Date_Text,style3_stepwise
Not_Listed,"Regarding clinical trial NCT03800134, analyze the ingredients of the more effective regimen and identify the specific ingredient commencing with the letter 'P'.

Subsequently, determine the pharmaceutical company that received the most recent FDA approval for this identified ingredient through December 2024.
Note that this query is confined to an overall FDA drug approval and expressly excludes new indications or supplemental approvals.

If this company is listed on any U.S. stock market (including over-the-counter markets), provide:
1. The stock ticker symbol
2. The opening stock price on the date of the FDA approval

If the company is not listed on any U.S. stock market, indicate ""NOT LISTED"".",Open_on_Approval,style1_formal
Not_Listed,"For clinical trial NCT03800134, identify the ingredient starting with P in the more effective regimen.

Then, find the company with the most recent FDA approval for this ingredient by December 2024.
Note: This is for overall FDA drug approval only, not new indications or supplemental approvals.

If this company is listed on any US stock market (including over-the-counter markets), provide:
1. The stock ticker symbol
2. The opening stock price on the FDA approval date

If the company is not listed on any US stock market, state ""NOT LISTED"".",Open_on_Approval,style2_concise
Not_Listed,"First, for clinical trial NCT03800134, review the more effective regimen ingredients and identify which ingredient starts with the letter P.

Then, determine which pharmaceutical company received the most recent FDA approval (up until December 2024) for this identified ingredient. Note that we are only looking for overall FDA drug approval, not new indications or supplemental approvals.

Finally, if this company is listed on any US stock market (including over-the-counter markets), provide:
1. The stock ticker symbol
2. The opening stock price on the FDA approval date

If the company is not listed on any US stock market, please indicate ""NOT LISTED"".",Open_on_Approval,style3_stepwise
"Jul 1, 2033","Regarding clinical trial NCT00004100, from the constituent components of the more efficacious treatment regimens, identify the specific ingredient that commences with the letter G.

Subsequently, for this identified ingredient, determine its patent expiration date, considering its most recent overall FDA drug approval was granted on or before Dec, 2024.
Note: This inquiry pertains exclusively to the overall FDA drug approval, and excludes approvals for new indications or supplemental applications.
Return the date solely in the year format: YYYY.",Patent_Expire_Date_Text,style1_formal
"Jul 1, 2033","In clinical trial NCT00004100, what regimen ingredient starts with the letter G?

For this ingredient, what is the patent expiration date of its last approval by Dec 2024?
Consider only overall FDA drug approval, not new indications or supplemental approvals.
Return the year only, in YYYY format.",Patent_Expire_Date_Text,style2_concise
"Jul 1, 2033","First, for clinical trial NCT00004100, examine the more effective regimen ingredients and identify which ingredient starts with the letter G.

Then, for this identified ingredient, find its last overall FDA drug approval up till Dec, 2024.
Note that we are only look for overall FDA drug approval, not new indidcation, not supplemental approvals.

Finally, for that specific approval, find its patent expiration date and return only the year in YYYY format.",Patent_Expire_Date_Text,style3_stepwise
PACLITAXEL,For clinical trial NCT00003128. Among the constituent ingredients of the more effective regimens; identify the ingredient whose name commences with the letter P. return only the name of the ingredient or unknown in all CAPS in the format of INGREDIENT: name,Ingredient,style1_formal
PACLITAXEL,"For clinical trial NCT00003128, find the ingredient from the more effective regimens that starts with P. Return the name or UNKNOWN in all caps in the format: INGREDIENT: name",Ingredient,style2_concise
PACLITAXEL,"First, for clinical trial NCT00003128, consider the more effective regimen ingredients. Then, find which is the ingredient with the first letter start with P. Finally, return only the name of the ingredient or unknown in all CAPS in the format of INGREDIENT: name",Ingredient,style3_stepwise
PEMETREXED DISODIUM,,Ingredient,style1_formal
PEMETREXED DISODIUM,"For clinical trial NCT03800134, from the more effective regimen ingredients, find the one starting with P and return its name in all CAPS, or UNKNOWN, in the format INGREDIENT: name.",Ingredient,style2_concise
PEMETREXED DISODIUM,"First, for clinical trial NCT03800134, identify the ingredients from the more effective regimen. Then, find which of those ingredients has a name that starts with the letter P. Finally, return only the name of the ingredient or unknown in all CAPS in the format of INGREDIENT: name",Ingredient,style3_stepwise
PACLITAXEL,"For clinical trial NCT00002662. Among the most efficacious regimen ingredients; identify the ingredient whose name commences with the letter P, returning only the name of the ingredient or unknown in all CAPS in the format of INGREDIENT: name",Ingredient,style1_formal
PACLITAXEL,"For clinical trial NCT00002662: From the more effective regimen, find the ingredient starting with P. Return only the name in all CAPS or UNKNOWN, in the format: INGREDIENT: name",Ingredient,style2_concise
PACLITAXEL,"First, for clinical trial NCT00002662, identify all ingredients listed in the more effective regimens. Then, from that list of ingredients, find the first one whose name starts with the letter P. Finally, return only the name of that ingredient in all CAPS in the format of INGREDIENT: name; if no such ingredient is found, return INGREDIENT: UNKNOWN.",Ingredient,style3_stepwise
"Oct 3, 2026","With respect to clinical trial NCT00033332, from the set of efficacious regimen components, identify the therapeutic agent whose name commences with the letter 'D'.

Subsequently, for this identified agent, given its most recent approval on or before December 2024, determine its marketing exclusivity expiration date as designated by the U.S. Food and Drug Administration (FDA).
It should be noted that this inquiry pertains exclusively to the overall FDA drug approval, thereby excluding approvals for new indications or supplemental applications.
If a corresponding exclusivity date does not exist or is otherwise unavailable, the specified response is 'DATE: NA'. Conversely, the date must be returned solely in the MM-DD-YYYY format, presented as 'date: MM-DD-YYYY'.",Exclusivity_Date,style1_formal
"Oct 3, 2026","For clinical trial NCT00033332, which ingredient in the more effective regimen starts with the letter D?

For this ingredient, what is its FDA exclusivity date, given its last approval was by Dec, 2024?
Note: Consider only overall FDA drug approval, not new indications or supplemental approvals.
If the exclusivity date is unavailable, respond 'DATE: NA'. Otherwise, return only the date in the format: date: MM-DD-YYYY.",Exclusivity_Date,style2_concise
"Oct 3, 2026","First, for clinical trial NCT00033332, identify which ingredient among the more effective regimen ingredients starts with the letter D.

Then, for this identified ingredient that was last approved up till Dec, 2024, when is its exclusivity date according to the FDA?
Note that we are only look for overall FDA drug approval, not new indidcation, not supplemental approvals.

Finally, if no exclusivity date exists or if it's not available, respond with 'DATE: NA'. Otherwise, return only the date in MM-DD-YYYY format of date: MM-DD-YYYY.",Exclusivity_Date,style3_stepwise
,"In reference to clinical trial NCT00478049, from the constituents of the more effective therapeutic regimen, identify the ingredient commencing with the letter D.

Subsequently, for this identified ingredient, determine the FDA-conferred exclusivity expiration date, based on its most recent approval prior to December 2024.
It is to be noted that this inquiry is exclusively concerned with the original, comprehensive FDA drug approval, not approvals for new indications or supplemental applications.
In the event that no exclusivity date exists or the information is not available, the response should be 'DATE: NA'. Otherwise, return the date exclusively in the MM-DD-YYYY format, as specified: date: MM-DD-YYYY.",Exclusivity_Date,style1_formal
,"In clinical trial NCT00478049, which ingredient of the more effective regimen starts with the letter D?

For this ingredient, last approved by Dec, 2024, what is its FDA exclusivity date?
Consider only overall FDA drug approval, not new indications or supplemental approvals.
If no exclusivity date exists or is unavailable, respond with 'DATE: NA'. Otherwise, return only the date in MM-DD-YYYY format of date: MM-DD-YYYY.",Exclusivity_Date,style2_concise
,"First, for clinical trial NCT00478049, among the more effective regimen ingredients, identify which ingredient starts with the letter D.

Then, for this identified ingredient, find its last overall FDA drug approval up till Dec, 2024. Note that we are only look for overall FDA drug approval, not new indidcation, not supplemental approvals.

Finally, based on that approval, provide its FDA exclusivity date. If no exclusivity date exists or if it's not available, respond with 'DATE: NA'. Otherwise, return only the date in MM-DD-YYYY format of date: MM-DD-YYYY.",Exclusivity_Date,style3_stepwise
Not_Listed,"For clinical trial NCT00079274, examine the constituent ingredients of the more efficacious regimen and identify the agent whose nomenclature commences with the letter 'I'.

Subsequently, determine the pharmaceutical entity that received the most recent original U.S. Food and Drug Administration (FDA) approval for this identified agent, effective through December 2024.
Note that this inquiry is restricted to initial New Drug Application (NDA) or Biologics License Application (BLA) approvals and excludes supplemental approvals or new indications.

If this entity is listed on any U.S. stock market (including over-the-counter markets), provide:
1. Its stock ticker symbol
2. The opening stock price on the date of the FDA approval

If the entity is not listed on any U.S. stock market, please indicate ""NOT LISTED"".",Open_on_Approval,style1_formal
Not_Listed,"For trial NCT00079274, identify the ingredient in the more effective regimen starting with the letter I.

Identify the company with the most recent overall FDA drug approval for this ingredient by December 2024. Exclude new indications and supplemental approvals.

If the company is listed on a US stock market (including OTC):
1. Stock ticker symbol
2. Opening stock price on the FDA approval date

If unlisted, state ""NOT LISTED"".",Open_on_Approval,style2_concise
Not_Listed,"First, for clinical trial NCT00079274, review the ingredients of the more effective regimen and identify the specific ingredient that starts with the letter I.

Then, determine which pharmaceutical company received the most recent overall FDA drug approval (up until December 2024) for this identified ingredient. Note that new indication and supplemental approvals should be excluded.

Finally, if this company is listed on any US stock market (including over-the-counter markets), provide:
1. The stock ticker symbol
2. The opening stock price on the FDA approval date

If the company is not listed on any US stock market, please indicate ""NOT LISTED"".",Open_on_Approval,style3_stepwise
"May 28, 2026","Regarding clinical trial NCT01307605, among the constituents of the more effective regimen, identify the specific constituent that commences with the letter L.

Thereafter, for this identified constituent, ascertain its U.S. Food and Drug Administration (FDA) exclusivity date, corresponding to its most recent overall drug approval on or prior to December 2024.
Note that the inquiry is restricted to the overall FDA drug approval, and excludes new indications and supplemental approvals.
If no exclusivity date exists or if such data is unavailable, respond with 'DATE: NA'. Otherwise, return only the date in the MM-DD-YYYY format, presented as: date: MM-DD-YYYY.",Exclusivity_Date,style1_formal
"May 28, 2026","For clinical trial NCT01307605, what effective regimen ingredient starts with the letter L?

For this ingredient, what is its FDA exclusivity date from its last approval through Dec, 2024?
Note: Use only overall FDA drug approvals, not new indications or supplemental approvals.
If no exclusivity date is available, respond with 'DATE: NA'. Otherwise, return the date in the format: date: MM-DD-YYYY.",Exclusivity_Date,style2_concise
"May 28, 2026","First, for clinical trial NCT01307605, among the more effective regimen ingredients, identify which ingredient starts with the letter L.

Then, for this identified ingredient, find its last overall FDA drug approval (not new indication, not supplemental approvals) that occurred up till Dec, 2024.

Finally, for that specific approval, find its exclusivity date according to the FDA. If no exclusivity date exists or if it's not available, respond with 'DATE: NA'. Otherwise, return only the date in MM-DD-YYYY format of date: MM-DD-YYYY.",Exclusivity_Date,style3_stepwise
"Apr 27, 2027","Regarding clinical trial NCT01307605, from among the constituent components of the more effective regimens, identify the component whose name commences with the letter L.

Subsequently, for this identified component, determine its patent expiration date, given that its most recent overall FDA drug approval occurred on or before Dec, 2024.
Note: This inquiry is restricted to overall FDA drug approvals, and excludes new indications or supplemental approvals.
Return the date solely as the year, in the format: YYYY.",Patent_Expire_Date_Text,style1_formal
"Apr 27, 2027","For clinical trial NCT01307605, identify the more effective regimen ingredient starting with the letter L.

For this ingredient, what is its patent expiration date based on its last approval by Dec 2024?
Consider only overall FDA drug approval, not new indications or supplemental approvals.
Return only the year in YYYY format.",Patent_Expire_Date_Text,style2_concise
"Apr 27, 2027","First, for clinical trial NCT01307605, among the more effective regimen ingredients, identify which ingredient starts with the letter L.

Then, for this identified ingredient that was last approved up till Dec, 2024, determine its patent expiration date. Note that we are only looking for overall FDA drug approval, not new indication, not supplemental approvals.

Finally, return only the date only the year YYYY format of date: YYYY.",Patent_Expire_Date_Text,style3_stepwise
ABBVIE INC,"For clinical trial NCT00260689, from the constituent ingredients of the more efficacious regimen, identify the specific ingredient whose name commences with the letter 'C'.

Subsequently, determine the company that received the latest original FDA approval for this identified ingredient on or before December 2024. Note that the scope is limited to original drug approvals, thereby excluding approvals for new indications or supplemental applications.

Return only the company name in the format of COMPANY: name.",Applicant_Full_Name,style1_formal
ABBVIE INC,"For clinical trial NCT00260689, identify the ingredient in the more effective regimens that starts with the letter C.

Then, find the company with the latest overall FDA drug approval for this ingredient by Dec, 2024. Consider only overall FDA drug approvals, not new indications or supplemental approvals.
Return only the company name in format of COMPANY: name.",Applicant_Full_Name,style2_concise
ABBVIE INC,"First, for clinical trial NCT00260689, identify which ingredient among the more effective regimens starts with the letter C.

Then, for this identified ingredient, find which company has the latest FDA approval date up till Dec, 2024. Note that we are only looking for overall FDA drug approval, not new indidcation, not supplemental approvals.

Finally, return only the company name in the format of COMPANY: name.",Applicant_Full_Name,style3_stepwise
46.72999954223633,"Regarding clinical trial NCT01938001, review the constituents of the superior therapeutic regimen and identify the constituent whose name commences with the letter L.

Subsequently, determine the pharmaceutical company that obtained the most recent FDA approval (up until December 2024) for this identified constituent.
Note: The query is limited to an overall FDA drug approval, and excludes new indications or supplemental approvals.

If this company is listed on any US stock market (including over-the-counter markets), provide:
1. The stock ticker symbol
2. The opening stock price on the FDA approval date

If the company is not listed on any US stock market, indicate ""NOT LISTED"".",Open_on_Approval,style1_formal
46.72999954223633,"For clinical trial NCT01938001, identify the ingredient starting with L in the more effective regimen.

Then, determine the pharmaceutical company with the most recent FDA approval for this ingredient by December 2024.
Note: This is for a new drug approval only, not a new indication or supplemental approval.

If the company is listed on a US stock market (including over-the-counter markets), provide:
1. The stock ticker symbol
2. The opening stock price on the FDA approval date

If the company is not listed on a US stock market, state ""NOT LISTED"".",Open_on_Approval,style2_concise
46.72999954223633,"First, for clinical trial NCT01938001, review the ingredients of the more effective regimen and identify which ingredient starts with the letter L.

Then, determine which pharmaceutical company received the most recent overall FDA drug approval for this identified ingredient, up until December 2024. Note that we are only looking for overall FDA drug approval, not new indications, and not supplemental approvals.

Finally, if this company is listed on any US stock market (including over-the-counter markets), provide:
1. The stock ticker symbol
2. The opening stock price on the FDA approval date

If the company is not listed on any US stock market, please indicate ""NOT LISTED"".",Open_on_Approval,style3_stepwise
,"With respect to clinical trial NCT00416507, among the constituent agents of the more efficacious regimens, identify the agent whose name commences with the letter G.

Subsequently, for this identified agent, ascertain its FDA-designated exclusivity expiration date, corresponding to its most recent overall drug approval granted on or before Dec, 2024.
Note that this query is confined to overall FDA drug approval, thereby excluding new indications and supplemental approvals.
If an exclusivity date is non-existent or unavailable, respond with 'DATE: NA'. Otherwise, return the date solely in the MM-DD-YYYY format, presented as 'date: MM-DD-YYYY'.",Exclusivity_Date,style1_formal
,"For trial NCT00416507's most effective regimen, identify the ingredient starting with G.

For this ingredient, find the FDA exclusivity date, based on a last overall drug approval by Dec, 2024.
Exclude new indications and supplemental approvals.
If the date is unavailable, respond 'DATE: NA'. Otherwise, return the date as DATE: MM-DD-YYYY.",Exclusivity_Date,style2_concise
,"First, for clinical trial NCT00416507 among the more effective regimen ingredients, identify which ingredient starts with the letter G.

Then, for this identified ingredient, find its last overall FDA drug approval up till Dec, 2024. Note that we are only looking for overall FDA drug approval, not new indication, not supplemental approvals.

Finally, for that specific approval, find the FDA exclusivity date. If no exclusivity date exists or if it's not available, respond with 'DATE: NA'. Otherwise, return only the date in MM-DD-YYYY format of date: MM-DD-YYYY.",Exclusivity_Date,style3_stepwise
,"For clinical trial NCT02340221, among the more efficacious therapeutic regimens, identify the active pharmaceutical ingredient whose name commences with the letter 'F'.

Subsequently, for this identified ingredient, ascertain its marketing exclusivity expiration date as designated by the FDA, based on its most recent overall drug approval issued on or before December, 2024.
Note that this inquiry is restricted to overall FDA drug approval and expressly excludes new indications or supplemental approvals.
If no exclusivity date exists or is unavailable, respond with 'DATE: NA'. Otherwise, return only the date in the format 'date: MM-DD-YYYY'.",Exclusivity_Date,style1_formal
,"For clinical trial NCT02340221, identify the effective regimen ingredient starting with F.

For this ingredient, find its FDA exclusivity date based on its last approval by Dec, 2024.
Consider only overall FDA drug approval, excluding new indications and supplemental approvals.
If the date is unavailable, respond 'DATE: NA'. Otherwise, return the date in MM-DD-YYYY format as: date: MM-DD-YYYY.",Exclusivity_Date,style2_concise
,"First, for clinical trial NCT02340221 among the more effective regimen ingredients, identify which ingredient starts with the letter F.

Then, for this identified ingredient that was last approved up till Dec, 2024, find its exclusivity date according to the FDA.
Note that we are only looking for overall FDA drug approval, not new indication, not supplemental approvals.

Finally, if no exclusivity date exists or if it's not available, respond with 'DATE: NA'. Otherwise, return only the date in MM-DD-YYYY format of date: MM-DD-YYYY.",Exclusivity_Date,style3_stepwise
"May 16, 2036","With respect to clinical trial NCT00478049, identify the constituent agent of the more efficacious regimens that commences with the letter D.

Subsequently, for the aforementioned agent, determine the patent expiration date corresponding to its most recent overall FDA drug approval on or before Dec, 2024.
Note that the scope of this query is limited to the initial overall FDA drug approval, thereby excluding new indications and supplemental approvals.
The response should be provided exclusively as the year, in the format: YYYY.",Patent_Expire_Date_Text,style1_formal
"May 16, 2036","In clinical trial NCT00478049, which effective regimen ingredient starts with the letter D?

For this ingredient, what is the patent expiration date of its last overall FDA drug approval by Dec, 2024?
Note: Consider only overall FDA drug approval, not new indications or supplemental approvals.
Return only the year in YYYY format.",Patent_Expire_Date_Text,style2_concise
"May 16, 2036","First, for clinical trial NCT00478049, review the ingredients of the more effective regimen and identify the one that starts with the letter D.

Then, for this identified ingredient, find its last overall FDA drug approval that occurred up till Dec, 2024. Note that we are only looking for overall FDA drug approval, not new indications or supplemental approvals.

Finally, provide the patent expiration date associated with that approval. Return only the year in YYYY format.",Patent_Expire_Date_Text,style3_stepwise
,"Regarding clinical trial NCT01251107, from the constituent components of the efficacious therapeutic regimen, identify the component whose name commences with the letter 'P'.

Subsequently, for this identified component, determine its U.S. Food and Drug Administration (FDA) designated exclusivity expiration date, given its most recent initial marketing authorization was granted on or before December, 2024.
Note that this inquiry pertains exclusively to the initial overall drug approval and explicitly excludes new indications or supplemental approvals.
If no such exclusivity date exists or is available, the required response is 'DATE: NA'. Otherwise, return only the date formatted as: date: MM-DD-YYYY.",Exclusivity_Date,style1_formal
,"For clinical trial NCT01251107, identify the ingredient in the more effective regimen that starts with the letter P.

Then, for this ingredient, find its FDA exclusivity date based on its last overall drug approval by Dec, 2024.
Note: Consider only overall FDA drug approval, not new indications or supplemental approvals.
If the exclusivity date is unavailable, respond with 'DATE: NA'. Otherwise, return the date as: date: MM-DD-YYYY.",Exclusivity_Date,style2_concise
,"First, for clinical trial NCT01251107, among the more effective regimen ingredients, identify which ingredient starts with the letter P.

Then, for this identified ingredient, find its last overall FDA drug approval up till Dec, 2024, and determine its corresponding exclusivity date. Note that we are only looking for overall FDA drug approval, not new indidcation, not supplemental approvals.

Finally, if no exclusivity date exists or if it's not available, respond with 'DATE: NA'. Otherwise, return only the date in MM-DD-YYYY format of date: MM-DD-YYYY.",Exclusivity_Date,style3_stepwise
