gold,prompt,task_name
Not_Listed,"For clinical trial NCT01856478, review the more effective regimen ingredients and identify which ingredient starts with the letter M.

Then, determine which pharmaceutical company received the most recent FDA approval (up until December 2024) for this identified ingredient.
Note that we are only look for overall FDA drug approval, not new indidcation, not supplemental approvals.

If this company is listed on any US stock market (including over-the-counter markets), provide:
1. The stock ticker symbol
2. The opening stock price on the FDA approval date

If the company is not listed on any US stock market, please indicate ""NOT LISTED"".",Open_on_Approval
"Jan 29, 2032","First, for clinical trial NCT02755597 among the more effective regimen ingredients, identify which ingredient starts with the letter V.

Then, for this identified ingredient that was last approved up till Dec, 2024, when is its patent expiration date?
Note that we are only look for overall FDA drug approval, not new indidcation, not supplemental approvals.
Return only the date only the year YYYY format of date: YYYY.",Patent_Expire_Date_Text
METHOTREXATE,"For clinical trial NCT00005945. Among the more effective regimen ingredients; find which is the ingredient with the first letter start with M
 return only the name of the ingredient or unknown in all CAPS in the format of INGREDIENT: name",Ingredient
HORIZON THERAPEUTICS USA INC,"First, for clinical trial NCT00004001 among the more effective regimen ingredients, identify which ingredient starts with the letter P.

Then, find which company has the latest FDA approval date up till Dec, 2024 for this identified ingredient. Note that we are only look for overall FDA drug approval, not new indidcation, not supplemental approvals. 
Return only the company name in format of COMPANY: name.",Applicant_Full_Name
Not_Listed,"For clinical trial NCT03234972, review the more effective regimen ingredients and identify which ingredient starts with the letter D.

Then, determine which pharmaceutical company received the most recent FDA approval (up until December 2024) for this identified ingredient.
Note that we are only look for overall FDA drug approval, not new indidcation, not supplemental approvals.

If this company is listed on any US stock market (including over-the-counter markets), provide:
1. The stock ticker symbol
2. The opening stock price on the FDA approval date

If the company is not listed on any US stock market, please indicate ""NOT LISTED"".",Open_on_Approval
34.470001220703125,"For clinical trial NCT02838420, review the more effective regimen ingredients and identify which ingredient starts with the letter C.

Then, determine which pharmaceutical company received the most recent FDA approval (up until December 2024) for this identified ingredient.
Note that we are only look for overall FDA drug approval, not new indidcation, not supplemental approvals.

If this company is listed on any US stock market (including over-the-counter markets), provide:
1. The stock ticker symbol
2. The opening stock price on the FDA approval date

If the company is not listed on any US stock market, please indicate ""NOT LISTED"".",Open_on_Approval
49.51612854003906,"For clinical trial NCT01298713, review the more effective regimen ingredients and identify which ingredient starts with the letter E.

Then, determine which pharmaceutical company received the most recent FDA approval (up until December 2024) for this identified ingredient.
Note that we are only look for overall FDA drug approval, not new indidcation, not supplemental approvals.

If this company is listed on any US stock market (including over-the-counter markets), provide:
1. The stock ticker symbol
2. The opening stock price on the FDA approval date

If the company is not listed on any US stock market, please indicate ""NOT LISTED"".",Open_on_Approval
"Nov 22, 2028","For clinical trial NCT01231412 among the more effective regimen ingredients, identify which ingredient starts with the letter S.

Then, for this identified ingredient that was last approved up till Dec, 2024, when is its exclusivity date according to the FDA?
Note that we are only look for overall FDA drug approval, not new indidcation, not supplemental approvals.
If no exclusivity date exists or if it's not available, respond with 'DATE: NA'. Otherwise, return only the date in MM-DD-YYYY format of date: MM-DD-YYYY.",Exclusivity_Date
BRISTOL-MYERS SQUIBB CO,"First, for clinical trial NCT03019588 among the more effective regimen ingredients, identify which ingredient starts with the letter P.

Then, find which company has the latest FDA approval date up till Dec, 2024 for this identified ingredient. Note that we are only look for overall FDA drug approval, not new indidcation, not supplemental approvals. 
Return only the company name in format of COMPANY: name.",Applicant_Full_Name
DEXAMETHASONE,"For clinical trial NCT01564537. Among the more effective regimen ingredients; find which is the ingredient with the first letter start with D
 return only the name of the ingredient or unknown in all CAPS in the format of INGREDIENT: name",Ingredient
46.72999954223633,"For clinical trial NCT01556776, review the more effective regimen ingredients and identify which ingredient starts with the letter L.

Then, determine which pharmaceutical company received the most recent FDA approval (up until December 2024) for this identified ingredient.
Note that we are only look for overall FDA drug approval, not new indidcation, not supplemental approvals.

If this company is listed on any US stock market (including over-the-counter markets), provide:
1. The stock ticker symbol
2. The opening stock price on the FDA approval date

If the company is not listed on any US stock market, please indicate ""NOT LISTED"".",Open_on_Approval
BRISTOL MYERS SQUIBB,"First, for clinical trial NCT01556776 among the more effective regimen ingredients, identify which ingredient starts with the letter L.

Then, find which company has the latest FDA approval date up till Dec, 2024 for this identified ingredient. Note that we are only look for overall FDA drug approval, not new indidcation, not supplemental approvals. 
Return only the company name in format of COMPANY: name.",Applicant_Full_Name
Not_Listed,"For clinical trial NCT00006232, review the more effective regimen ingredients and identify which ingredient starts with the letter D.

Then, determine which pharmaceutical company received the most recent FDA approval (up until December 2024) for this identified ingredient.
Note that we are only look for overall FDA drug approval, not new indidcation, not supplemental approvals.

If this company is listed on any US stock market (including over-the-counter markets), provide:
1. The stock ticker symbol
2. The opening stock price on the FDA approval date

If the company is not listed on any US stock market, please indicate ""NOT LISTED"".",Open_on_Approval
ZHUHAI BEIHAI BIOTECH CO LTD,"First, for clinical trial NCT02775006 among the more effective regimen ingredients, identify which ingredient starts with the letter D.

Then, find which company has the latest FDA approval date up till Dec, 2024 for this identified ingredient. Note that we are only look for overall FDA drug approval, not new indidcation, not supplemental approvals. 
Return only the company name in format of COMPANY: name.",Applicant_Full_Name
15.989999771118164,"For clinical trial NCT00974311, review the more effective regimen ingredients and identify which ingredient starts with the letter E.

Then, determine which pharmaceutical company received the most recent FDA approval (up until December 2024) for this identified ingredient.
Note that we are only look for overall FDA drug approval, not new indidcation, not supplemental approvals.

If this company is listed on any US stock market (including over-the-counter markets), provide:
1. The stock ticker symbol
2. The opening stock price on the FDA approval date

If the company is not listed on any US stock market, please indicate ""NOT LISTED"".",Open_on_Approval
Not_Listed,"For clinical trial NCT00032175, review the more effective regimen ingredients and identify which ingredient starts with the letter G.

Then, determine which pharmaceutical company received the most recent FDA approval (up until December 2024) for this identified ingredient.
Note that we are only look for overall FDA drug approval, not new indidcation, not supplemental approvals.

If this company is listed on any US stock market (including over-the-counter markets), provide:
1. The stock ticker symbol
2. The opening stock price on the FDA approval date

If the company is not listed on any US stock market, please indicate ""NOT LISTED"".",Open_on_Approval
"Mar 5, 2036","First, for clinical trial NCT01231412 among the more effective regimen ingredients, identify which ingredient starts with the letter S.

Then, for this identified ingredient that was last approved up till Dec, 2024, when is its patent expiration date?
Note that we are only look for overall FDA drug approval, not new indidcation, not supplemental approvals.
Return only the date only the year YYYY format of date: YYYY.",Patent_Expire_Date_Text
Not_Listed,"For clinical trial NCT00026338, review the more effective regimen ingredients and identify which ingredient starts with the letter G.

Then, determine which pharmaceutical company received the most recent FDA approval (up until December 2024) for this identified ingredient.
Note that we are only look for overall FDA drug approval, not new indidcation, not supplemental approvals.

If this company is listed on any US stock market (including over-the-counter markets), provide:
1. The stock ticker symbol
2. The opening stock price on the FDA approval date

If the company is not listed on any US stock market, please indicate ""NOT LISTED"".",Open_on_Approval
PACLITAXEL,"For clinical trial NCT03838159. Among the more effective regimen ingredients; find which is the ingredient with the first letter start with P
 return only the name of the ingredient or unknown in all CAPS in the format of INGREDIENT: name",Ingredient
DOCETAXEL,"For clinical trial NCT02775006. Among the more effective regimen ingredients; find which is the ingredient with the first letter start with D
 return only the name of the ingredient or unknown in all CAPS in the format of INGREDIENT: name",Ingredient
,"For clinical trial NCT03588091 among the more effective regimen ingredients, identify which ingredient starts with the letter D.

Then, for this identified ingredient that was last approved up till Dec, 2024, when is its exclusivity date according to the FDA?
Note that we are only look for overall FDA drug approval, not new indidcation, not supplemental approvals.
If no exclusivity date exists or if it's not available, respond with 'DATE: NA'. Otherwise, return only the date in MM-DD-YYYY format of date: MM-DD-YYYY.",Exclusivity_Date
"Oct 3, 2026","For clinical trial NCT03234972 among the more effective regimen ingredients, identify which ingredient starts with the letter D.

Then, for this identified ingredient that was last approved up till Dec, 2024, when is its exclusivity date according to the FDA?
Note that we are only look for overall FDA drug approval, not new indidcation, not supplemental approvals.
If no exclusivity date exists or if it's not available, respond with 'DATE: NA'. Otherwise, return only the date in MM-DD-YYYY format of date: MM-DD-YYYY.",Exclusivity_Date
"Aug 3, 2027","First, for clinical trial NCT00004001 among the more effective regimen ingredients, identify which ingredient starts with the letter P.

Then, for this identified ingredient that was last approved up till Dec, 2024, when is its patent expiration date?
Note that we are only look for overall FDA drug approval, not new indidcation, not supplemental approvals.
Return only the date only the year YYYY format of date: YYYY.",Patent_Expire_Date_Text
"Jan 24, 2026","First, for clinical trial NCT00003934 among the more effective regimen ingredients, identify which ingredient starts with the letter M.

Then, for this identified ingredient that was last approved up till Dec, 2024, when is its patent expiration date?
Note that we are only look for overall FDA drug approval, not new indidcation, not supplemental approvals.
Return only the date only the year YYYY format of date: YYYY.",Patent_Expire_Date_Text
,"For clinical trial NCT00115700 among the more effective regimen ingredients, identify which ingredient starts with the letter C.

Then, for this identified ingredient that was last approved up till Dec, 2024, when is its exclusivity date according to the FDA?
Note that we are only look for overall FDA drug approval, not new indidcation, not supplemental approvals.
If no exclusivity date exists or if it's not available, respond with 'DATE: NA'. Otherwise, return only the date in MM-DD-YYYY format of date: MM-DD-YYYY.",Exclusivity_Date
OTTER PHARMACEUTICALS LLC,"First, for clinical trial NCT01345682 among the more effective regimen ingredients, identify which ingredient starts with the letter M.

Then, find which company has the latest FDA approval date up till Dec, 2024 for this identified ingredient. Note that we are only look for overall FDA drug approval, not new indidcation, not supplemental approvals. 
Return only the company name in format of COMPANY: name.",Applicant_Full_Name
"Jul 1, 2033","First, for clinical trial NCT00032175 among the more effective regimen ingredients, identify which ingredient starts with the letter G.

Then, for this identified ingredient that was last approved up till Dec, 2024, when is its patent expiration date?
Note that we are only look for overall FDA drug approval, not new indidcation, not supplemental approvals.
Return only the date only the year YYYY format of date: YYYY.",Patent_Expire_Date_Text
"Dec 18, 2037","First, for clinical trial NCT01564537 among the more effective regimen ingredients, identify which ingredient starts with the letter D.

Then, for this identified ingredient that was last approved up till Dec, 2024, when is its patent expiration date?
Note that we are only look for overall FDA drug approval, not new indidcation, not supplemental approvals.
Return only the date only the year YYYY format of date: YYYY.",Patent_Expire_Date_Text
DOCETAXEL,"For clinical trial NCT00424606. Among the more effective regimen ingredients; find which is the ingredient with the first letter start with D
 return only the name of the ingredient or unknown in all CAPS in the format of INGREDIENT: name",Ingredient
62.20000076293945,"For clinical trial NCT01720225, review the more effective regimen ingredients and identify which ingredient starts with the letter A.

Then, determine which pharmaceutical company received the most recent FDA approval (up until December 2024) for this identified ingredient.
Note that we are only look for overall FDA drug approval, not new indidcation, not supplemental approvals.

If this company is listed on any US stock market (including over-the-counter markets), provide:
1. The stock ticker symbol
2. The opening stock price on the FDA approval date

If the company is not listed on any US stock market, please indicate ""NOT LISTED"".",Open_on_Approval
ASTELLAS PHARMA US INC,"First, for clinical trial NCT02294461 among the more effective regimen ingredients, identify which ingredient starts with the letter E.

Then, find which company has the latest FDA approval date up till Dec, 2024 for this identified ingredient. Note that we are only look for overall FDA drug approval, not new indidcation, not supplemental approvals. 
Return only the company name in format of COMPANY: name.",Applicant_Full_Name
CYCLOPHOSPHAMIDE,"For clinical trial NCT00115700. Among the more effective regimen ingredients; find which is the ingredient with the first letter start with C
 return only the name of the ingredient or unknown in all CAPS in the format of INGREDIENT: name",Ingredient
BRISTOL MYERS SQUIBB,"First, for clinical trial NCT01122472 among the more effective regimen ingredients, identify which ingredient starts with the letter L.

Then, find which company has the latest FDA approval date up till Dec, 2024 for this identified ingredient. Note that we are only look for overall FDA drug approval, not new indidcation, not supplemental approvals. 
Return only the company name in format of COMPANY: name.",Applicant_Full_Name
DEXCEL PHARMA TECHNOLOGIES LTD,"First, for clinical trial NCT01296503 among the more effective regimen ingredients, identify which ingredient starts with the letter D.

Then, find which company has the latest FDA approval date up till Dec, 2024 for this identified ingredient. Note that we are only look for overall FDA drug approval, not new indidcation, not supplemental approvals. 
Return only the company name in format of COMPANY: name.",Applicant_Full_Name
24.75,"For clinical trial NCT03117049, review the more effective regimen ingredients and identify which ingredient starts with the letter P.

Then, determine which pharmaceutical company received the most recent FDA approval (up until December 2024) for this identified ingredient.
Note that we are only look for overall FDA drug approval, not new indidcation, not supplemental approvals.

If this company is listed on any US stock market (including over-the-counter markets), provide:
1. The stock ticker symbol
2. The opening stock price on the FDA approval date

If the company is not listed on any US stock market, please indicate ""NOT LISTED"".",Open_on_Approval
,"For clinical trial NCT02162719 among the more effective regimen ingredients, identify which ingredient starts with the letter P.

Then, for this identified ingredient that was last approved up till Dec, 2024, when is its exclusivity date according to the FDA?
Note that we are only look for overall FDA drug approval, not new indidcation, not supplemental approvals.
If no exclusivity date exists or if it's not available, respond with 'DATE: NA'. Otherwise, return only the date in MM-DD-YYYY format of date: MM-DD-YYYY.",Exclusivity_Date
ZHUHAI BEIHAI BIOTECH CO LTD,"First, for clinical trial NCT00391092 among the more effective regimen ingredients, identify which ingredient starts with the letter D.

Then, find which company has the latest FDA approval date up till Dec, 2024 for this identified ingredient. Note that we are only look for overall FDA drug approval, not new indidcation, not supplemental approvals. 
Return only the company name in format of COMPANY: name.",Applicant_Full_Name
"Aug 24, 2029","For clinical trial NCT01973387 among the more effective regimen ingredients, identify which ingredient starts with the letter I.

Then, for this identified ingredient that was last approved up till Dec, 2024, when is its exclusivity date according to the FDA?
Note that we are only look for overall FDA drug approval, not new indidcation, not supplemental approvals.
If no exclusivity date exists or if it's not available, respond with 'DATE: NA'. Otherwise, return only the date in MM-DD-YYYY format of date: MM-DD-YYYY.",Exclusivity_Date
PF PRISM CV,"First, for clinical trial NCT02838420 among the more effective regimen ingredients, identify which ingredient starts with the letter C.

Then, find which company has the latest FDA approval date up till Dec, 2024 for this identified ingredient. Note that we are only look for overall FDA drug approval, not new indidcation, not supplemental approvals. 
Return only the company name in format of COMPANY: name.",Applicant_Full_Name
,"For clinical trial NCT00379041 among the more effective regimen ingredients, identify which ingredient starts with the letter M.

Then, for this identified ingredient that was last approved up till Dec, 2024, when is its exclusivity date according to the FDA?
Note that we are only look for overall FDA drug approval, not new indidcation, not supplemental approvals.
If no exclusivity date exists or if it's not available, respond with 'DATE: NA'. Otherwise, return only the date in MM-DD-YYYY format of date: MM-DD-YYYY.",Exclusivity_Date
"May 28, 2026","For clinical trial NCT01122472 among the more effective regimen ingredients, identify which ingredient starts with the letter L.

Then, for this identified ingredient that was last approved up till Dec, 2024, when is its exclusivity date according to the FDA?
Note that we are only look for overall FDA drug approval, not new indidcation, not supplemental approvals.
If no exclusivity date exists or if it's not available, respond with 'DATE: NA'. Otherwise, return only the date in MM-DD-YYYY format of date: MM-DD-YYYY.",Exclusivity_Date
,"For clinical trial NCT01298713 among the more effective regimen ingredients, identify which ingredient starts with the letter E.

Then, for this identified ingredient that was last approved up till Dec, 2024, when is its exclusivity date according to the FDA?
Note that we are only look for overall FDA drug approval, not new indidcation, not supplemental approvals.
If no exclusivity date exists or if it's not available, respond with 'DATE: NA'. Otherwise, return only the date in MM-DD-YYYY format of date: MM-DD-YYYY.",Exclusivity_Date
"May 12, 2027","First, for clinical trial NCT02838420 among the more effective regimen ingredients, identify which ingredient starts with the letter C.

Then, for this identified ingredient that was last approved up till Dec, 2024, when is its patent expiration date?
Note that we are only look for overall FDA drug approval, not new indidcation, not supplemental approvals.
Return only the date only the year YYYY format of date: YYYY.",Patent_Expire_Date_Text
,"For clinical trial NCT00121992 among the more effective regimen ingredients, identify which ingredient starts with the letter D.

Then, for this identified ingredient that was last approved up till Dec, 2024, when is its exclusivity date according to the FDA?
Note that we are only look for overall FDA drug approval, not new indidcation, not supplemental approvals.
If no exclusivity date exists or if it's not available, respond with 'DATE: NA'. Otherwise, return only the date in MM-DD-YYYY format of date: MM-DD-YYYY.",Exclusivity_Date
"Nov 17, 2026","For clinical trial NCT02294461 among the more effective regimen ingredients, identify which ingredient starts with the letter E.

Then, for this identified ingredient that was last approved up till Dec, 2024, when is its exclusivity date according to the FDA?
Note that we are only look for overall FDA drug approval, not new indidcation, not supplemental approvals.
If no exclusivity date exists or if it's not available, respond with 'DATE: NA'. Otherwise, return only the date in MM-DD-YYYY format of date: MM-DD-YYYY.",Exclusivity_Date
"Oct 3, 2026","For clinical trial NCT00012051 among the more effective regimen ingredients, identify which ingredient starts with the letter D.

Then, for this identified ingredient that was last approved up till Dec, 2024, when is its exclusivity date according to the FDA?
Note that we are only look for overall FDA drug approval, not new indidcation, not supplemental approvals.
If no exclusivity date exists or if it's not available, respond with 'DATE: NA'. Otherwise, return only the date in MM-DD-YYYY format of date: MM-DD-YYYY.",Exclusivity_Date
24.75,"For clinical trial NCT00003643, review the more effective regimen ingredients and identify which ingredient starts with the letter P.

Then, determine which pharmaceutical company received the most recent FDA approval (up until December 2024) for this identified ingredient.
Note that we are only look for overall FDA drug approval, not new indidcation, not supplemental approvals.

If this company is listed on any US stock market (including over-the-counter markets), provide:
1. The stock ticker symbol
2. The opening stock price on the FDA approval date

If the company is not listed on any US stock market, please indicate ""NOT LISTED"".",Open_on_Approval
25.06999969482422,"For clinical trial NCT01231412, review the more effective regimen ingredients and identify which ingredient starts with the letter S.

Then, determine which pharmaceutical company received the most recent FDA approval (up until December 2024) for this identified ingredient.
Note that we are only look for overall FDA drug approval, not new indidcation, not supplemental approvals.

If this company is listed on any US stock market (including over-the-counter markets), provide:
1. The stock ticker symbol
2. The opening stock price on the FDA approval date

If the company is not listed on any US stock market, please indicate ""NOT LISTED"".",Open_on_Approval
,"For clinical trial NCT00022191 among the more effective regimen ingredients, identify which ingredient starts with the letter G.

Then, for this identified ingredient that was last approved up till Dec, 2024, when is its exclusivity date according to the FDA?
Note that we are only look for overall FDA drug approval, not new indidcation, not supplemental approvals.
If no exclusivity date exists or if it's not available, respond with 'DATE: NA'. Otherwise, return only the date in MM-DD-YYYY format of date: MM-DD-YYYY.",Exclusivity_Date
Not_Listed,"For clinical trial NCT00022191, review the more effective regimen ingredients and identify which ingredient starts with the letter G.

Then, determine which pharmaceutical company received the most recent FDA approval (up until December 2024) for this identified ingredient.
Note that we are only look for overall FDA drug approval, not new indidcation, not supplemental approvals.

If this company is listed on any US stock market (including over-the-counter markets), provide:
1. The stock ticker symbol
2. The opening stock price on the FDA approval date

If the company is not listed on any US stock market, please indicate ""NOT LISTED"".",Open_on_Approval
Not_Listed,"For clinical trial NCT00121992, review the more effective regimen ingredients and identify which ingredient starts with the letter D.

Then, determine which pharmaceutical company received the most recent FDA approval (up until December 2024) for this identified ingredient.
Note that we are only look for overall FDA drug approval, not new indidcation, not supplemental approvals.

If this company is listed on any US stock market (including over-the-counter markets), provide:
1. The stock ticker symbol
2. The opening stock price on the FDA approval date

If the company is not listed on any US stock market, please indicate ""NOT LISTED"".",Open_on_Approval
DEXAMETHASONE,"For clinical trial NCT01296503. Among the more effective regimen ingredients; find which is the ingredient with the first letter start with D
 return only the name of the ingredient or unknown in all CAPS in the format of INGREDIENT: name",Ingredient
24.75,"For clinical trial NCT02162719, review the more effective regimen ingredients and identify which ingredient starts with the letter P.

Then, determine which pharmaceutical company received the most recent FDA approval (up until December 2024) for this identified ingredient.
Note that we are only look for overall FDA drug approval, not new indidcation, not supplemental approvals.

If this company is listed on any US stock market (including over-the-counter markets), provide:
1. The stock ticker symbol
2. The opening stock price on the FDA approval date

If the company is not listed on any US stock market, please indicate ""NOT LISTED"".",Open_on_Approval
,"For clinical trial NCT00222677 among the more effective regimen ingredients, identify which ingredient starts with the letter A.

Then, for this identified ingredient that was last approved up till Dec, 2024, when is its exclusivity date according to the FDA?
Note that we are only look for overall FDA drug approval, not new indidcation, not supplemental approvals.
If no exclusivity date exists or if it's not available, respond with 'DATE: NA'. Otherwise, return only the date in MM-DD-YYYY format of date: MM-DD-YYYY.",Exclusivity_Date
"Apr 27, 2027","First, for clinical trial NCT01556776 among the more effective regimen ingredients, identify which ingredient starts with the letter L.

Then, for this identified ingredient that was last approved up till Dec, 2024, when is its patent expiration date?
Note that we are only look for overall FDA drug approval, not new indidcation, not supplemental approvals.
Return only the date only the year YYYY format of date: YYYY.",Patent_Expire_Date_Text
"Dec 18, 2037","First, for clinical trial NCT00006232 among the more effective regimen ingredients, identify which ingredient starts with the letter D.

Then, for this identified ingredient that was last approved up till Dec, 2024, when is its patent expiration date?
Note that we are only look for overall FDA drug approval, not new indidcation, not supplemental approvals.
Return only the date only the year YYYY format of date: YYYY.",Patent_Expire_Date_Text
,"For clinical trial NCT00424606 among the more effective regimen ingredients, identify which ingredient starts with the letter D.

Then, for this identified ingredient that was last approved up till Dec, 2024, when is its exclusivity date according to the FDA?
Note that we are only look for overall FDA drug approval, not new indidcation, not supplemental approvals.
If no exclusivity date exists or if it's not available, respond with 'DATE: NA'. Otherwise, return only the date in MM-DD-YYYY format of date: MM-DD-YYYY.",Exclusivity_Date
,"For clinical trial NCT00005945 among the more effective regimen ingredients, identify which ingredient starts with the letter M.

Then, for this identified ingredient that was last approved up till Dec, 2024, when is its exclusivity date according to the FDA?
Note that we are only look for overall FDA drug approval, not new indidcation, not supplemental approvals.
If no exclusivity date exists or if it's not available, respond with 'DATE: NA'. Otherwise, return only the date in MM-DD-YYYY format of date: MM-DD-YYYY.",Exclusivity_Date
62.20000076293945,"For clinical trial NCT00071799, review the more effective regimen ingredients and identify which ingredient starts with the letter A.

Then, determine which pharmaceutical company received the most recent FDA approval (up until December 2024) for this identified ingredient.
Note that we are only look for overall FDA drug approval, not new indidcation, not supplemental approvals.

If this company is listed on any US stock market (including over-the-counter markets), provide:
1. The stock ticker symbol
2. The opening stock price on the FDA approval date

If the company is not listed on any US stock market, please indicate ""NOT LISTED"".",Open_on_Approval
ASTELLAS PHARMA US INC,"First, for clinical trial NCT01949337 among the more effective regimen ingredients, identify which ingredient starts with the letter E.

Then, find which company has the latest FDA approval date up till Dec, 2024 for this identified ingredient. Note that we are only look for overall FDA drug approval, not new indidcation, not supplemental approvals. 
Return only the company name in format of COMPANY: name.",Applicant_Full_Name
6.900000095367432,"For clinical trial NCT03110562, review the more effective regimen ingredients and identify which ingredient starts with the letter S.

Then, determine which pharmaceutical company received the most recent FDA approval (up until December 2024) for this identified ingredient.
Note that we are only look for overall FDA drug approval, not new indidcation, not supplemental approvals.

If this company is listed on any US stock market (including over-the-counter markets), provide:
1. The stock ticker symbol
2. The opening stock price on the FDA approval date

If the company is not listed on any US stock market, please indicate ""NOT LISTED"".",Open_on_Approval
BRISTOL-MYERS SQUIBB CO,"First, for clinical trial NCT02162719 among the more effective regimen ingredients, identify which ingredient starts with the letter P.

Then, find which company has the latest FDA approval date up till Dec, 2024 for this identified ingredient. Note that we are only look for overall FDA drug approval, not new indidcation, not supplemental approvals. 
Return only the company name in format of COMPANY: name.",Applicant_Full_Name
BRISTOL MYERS SQUIBB,"First, for clinical trial NCT01029262 among the more effective regimen ingredients, identify which ingredient starts with the letter L.

Then, find which company has the latest FDA approval date up till Dec, 2024 for this identified ingredient. Note that we are only look for overall FDA drug approval, not new indidcation, not supplemental approvals. 
Return only the company name in format of COMPANY: name.",Applicant_Full_Name
24.75,"For clinical trial NCT03019588, review the more effective regimen ingredients and identify which ingredient starts with the letter P.

Then, determine which pharmaceutical company received the most recent FDA approval (up until December 2024) for this identified ingredient.
Note that we are only look for overall FDA drug approval, not new indidcation, not supplemental approvals.

If this company is listed on any US stock market (including over-the-counter markets), provide:
1. The stock ticker symbol
2. The opening stock price on the FDA approval date

If the company is not listed on any US stock market, please indicate ""NOT LISTED"".",Open_on_Approval
DEXAMETHASONE,"For clinical trial NCT03234972. Among the more effective regimen ingredients; find which is the ingredient with the first letter start with D
 return only the name of the ingredient or unknown in all CAPS in the format of INGREDIENT: name",Ingredient
PHARMACYCLICS LLC,"First, for clinical trial NCT01973387 among the more effective regimen ingredients, identify which ingredient starts with the letter I.

Then, find which company has the latest FDA approval date up till Dec, 2024 for this identified ingredient. Note that we are only look for overall FDA drug approval, not new indidcation, not supplemental approvals. 
Return only the company name in format of COMPANY: name.",Applicant_Full_Name
OTTER PHARMACEUTICALS LLC,"First, for clinical trial NCT00003013 among the more effective regimen ingredients, identify which ingredient starts with the letter M.

Then, find which company has the latest FDA approval date up till Dec, 2024 for this identified ingredient. Note that we are only look for overall FDA drug approval, not new indidcation, not supplemental approvals. 
Return only the company name in format of COMPANY: name.",Applicant_Full_Name
"May 1, 2026","First, for clinical trial NCT01298713 among the more effective regimen ingredients, identify which ingredient starts with the letter E.

Then, for this identified ingredient that was last approved up till Dec, 2024, when is its patent expiration date?
Note that we are only look for overall FDA drug approval, not new indidcation, not supplemental approvals.
Return only the date only the year YYYY format of date: YYYY.",Patent_Expire_Date_Text
AMRING PHARMACEUTICALS INC,"First, for clinical trial NCT00355108 among the more effective regimen ingredients, identify which ingredient starts with the letter T.

Then, find which company has the latest FDA approval date up till Dec, 2024 for this identified ingredient. Note that we are only look for overall FDA drug approval, not new indidcation, not supplemental approvals. 
Return only the company name in format of COMPANY: name.",Applicant_Full_Name
46.72999954223633,"For clinical trial NCT01029262, review the more effective regimen ingredients and identify which ingredient starts with the letter L.

Then, determine which pharmaceutical company received the most recent FDA approval (up until December 2024) for this identified ingredient.
Note that we are only look for overall FDA drug approval, not new indidcation, not supplemental approvals.

If this company is listed on any US stock market (including over-the-counter markets), provide:
1. The stock ticker symbol
2. The opening stock price on the FDA approval date

If the company is not listed on any US stock market, please indicate ""NOT LISTED"".",Open_on_Approval
,"For clinical trial NCT00806819 among the more effective regimen ingredients, identify which ingredient starts with the letter P.

Then, for this identified ingredient that was last approved up till Dec, 2024, when is its exclusivity date according to the FDA?
Note that we are only look for overall FDA drug approval, not new indidcation, not supplemental approvals.
If no exclusivity date exists or if it's not available, respond with 'DATE: NA'. Otherwise, return only the date in MM-DD-YYYY format of date: MM-DD-YYYY.",Exclusivity_Date
LENALIDOMIDE,"For clinical trial NCT01029262. Among the more effective regimen ingredients; find which is the ingredient with the first letter start with L
 return only the name of the ingredient or unknown in all CAPS in the format of INGREDIENT: name",Ingredient
24.75,"For clinical trial NCT00003691, review the more effective regimen ingredients and identify which ingredient starts with the letter P.

Then, determine which pharmaceutical company received the most recent FDA approval (up until December 2024) for this identified ingredient.
Note that we are only look for overall FDA drug approval, not new indidcation, not supplemental approvals.

If this company is listed on any US stock market (including over-the-counter markets), provide:
1. The stock ticker symbol
2. The opening stock price on the FDA approval date

If the company is not listed on any US stock market, please indicate ""NOT LISTED"".",Open_on_Approval
Not_Listed,"For clinical trial NCT00379041, review the more effective regimen ingredients and identify which ingredient starts with the letter M.

Then, determine which pharmaceutical company received the most recent FDA approval (up until December 2024) for this identified ingredient.
Note that we are only look for overall FDA drug approval, not new indidcation, not supplemental approvals.

If this company is listed on any US stock market (including over-the-counter markets), provide:
1. The stock ticker symbol
2. The opening stock price on the FDA approval date

If the company is not listed on any US stock market, please indicate ""NOT LISTED"".",Open_on_Approval
PREDNISONE,"For clinical trial NCT00004001. Among the more effective regimen ingredients; find which is the ingredient with the first letter start with P
 return only the name of the ingredient or unknown in all CAPS in the format of INGREDIENT: name",Ingredient
"Jan 24, 2026","First, for clinical trial NCT01345682 among the more effective regimen ingredients, identify which ingredient starts with the letter M.

Then, for this identified ingredient that was last approved up till Dec, 2024, when is its patent expiration date?
Note that we are only look for overall FDA drug approval, not new indidcation, not supplemental approvals.
Return only the date only the year YYYY format of date: YYYY.",Patent_Expire_Date_Text
,"For clinical trial NCT00003013 among the more effective regimen ingredients, identify which ingredient starts with the letter M.

Then, for this identified ingredient that was last approved up till Dec, 2024, when is its exclusivity date according to the FDA?
Note that we are only look for overall FDA drug approval, not new indidcation, not supplemental approvals.
If no exclusivity date exists or if it's not available, respond with 'DATE: NA'. Otherwise, return only the date in MM-DD-YYYY format of date: MM-DD-YYYY.",Exclusivity_Date
"Oct 3, 2026","For clinical trial NCT01296503 among the more effective regimen ingredients, identify which ingredient starts with the letter D.

Then, for this identified ingredient that was last approved up till Dec, 2024, when is its exclusivity date according to the FDA?
Note that we are only look for overall FDA drug approval, not new indidcation, not supplemental approvals.
If no exclusivity date exists or if it's not available, respond with 'DATE: NA'. Otherwise, return only the date in MM-DD-YYYY format of date: MM-DD-YYYY.",Exclusivity_Date
"May 28, 2026","For clinical trial NCT01029262 among the more effective regimen ingredients, identify which ingredient starts with the letter L.

Then, for this identified ingredient that was last approved up till Dec, 2024, when is its exclusivity date according to the FDA?
Note that we are only look for overall FDA drug approval, not new indidcation, not supplemental approvals.
If no exclusivity date exists or if it's not available, respond with 'DATE: NA'. Otherwise, return only the date in MM-DD-YYYY format of date: MM-DD-YYYY.",Exclusivity_Date
"Mar 26, 2035","First, for clinical trial NCT00806819 among the more effective regimen ingredients, identify which ingredient starts with the letter P.

Then, for this identified ingredient that was last approved up till Dec, 2024, when is its patent expiration date?
Note that we are only look for overall FDA drug approval, not new indidcation, not supplemental approvals.
Return only the date only the year YYYY format of date: YYYY.",Patent_Expire_Date_Text
DOCETAXEL,"For clinical trial NCT00091442. Among the more effective regimen ingredients; find which is the ingredient with the first letter start with D
 return only the name of the ingredient or unknown in all CAPS in the format of INGREDIENT: name",Ingredient
DEXAMETHASONE,"For clinical trial NCT00344526. Among the more effective regimen ingredients; find which is the ingredient with the first letter start with D
 return only the name of the ingredient or unknown in all CAPS in the format of INGREDIENT: name",Ingredient
BAYER HEALTHCARE PHARMACEUTICALS INC,"First, for clinical trial NCT02048371 among the more effective regimen ingredients, identify which ingredient starts with the letter R.

Then, find which company has the latest FDA approval date up till Dec, 2024 for this identified ingredient. Note that we are only look for overall FDA drug approval, not new indidcation, not supplemental approvals. 
Return only the company name in format of COMPANY: name.",Applicant_Full_Name
PEMETREXED DISODIUM,"For clinical trial NCT02864251. Among the more effective regimen ingredients; find which is the ingredient with the first letter start with P
 return only the name of the ingredient or unknown in all CAPS in the format of INGREDIENT: name",Ingredient
,"For clinical trial NCT02048371 among the more effective regimen ingredients, identify which ingredient starts with the letter R.

Then, for this identified ingredient that was last approved up till Dec, 2024, when is its exclusivity date according to the FDA?
Note that we are only look for overall FDA drug approval, not new indidcation, not supplemental approvals.
If no exclusivity date exists or if it's not available, respond with 'DATE: NA'. Otherwise, return only the date in MM-DD-YYYY format of date: MM-DD-YYYY.",Exclusivity_Date
,"For clinical trial NCT00003643 among the more effective regimen ingredients, identify which ingredient starts with the letter P.

Then, for this identified ingredient that was last approved up till Dec, 2024, when is its exclusivity date according to the FDA?
Note that we are only look for overall FDA drug approval, not new indidcation, not supplemental approvals.
If no exclusivity date exists or if it's not available, respond with 'DATE: NA'. Otherwise, return only the date in MM-DD-YYYY format of date: MM-DD-YYYY.",Exclusivity_Date
"Sep 1, 2027","For clinical trial NCT01720225 among the more effective regimen ingredients, identify which ingredient starts with the letter A.

Then, for this identified ingredient that was last approved up till Dec, 2024, when is its exclusivity date according to the FDA?
Note that we are only look for overall FDA drug approval, not new indidcation, not supplemental approvals.
If no exclusivity date exists or if it's not available, respond with 'DATE: NA'. Otherwise, return only the date in MM-DD-YYYY format of date: MM-DD-YYYY.",Exclusivity_Date
"Sep 1, 2027","For clinical trial NCT00071799 among the more effective regimen ingredients, identify which ingredient starts with the letter A.

Then, for this identified ingredient that was last approved up till Dec, 2024, when is its exclusivity date according to the FDA?
Note that we are only look for overall FDA drug approval, not new indidcation, not supplemental approvals.
If no exclusivity date exists or if it's not available, respond with 'DATE: NA'. Otherwise, return only the date in MM-DD-YYYY format of date: MM-DD-YYYY.",Exclusivity_Date
GENUS LIFE SCIENCES INC,"First, for clinical trial NCT00222677 among the more effective regimen ingredients, identify which ingredient starts with the letter A.

Then, find which company has the latest FDA approval date up till Dec, 2024 for this identified ingredient. Note that we are only look for overall FDA drug approval, not new indidcation, not supplemental approvals. 
Return only the company name in format of COMPANY: name.",Applicant_Full_Name
OTTER PHARMACEUTICALS LLC,"First, for clinical trial NCT00003934 among the more effective regimen ingredients, identify which ingredient starts with the letter M.

Then, find which company has the latest FDA approval date up till Dec, 2024 for this identified ingredient. Note that we are only look for overall FDA drug approval, not new indidcation, not supplemental approvals. 
Return only the company name in format of COMPANY: name.",Applicant_Full_Name
15.989999771118164,"For clinical trial NCT02288247, review the more effective regimen ingredients and identify which ingredient starts with the letter E.

Then, determine which pharmaceutical company received the most recent FDA approval (up until December 2024) for this identified ingredient.
Note that we are only look for overall FDA drug approval, not new indidcation, not supplemental approvals.

If this company is listed on any US stock market (including over-the-counter markets), provide:
1. The stock ticker symbol
2. The opening stock price on the FDA approval date

If the company is not listed on any US stock market, please indicate ""NOT LISTED"".",Open_on_Approval
,"For clinical trial NCT00032175 among the more effective regimen ingredients, identify which ingredient starts with the letter G.

Then, for this identified ingredient that was last approved up till Dec, 2024, when is its exclusivity date according to the FDA?
Note that we are only look for overall FDA drug approval, not new indidcation, not supplemental approvals.
If no exclusivity date exists or if it's not available, respond with 'DATE: NA'. Otherwise, return only the date in MM-DD-YYYY format of date: MM-DD-YYYY.",Exclusivity_Date
,"For clinical trial NCT02203643 among the more effective regimen ingredients, identify which ingredient starts with the letter C.

Then, for this identified ingredient that was last approved up till Dec, 2024, when is its exclusivity date according to the FDA?
Note that we are only look for overall FDA drug approval, not new indidcation, not supplemental approvals.
If no exclusivity date exists or if it's not available, respond with 'DATE: NA'. Otherwise, return only the date in MM-DD-YYYY format of date: MM-DD-YYYY.",Exclusivity_Date
Not_Listed,"For clinical trial NCT00115700, review the more effective regimen ingredients and identify which ingredient starts with the letter C.

Then, determine which pharmaceutical company received the most recent FDA approval (up until December 2024) for this identified ingredient.
Note that we are only look for overall FDA drug approval, not new indidcation, not supplemental approvals.

If this company is listed on any US stock market (including over-the-counter markets), provide:
1. The stock ticker symbol
2. The opening stock price on the FDA approval date

If the company is not listed on any US stock market, please indicate ""NOT LISTED"".",Open_on_Approval
ZHUHAI BEIHAI BIOTECH CO LTD,"First, for clinical trial NCT00424606 among the more effective regimen ingredients, identify which ingredient starts with the letter D.

Then, find which company has the latest FDA approval date up till Dec, 2024 for this identified ingredient. Note that we are only look for overall FDA drug approval, not new indidcation, not supplemental approvals. 
Return only the company name in format of COMPANY: name.",Applicant_Full_Name
NOVARTIS PHARMACEUTICALS CORP,"First, for clinical trial NCT01298713 among the more effective regimen ingredients, identify which ingredient starts with the letter E.

Then, find which company has the latest FDA approval date up till Dec, 2024 for this identified ingredient. Note that we are only look for overall FDA drug approval, not new indidcation, not supplemental approvals. 
Return only the company name in format of COMPANY: name.",Applicant_Full_Name
PACLITAXEL,"For clinical trial NCT02162719. Among the more effective regimen ingredients; find which is the ingredient with the first letter start with P
 return only the name of the ingredient or unknown in all CAPS in the format of INGREDIENT: name",Ingredient
DEXAMETHASONE,"For clinical trial NCT01850524. Among the more effective regimen ingredients; find which is the ingredient with the first letter start with D
 return only the name of the ingredient or unknown in all CAPS in the format of INGREDIENT: name",Ingredient
"Dec 18, 2037","First, for clinical trial NCT00344526 among the more effective regimen ingredients, identify which ingredient starts with the letter D.

Then, for this identified ingredient that was last approved up till Dec, 2024, when is its patent expiration date?
Note that we are only look for overall FDA drug approval, not new indidcation, not supplemental approvals.
Return only the date only the year YYYY format of date: YYYY.",Patent_Expire_Date_Text
,"For clinical trial NCT00391092 among the more effective regimen ingredients, identify which ingredient starts with the letter D.

Then, for this identified ingredient that was last approved up till Dec, 2024, when is its exclusivity date according to the FDA?
Note that we are only look for overall FDA drug approval, not new indidcation, not supplemental approvals.
If no exclusivity date exists or if it's not available, respond with 'DATE: NA'. Otherwise, return only the date in MM-DD-YYYY format of date: MM-DD-YYYY.",Exclusivity_Date
Not_Listed,"For clinical trial NCT00806819, review the more effective regimen ingredients and identify which ingredient starts with the letter P.

Then, determine which pharmaceutical company received the most recent FDA approval (up until December 2024) for this identified ingredient.
Note that we are only look for overall FDA drug approval, not new indidcation, not supplemental approvals.

If this company is listed on any US stock market (including over-the-counter markets), provide:
1. The stock ticker symbol
2. The opening stock price on the FDA approval date

If the company is not listed on any US stock market, please indicate ""NOT LISTED"".",Open_on_Approval
,"For clinical trial NCT00004001 among the more effective regimen ingredients, identify which ingredient starts with the letter P.

Then, for this identified ingredient that was last approved up till Dec, 2024, when is its exclusivity date according to the FDA?
Note that we are only look for overall FDA drug approval, not new indidcation, not supplemental approvals.
If no exclusivity date exists or if it's not available, respond with 'DATE: NA'. Otherwise, return only the date in MM-DD-YYYY format of date: MM-DD-YYYY.",Exclusivity_Date
SUN PHARMACEUTICAL INDUSTRIES LTD,"First, for clinical trial NCT00026338 among the more effective regimen ingredients, identify which ingredient starts with the letter G.

Then, find which company has the latest FDA approval date up till Dec, 2024 for this identified ingredient. Note that we are only look for overall FDA drug approval, not new indidcation, not supplemental approvals. 
Return only the company name in format of COMPANY: name.",Applicant_Full_Name
Not_Listed,"For clinical trial NCT00012051, review the more effective regimen ingredients and identify which ingredient starts with the letter D.

Then, determine which pharmaceutical company received the most recent FDA approval (up until December 2024) for this identified ingredient.
Note that we are only look for overall FDA drug approval, not new indidcation, not supplemental approvals.

If this company is listed on any US stock market (including over-the-counter markets), provide:
1. The stock ticker symbol
2. The opening stock price on the FDA approval date

If the company is not listed on any US stock market, please indicate ""NOT LISTED"".",Open_on_Approval
"Aug 13, 2027","First, for clinical trial NCT01949337 among the more effective regimen ingredients, identify which ingredient starts with the letter E.

Then, for this identified ingredient that was last approved up till Dec, 2024, when is its patent expiration date?
Note that we are only look for overall FDA drug approval, not new indidcation, not supplemental approvals.
Return only the date only the year YYYY format of date: YYYY.",Patent_Expire_Date_Text
Not_Listed,"For clinical trial NCT02775006, review the more effective regimen ingredients and identify which ingredient starts with the letter D.

Then, determine which pharmaceutical company received the most recent FDA approval (up until December 2024) for this identified ingredient.
Note that we are only look for overall FDA drug approval, not new indidcation, not supplemental approvals.

If this company is listed on any US stock market (including over-the-counter markets), provide:
1. The stock ticker symbol
2. The opening stock price on the FDA approval date

If the company is not listed on any US stock market, please indicate ""NOT LISTED"".",Open_on_Approval
PEMETREXED DISODIUM,"For clinical trial NCT03425643. Among the more effective regimen ingredients; find which is the ingredient with the first letter start with P
 return only the name of the ingredient or unknown in all CAPS in the format of INGREDIENT: name",Ingredient
ZHUHAI BEIHAI BIOTECH CO LTD,"First, for clinical trial NCT03588091 among the more effective regimen ingredients, identify which ingredient starts with the letter D.

Then, find which company has the latest FDA approval date up till Dec, 2024 for this identified ingredient. Note that we are only look for overall FDA drug approval, not new indidcation, not supplemental approvals. 
Return only the company name in format of COMPANY: name.",Applicant_Full_Name
Not_Listed,"For clinical trial NCT00003702, review the more effective regimen ingredients and identify which ingredient starts with the letter M.

Then, determine which pharmaceutical company received the most recent FDA approval (up until December 2024) for this identified ingredient.
Note that we are only look for overall FDA drug approval, not new indidcation, not supplemental approvals.

If this company is listed on any US stock market (including over-the-counter markets), provide:
1. The stock ticker symbol
2. The opening stock price on the FDA approval date

If the company is not listed on any US stock market, please indicate ""NOT LISTED"".",Open_on_Approval
"May 28, 2026","For clinical trial NCT00843882 among the more effective regimen ingredients, identify which ingredient starts with the letter L.

Then, for this identified ingredient that was last approved up till Dec, 2024, when is its exclusivity date according to the FDA?
Note that we are only look for overall FDA drug approval, not new indidcation, not supplemental approvals.
If no exclusivity date exists or if it's not available, respond with 'DATE: NA'. Otherwise, return only the date in MM-DD-YYYY format of date: MM-DD-YYYY.",Exclusivity_Date
AZACITIDINE,"For clinical trial NCT00071799. Among the more effective regimen ingredients; find which is the ingredient with the first letter start with A
 return only the name of the ingredient or unknown in all CAPS in the format of INGREDIENT: name",Ingredient
"Jan 24, 2026","First, for clinical trial NCT00003013 among the more effective regimen ingredients, identify which ingredient starts with the letter M.

Then, for this identified ingredient that was last approved up till Dec, 2024, when is its patent expiration date?
Note that we are only look for overall FDA drug approval, not new indidcation, not supplemental approvals.
Return only the date only the year YYYY format of date: YYYY.",Patent_Expire_Date_Text
"May 15, 2026","For clinical trial NCT02755597 among the more effective regimen ingredients, identify which ingredient starts with the letter V.

Then, for this identified ingredient that was last approved up till Dec, 2024, when is its exclusivity date according to the FDA?
Note that we are only look for overall FDA drug approval, not new indidcation, not supplemental approvals.
If no exclusivity date exists or if it's not available, respond with 'DATE: NA'. Otherwise, return only the date in MM-DD-YYYY format of date: MM-DD-YYYY.",Exclusivity_Date
"Apr 14, 2025","First, for clinical trial NCT02203643 among the more effective regimen ingredients, identify which ingredient starts with the letter C.

Then, for this identified ingredient that was last approved up till Dec, 2024, when is its patent expiration date?
Note that we are only look for overall FDA drug approval, not new indidcation, not supplemental approvals.
Return only the date only the year YYYY format of date: YYYY.",Patent_Expire_Date_Text
"Jul 12, 2034","First, for clinical trial NCT03019588 among the more effective regimen ingredients, identify which ingredient starts with the letter P.

Then, for this identified ingredient that was last approved up till Dec, 2024, when is its patent expiration date?
Note that we are only look for overall FDA drug approval, not new indidcation, not supplemental approvals.
Return only the date only the year YYYY format of date: YYYY.",Patent_Expire_Date_Text
,"For clinical trial NCT00355108 among the more effective regimen ingredients, identify which ingredient starts with the letter T.

Then, for this identified ingredient that was last approved up till Dec, 2024, when is its exclusivity date according to the FDA?
Note that we are only look for overall FDA drug approval, not new indidcation, not supplemental approvals.
If no exclusivity date exists or if it's not available, respond with 'DATE: NA'. Otherwise, return only the date in MM-DD-YYYY format of date: MM-DD-YYYY.",Exclusivity_Date
VENETOCLAX,"For clinical trial NCT02755597. Among the more effective regimen ingredients; find which is the ingredient with the first letter start with V
 return only the name of the ingredient or unknown in all CAPS in the format of INGREDIENT: name",Ingredient
"Jul 26, 2032","First, for clinical trial NCT03110562 among the more effective regimen ingredients, identify which ingredient starts with the letter S.

Then, for this identified ingredient that was last approved up till Dec, 2024, when is its patent expiration date?
Note that we are only look for overall FDA drug approval, not new indidcation, not supplemental approvals.
Return only the date only the year YYYY format of date: YYYY.",Patent_Expire_Date_Text
15.989999771118164,"For clinical trial NCT02294461, review the more effective regimen ingredients and identify which ingredient starts with the letter E.

Then, determine which pharmaceutical company received the most recent FDA approval (up until December 2024) for this identified ingredient.
Note that we are only look for overall FDA drug approval, not new indidcation, not supplemental approvals.

If this company is listed on any US stock market (including over-the-counter markets), provide:
1. The stock ticker symbol
2. The opening stock price on the FDA approval date

If the company is not listed on any US stock market, please indicate ""NOT LISTED"".",Open_on_Approval
58.59000015258789,"For clinical trial NCT02755597, review the more effective regimen ingredients and identify which ingredient starts with the letter V.

Then, determine which pharmaceutical company received the most recent FDA approval (up until December 2024) for this identified ingredient.
Note that we are only look for overall FDA drug approval, not new indidcation, not supplemental approvals.

If this company is listed on any US stock market (including over-the-counter markets), provide:
1. The stock ticker symbol
2. The opening stock price on the FDA approval date

If the company is not listed on any US stock market, please indicate ""NOT LISTED"".",Open_on_Approval
DEXCEL PHARMA TECHNOLOGIES LTD,"First, for clinical trial NCT01564537 among the more effective regimen ingredients, identify which ingredient starts with the letter D.

Then, find which company has the latest FDA approval date up till Dec, 2024 for this identified ingredient. Note that we are only look for overall FDA drug approval, not new indidcation, not supplemental approvals. 
Return only the company name in format of COMPANY: name.",Applicant_Full_Name
SELINEXOR,"For clinical trial NCT03110562. Among the more effective regimen ingredients; find which is the ingredient with the first letter start with S
 return only the name of the ingredient or unknown in all CAPS in the format of INGREDIENT: name",Ingredient
Not_Listed,"For clinical trial NCT02864251, review the more effective regimen ingredients and identify which ingredient starts with the letter P.

Then, determine which pharmaceutical company received the most recent FDA approval (up until December 2024) for this identified ingredient.
Note that we are only look for overall FDA drug approval, not new indidcation, not supplemental approvals.

If this company is listed on any US stock market (including over-the-counter markets), provide:
1. The stock ticker symbol
2. The opening stock price on the FDA approval date

If the company is not listed on any US stock market, please indicate ""NOT LISTED"".",Open_on_Approval
APALUTAMIDE,"For clinical trial NCT03009981. Among the more effective regimen ingredients; find which is the ingredient with the first letter start with AP
 return only the name of the ingredient or unknown in all CAPS in the format of INGREDIENT: name",Ingredient
REGORAFENIB,"For clinical trial NCT02048371. Among the more effective regimen ingredients; find which is the ingredient with the first letter start with R
 return only the name of the ingredient or unknown in all CAPS in the format of INGREDIENT: name",Ingredient
"Mar 7, 2026","First, for clinical trial NCT00379041 among the more effective regimen ingredients, identify which ingredient starts with the letter M.

Then, for this identified ingredient that was last approved up till Dec, 2024, when is its patent expiration date?
Note that we are only look for overall FDA drug approval, not new indidcation, not supplemental approvals.
Return only the date only the year YYYY format of date: YYYY.",Patent_Expire_Date_Text
DEXCEL PHARMA TECHNOLOGIES LTD,"First, for clinical trial NCT00006232 among the more effective regimen ingredients, identify which ingredient starts with the letter D.

Then, find which company has the latest FDA approval date up till Dec, 2024 for this identified ingredient. Note that we are only look for overall FDA drug approval, not new indidcation, not supplemental approvals. 
Return only the company name in format of COMPANY: name.",Applicant_Full_Name
PACLITAXEL,"For clinical trial NCT03019588. Among the more effective regimen ingredients; find which is the ingredient with the first letter start with P
 return only the name of the ingredient or unknown in all CAPS in the format of INGREDIENT: name",Ingredient
Not_Listed,"For clinical trial NCT00222677, review the more effective regimen ingredients and identify which ingredient starts with the letter A.

Then, determine which pharmaceutical company received the most recent FDA approval (up until December 2024) for this identified ingredient.
Note that we are only look for overall FDA drug approval, not new indidcation, not supplemental approvals.

If this company is listed on any US stock market (including over-the-counter markets), provide:
1. The stock ticker symbol
2. The opening stock price on the FDA approval date

If the company is not listed on any US stock market, please indicate ""NOT LISTED"".",Open_on_Approval
"May 16, 2036","First, for clinical trial NCT00091442 among the more effective regimen ingredients, identify which ingredient starts with the letter D.

Then, for this identified ingredient that was last approved up till Dec, 2024, when is its patent expiration date?
Note that we are only look for overall FDA drug approval, not new indidcation, not supplemental approvals.
Return only the date only the year YYYY format of date: YYYY.",Patent_Expire_Date_Text
ENZALUTAMIDE,"For clinical trial NCT02294461. Among the more effective regimen ingredients; find which is the ingredient with the first letter start with E
 return only the name of the ingredient or unknown in all CAPS in the format of INGREDIENT: name",Ingredient
,"For clinical trial NCT03110562 among the more effective regimen ingredients, identify which ingredient starts with the letter S.

Then, for this identified ingredient that was last approved up till Dec, 2024, when is its exclusivity date according to the FDA?
Note that we are only look for overall FDA drug approval, not new indidcation, not supplemental approvals.
If no exclusivity date exists or if it's not available, respond with 'DATE: NA'. Otherwise, return only the date in MM-DD-YYYY format of date: MM-DD-YYYY.",Exclusivity_Date
PEMETREXED DISODIUM,"For clinical trial NCT00806819. Among the more effective regimen ingredients; find which is the ingredient with the first letter start with P
 return only the name of the ingredient or unknown in all CAPS in the format of INGREDIENT: name",Ingredient
"May 28, 2026","For clinical trial NCT01556776 among the more effective regimen ingredients, identify which ingredient starts with the letter L.

Then, for this identified ingredient that was last approved up till Dec, 2024, when is its exclusivity date according to the FDA?
Note that we are only look for overall FDA drug approval, not new indidcation, not supplemental approvals.
If no exclusivity date exists or if it's not available, respond with 'DATE: NA'. Otherwise, return only the date in MM-DD-YYYY format of date: MM-DD-YYYY.",Exclusivity_Date
"May 16, 2036","First, for clinical trial NCT00424606 among the more effective regimen ingredients, identify which ingredient starts with the letter D.

Then, for this identified ingredient that was last approved up till Dec, 2024, when is its patent expiration date?
Note that we are only look for overall FDA drug approval, not new indidcation, not supplemental approvals.
Return only the date only the year YYYY format of date: YYYY.",Patent_Expire_Date_Text
"Jul 1, 2033","First, for clinical trial NCT00026338 among the more effective regimen ingredients, identify which ingredient starts with the letter G.

Then, for this identified ingredient that was last approved up till Dec, 2024, when is its patent expiration date?
Note that we are only look for overall FDA drug approval, not new indidcation, not supplemental approvals.
Return only the date only the year YYYY format of date: YYYY.",Patent_Expire_Date_Text
PACLITAXEL,"For clinical trial NCT03117049. Among the more effective regimen ingredients; find which is the ingredient with the first letter start with P
 return only the name of the ingredient or unknown in all CAPS in the format of INGREDIENT: name",Ingredient
TRANEXAMIC ACID,"For clinical trial NCT00355108. Among the more effective regimen ingredients; find which is the ingredient with the first letter start with T
 return only the name of the ingredient or unknown in all CAPS in the format of INGREDIENT: name",Ingredient
AZACITIDINE,"For clinical trial NCT01720225. Among the more effective regimen ingredients; find which is the ingredient with the first letter start with A
 return only the name of the ingredient or unknown in all CAPS in the format of INGREDIENT: name",Ingredient
ASTELLAS PHARMA US INC,"First, for clinical trial NCT00974311 among the more effective regimen ingredients, identify which ingredient starts with the letter E.

Then, find which company has the latest FDA approval date up till Dec, 2024 for this identified ingredient. Note that we are only look for overall FDA drug approval, not new indidcation, not supplemental approvals. 
Return only the company name in format of COMPANY: name.",Applicant_Full_Name
"Oct 3, 2026","For clinical trial NCT01564537 among the more effective regimen ingredients, identify which ingredient starts with the letter D.

Then, for this identified ingredient that was last approved up till Dec, 2024, when is its exclusivity date according to the FDA?
Note that we are only look for overall FDA drug approval, not new indidcation, not supplemental approvals.
If no exclusivity date exists or if it's not available, respond with 'DATE: NA'. Otherwise, return only the date in MM-DD-YYYY format of date: MM-DD-YYYY.",Exclusivity_Date
METHOTREXATE,"For clinical trial NCT01856478. Among the more effective regimen ingredients; find which is the ingredient with the first letter start with M
 return only the name of the ingredient or unknown in all CAPS in the format of INGREDIENT: name",Ingredient
LENALIDOMIDE,"For clinical trial NCT01556776. Among the more effective regimen ingredients; find which is the ingredient with the first letter start with L
 return only the name of the ingredient or unknown in all CAPS in the format of INGREDIENT: name",Ingredient
DOCETAXEL,"For clinical trial NCT00121992. Among the more effective regimen ingredients; find which is the ingredient with the first letter start with D
 return only the name of the ingredient or unknown in all CAPS in the format of INGREDIENT: name",Ingredient
Not_Listed,"For clinical trial NCT01973387, review the more effective regimen ingredients and identify which ingredient starts with the letter I.

Then, determine which pharmaceutical company received the most recent FDA approval (up until December 2024) for this identified ingredient.
Note that we are only look for overall FDA drug approval, not new indidcation, not supplemental approvals.

If this company is listed on any US stock market (including over-the-counter markets), provide:
1. The stock ticker symbol
2. The opening stock price on the FDA approval date

If the company is not listed on any US stock market, please indicate ""NOT LISTED"".",Open_on_Approval
"Mar 26, 2035","First, for clinical trial NCT03425643 among the more effective regimen ingredients, identify which ingredient starts with the letter P.

Then, for this identified ingredient that was last approved up till Dec, 2024, when is its patent expiration date?
Note that we are only look for overall FDA drug approval, not new indidcation, not supplemental approvals.
Return only the date only the year YYYY format of date: YYYY.",Patent_Expire_Date_Text
DOCETAXEL,"For clinical trial NCT00391092. Among the more effective regimen ingredients; find which is the ingredient with the first letter start with D
 return only the name of the ingredient or unknown in all CAPS in the format of INGREDIENT: name",Ingredient
"Nov 17, 2026","For clinical trial NCT02288247 among the more effective regimen ingredients, identify which ingredient starts with the letter E.

Then, for this identified ingredient that was last approved up till Dec, 2024, when is its exclusivity date according to the FDA?
Note that we are only look for overall FDA drug approval, not new indidcation, not supplemental approvals.
If no exclusivity date exists or if it's not available, respond with 'DATE: NA'. Otherwise, return only the date in MM-DD-YYYY format of date: MM-DD-YYYY.",Exclusivity_Date
ZHUHAI BEIHAI BIOTECH CO LTD,"First, for clinical trial NCT01168973 among the more effective regimen ingredients, identify which ingredient starts with the letter D.

Then, find which company has the latest FDA approval date up till Dec, 2024 for this identified ingredient. Note that we are only look for overall FDA drug approval, not new indidcation, not supplemental approvals. 
Return only the company name in format of COMPANY: name.",Applicant_Full_Name
,"For clinical trial NCT01856478 among the more effective regimen ingredients, identify which ingredient starts with the letter M.

Then, for this identified ingredient that was last approved up till Dec, 2024, when is its exclusivity date according to the FDA?
Note that we are only look for overall FDA drug approval, not new indidcation, not supplemental approvals.
If no exclusivity date exists or if it's not available, respond with 'DATE: NA'. Otherwise, return only the date in MM-DD-YYYY format of date: MM-DD-YYYY.",Exclusivity_Date
"May 16, 2036","First, for clinical trial NCT01168973 among the more effective regimen ingredients, identify which ingredient starts with the letter D.

Then, for this identified ingredient that was last approved up till Dec, 2024, when is its patent expiration date?
Note that we are only look for overall FDA drug approval, not new indidcation, not supplemental approvals.
Return only the date only the year YYYY format of date: YYYY.",Patent_Expire_Date_Text
,"For clinical trial NCT03009981 among the more effective regimen ingredients, identify which ingredient starts with the letter A.

Then, for this identified ingredient that was last approved up till Dec, 2024, when is its exclusivity date according to the FDA?
Note that we are only look for overall FDA drug approval, not new indidcation, not supplemental approvals.
If no exclusivity date exists or if it's not available, respond with 'DATE: NA'. Otherwise, return only the date in MM-DD-YYYY format of date: MM-DD-YYYY.",Exclusivity_Date
Not_Listed,"For clinical trial NCT00091442, review the more effective regimen ingredients and identify which ingredient starts with the letter D.

Then, determine which pharmaceutical company received the most recent FDA approval (up until December 2024) for this identified ingredient.
Note that we are only look for overall FDA drug approval, not new indidcation, not supplemental approvals.

If this company is listed on any US stock market (including over-the-counter markets), provide:
1. The stock ticker symbol
2. The opening stock price on the FDA approval date

If the company is not listed on any US stock market, please indicate ""NOT LISTED"".",Open_on_Approval
DEXAMETHASONE,"For clinical trial NCT00006232. Among the more effective regimen ingredients; find which is the ingredient with the first letter start with D
 return only the name of the ingredient or unknown in all CAPS in the format of INGREDIENT: name",Ingredient
"Aug 3, 2027","First, for clinical trial NCT01193244 among the more effective regimen ingredients, identify which ingredient starts with the letter P.

Then, for this identified ingredient that was last approved up till Dec, 2024, when is its patent expiration date?
Note that we are only look for overall FDA drug approval, not new indidcation, not supplemental approvals.
Return only the date only the year YYYY format of date: YYYY.",Patent_Expire_Date_Text
"Apr 27, 2027","First, for clinical trial NCT01029262 among the more effective regimen ingredients, identify which ingredient starts with the letter L.

Then, for this identified ingredient that was last approved up till Dec, 2024, when is its patent expiration date?
Note that we are only look for overall FDA drug approval, not new indidcation, not supplemental approvals.
Return only the date only the year YYYY format of date: YYYY.",Patent_Expire_Date_Text
Not_Listed,"For clinical trial NCT01345682, review the more effective regimen ingredients and identify which ingredient starts with the letter M.

Then, determine which pharmaceutical company received the most recent FDA approval (up until December 2024) for this identified ingredient.
Note that we are only look for overall FDA drug approval, not new indidcation, not supplemental approvals.

If this company is listed on any US stock market (including over-the-counter markets), provide:
1. The stock ticker symbol
2. The opening stock price on the FDA approval date

If the company is not listed on any US stock market, please indicate ""NOT LISTED"".",Open_on_Approval
,"For clinical trial NCT03019588 among the more effective regimen ingredients, identify which ingredient starts with the letter P.

Then, for this identified ingredient that was last approved up till Dec, 2024, when is its exclusivity date according to the FDA?
Note that we are only look for overall FDA drug approval, not new indidcation, not supplemental approvals.
If no exclusivity date exists or if it's not available, respond with 'DATE: NA'. Otherwise, return only the date in MM-DD-YYYY format of date: MM-DD-YYYY.",Exclusivity_Date
Not_Listed,"For clinical trial NCT03588091, review the more effective regimen ingredients and identify which ingredient starts with the letter D.

Then, determine which pharmaceutical company received the most recent FDA approval (up until December 2024) for this identified ingredient.
Note that we are only look for overall FDA drug approval, not new indidcation, not supplemental approvals.

If this company is listed on any US stock market (including over-the-counter markets), provide:
1. The stock ticker symbol
2. The opening stock price on the FDA approval date

If the company is not listed on any US stock market, please indicate ""NOT LISTED"".",Open_on_Approval
"Nov 17, 2026","For clinical trial NCT01949337 among the more effective regimen ingredients, identify which ingredient starts with the letter E.

Then, for this identified ingredient that was last approved up till Dec, 2024, when is its exclusivity date according to the FDA?
Note that we are only look for overall FDA drug approval, not new indidcation, not supplemental approvals.
If no exclusivity date exists or if it's not available, respond with 'DATE: NA'. Otherwise, return only the date in MM-DD-YYYY format of date: MM-DD-YYYY.",Exclusivity_Date
46.72999954223633,"For clinical trial NCT01122472, review the more effective regimen ingredients and identify which ingredient starts with the letter L.

Then, determine which pharmaceutical company received the most recent FDA approval (up until December 2024) for this identified ingredient.
Note that we are only look for overall FDA drug approval, not new indidcation, not supplemental approvals.

If this company is listed on any US stock market (including over-the-counter markets), provide:
1. The stock ticker symbol
2. The opening stock price on the FDA approval date

If the company is not listed on any US stock market, please indicate ""NOT LISTED"".",Open_on_Approval
DOCETAXEL,"For clinical trial NCT00333775. Among the more effective regimen ingredients; find which is the ingredient with the first letter start with D
 return only the name of the ingredient or unknown in all CAPS in the format of INGREDIENT: name",Ingredient
BRISTOL MYERS SQUIBB CO,"First, for clinical trial NCT00071799 among the more effective regimen ingredients, identify which ingredient starts with the letter A.

Then, find which company has the latest FDA approval date up till Dec, 2024 for this identified ingredient. Note that we are only look for overall FDA drug approval, not new indidcation, not supplemental approvals. 
Return only the company name in format of COMPANY: name.",Applicant_Full_Name
BRISTOL-MYERS SQUIBB CO,"First, for clinical trial NCT03117049 among the more effective regimen ingredients, identify which ingredient starts with the letter P.

Then, find which company has the latest FDA approval date up till Dec, 2024 for this identified ingredient. Note that we are only look for overall FDA drug approval, not new indidcation, not supplemental approvals. 
Return only the company name in format of COMPANY: name.",Applicant_Full_Name
BRISTOL-MYERS SQUIBB CO,"First, for clinical trial NCT03838159 among the more effective regimen ingredients, identify which ingredient starts with the letter P.

Then, find which company has the latest FDA approval date up till Dec, 2024 for this identified ingredient. Note that we are only look for overall FDA drug approval, not new indidcation, not supplemental approvals. 
Return only the company name in format of COMPANY: name.",Applicant_Full_Name
METHOTREXATE,"For clinical trial NCT00003013. Among the more effective regimen ingredients; find which is the ingredient with the first letter start with M
 return only the name of the ingredient or unknown in all CAPS in the format of INGREDIENT: name",Ingredient
"Jun 26, 2035","First, for clinical trial NCT00115700 among the more effective regimen ingredients, identify which ingredient starts with the letter C.

Then, for this identified ingredient that was last approved up till Dec, 2024, when is its patent expiration date?
Note that we are only look for overall FDA drug approval, not new indidcation, not supplemental approvals.
Return only the date only the year YYYY format of date: YYYY.",Patent_Expire_Date_Text
"Aug 13, 2027","First, for clinical trial NCT02288247 among the more effective regimen ingredients, identify which ingredient starts with the letter E.

Then, for this identified ingredient that was last approved up till Dec, 2024, when is its patent expiration date?
Note that we are only look for overall FDA drug approval, not new indidcation, not supplemental approvals.
Return only the date only the year YYYY format of date: YYYY.",Patent_Expire_Date_Text
PACLITAXEL,"For clinical trial NCT00003691. Among the more effective regimen ingredients; find which is the ingredient with the first letter start with P
 return only the name of the ingredient or unknown in all CAPS in the format of INGREDIENT: name",Ingredient
SUN PHARMACEUTICAL INDUSTRIES LTD,"First, for clinical trial NCT00022191 among the more effective regimen ingredients, identify which ingredient starts with the letter G.

Then, find which company has the latest FDA approval date up till Dec, 2024 for this identified ingredient. Note that we are only look for overall FDA drug approval, not new indidcation, not supplemental approvals. 
Return only the company name in format of COMPANY: name.",Applicant_Full_Name
,"For clinical trial NCT03117049 among the more effective regimen ingredients, identify which ingredient starts with the letter P.

Then, for this identified ingredient that was last approved up till Dec, 2024, when is its exclusivity date according to the FDA?
Note that we are only look for overall FDA drug approval, not new indidcation, not supplemental approvals.
If no exclusivity date exists or if it's not available, respond with 'DATE: NA'. Otherwise, return only the date in MM-DD-YYYY format of date: MM-DD-YYYY.",Exclusivity_Date
24.75,"For clinical trial NCT03838159, review the more effective regimen ingredients and identify which ingredient starts with the letter P.

Then, determine which pharmaceutical company received the most recent FDA approval (up until December 2024) for this identified ingredient.
Note that we are only look for overall FDA drug approval, not new indidcation, not supplemental approvals.

If this company is listed on any US stock market (including over-the-counter markets), provide:
1. The stock ticker symbol
2. The opening stock price on the FDA approval date

If the company is not listed on any US stock market, please indicate ""NOT LISTED"".",Open_on_Approval
"May 16, 2036","First, for clinical trial NCT00391092 among the more effective regimen ingredients, identify which ingredient starts with the letter D.

Then, for this identified ingredient that was last approved up till Dec, 2024, when is its patent expiration date?
Note that we are only look for overall FDA drug approval, not new indidcation, not supplemental approvals.
Return only the date only the year YYYY format of date: YYYY.",Patent_Expire_Date_Text
SUN PHARMACEUTICAL INDUSTRIES LTD,"First, for clinical trial NCT00032175 among the more effective regimen ingredients, identify which ingredient starts with the letter G.

Then, find which company has the latest FDA approval date up till Dec, 2024 for this identified ingredient. Note that we are only look for overall FDA drug approval, not new indidcation, not supplemental approvals. 
Return only the company name in format of COMPANY: name.",Applicant_Full_Name
,"For clinical trial NCT01168973 among the more effective regimen ingredients, identify which ingredient starts with the letter D.

Then, for this identified ingredient that was last approved up till Dec, 2024, when is its exclusivity date according to the FDA?
Note that we are only look for overall FDA drug approval, not new indidcation, not supplemental approvals.
If no exclusivity date exists or if it's not available, respond with 'DATE: NA'. Otherwise, return only the date in MM-DD-YYYY format of date: MM-DD-YYYY.",Exclusivity_Date
"Mar 26, 2035","First, for clinical trial NCT02864251 among the more effective regimen ingredients, identify which ingredient starts with the letter P.

Then, for this identified ingredient that was last approved up till Dec, 2024, when is its patent expiration date?
Note that we are only look for overall FDA drug approval, not new indidcation, not supplemental approvals.
Return only the date only the year YYYY format of date: YYYY.",Patent_Expire_Date_Text
EVEROLIMUS,"For clinical trial NCT01298713. Among the more effective regimen ingredients; find which is the ingredient with the first letter start with E
 return only the name of the ingredient or unknown in all CAPS in the format of INGREDIENT: name",Ingredient
ABBVIE INC,"First, for clinical trial NCT02755597 among the more effective regimen ingredients, identify which ingredient starts with the letter V.

Then, find which company has the latest FDA approval date up till Dec, 2024 for this identified ingredient. Note that we are only look for overall FDA drug approval, not new indidcation, not supplemental approvals. 
Return only the company name in format of COMPANY: name.",Applicant_Full_Name
"Dec 18, 2037","First, for clinical trial NCT03234972 among the more effective regimen ingredients, identify which ingredient starts with the letter D.

Then, for this identified ingredient that was last approved up till Dec, 2024, when is its patent expiration date?
Note that we are only look for overall FDA drug approval, not new indidcation, not supplemental approvals.
Return only the date only the year YYYY format of date: YYYY.",Patent_Expire_Date_Text
IBRUTINIB,"For clinical trial NCT02301156. Among the more effective regimen ingredients; find which is the ingredient with the first letter start with I
 return only the name of the ingredient or unknown in all CAPS in the format of INGREDIENT: name",Ingredient
Not_Listed,"For clinical trial NCT03425643, review the more effective regimen ingredients and identify which ingredient starts with the letter P.

Then, determine which pharmaceutical company received the most recent FDA approval (up until December 2024) for this identified ingredient.
Note that we are only look for overall FDA drug approval, not new indidcation, not supplemental approvals.

If this company is listed on any US stock market (including over-the-counter markets), provide:
1. The stock ticker symbol
2. The opening stock price on the FDA approval date

If the company is not listed on any US stock market, please indicate ""NOT LISTED"".",Open_on_Approval
ZHUHAI BEIHAI BIOTECH CO LTD,"First, for clinical trial NCT00121992 among the more effective regimen ingredients, identify which ingredient starts with the letter D.

Then, find which company has the latest FDA approval date up till Dec, 2024 for this identified ingredient. Note that we are only look for overall FDA drug approval, not new indidcation, not supplemental approvals. 
Return only the company name in format of COMPANY: name.",Applicant_Full_Name
"Jul 12, 2034","First, for clinical trial NCT03838159 among the more effective regimen ingredients, identify which ingredient starts with the letter P.

Then, for this identified ingredient that was last approved up till Dec, 2024, when is its patent expiration date?
Note that we are only look for overall FDA drug approval, not new indidcation, not supplemental approvals.
Return only the date only the year YYYY format of date: YYYY.",Patent_Expire_Date_Text
"Jan 24, 2026","First, for clinical trial NCT00005945 among the more effective regimen ingredients, identify which ingredient starts with the letter M.

Then, for this identified ingredient that was last approved up till Dec, 2024, when is its patent expiration date?
Note that we are only look for overall FDA drug approval, not new indidcation, not supplemental approvals.
Return only the date only the year YYYY format of date: YYYY.",Patent_Expire_Date_Text
,"For clinical trial NCT01193244 among the more effective regimen ingredients, identify which ingredient starts with the letter P.

Then, for this identified ingredient that was last approved up till Dec, 2024, when is its exclusivity date according to the FDA?
Note that we are only look for overall FDA drug approval, not new indidcation, not supplemental approvals.
If no exclusivity date exists or if it's not available, respond with 'DATE: NA'. Otherwise, return only the date in MM-DD-YYYY format of date: MM-DD-YYYY.",Exclusivity_Date
"Feb 16, 2031","First, for clinical trial NCT02048371 among the more effective regimen ingredients, identify which ingredient starts with the letter R.

Then, for this identified ingredient that was last approved up till Dec, 2024, when is its patent expiration date?
Note that we are only look for overall FDA drug approval, not new indidcation, not supplemental approvals.
Return only the date only the year YYYY format of date: YYYY.",Patent_Expire_Date_Text
"Jan 2, 2033","First, for clinical trial NCT00222677 among the more effective regimen ingredients, identify which ingredient starts with the letter A.

Then, for this identified ingredient that was last approved up till Dec, 2024, when is its patent expiration date?
Note that we are only look for overall FDA drug approval, not new indidcation, not supplemental approvals.
Return only the date only the year YYYY format of date: YYYY.",Patent_Expire_Date_Text
GEMCITABINE HYDROCHLORIDE,"For clinical trial NCT00022191. Among the more effective regimen ingredients; find which is the ingredient with the first letter start with G
 return only the name of the ingredient or unknown in all CAPS in the format of INGREDIENT: name",Ingredient
"Oct 3, 2026","For clinical trial NCT00006232 among the more effective regimen ingredients, identify which ingredient starts with the letter D.

Then, for this identified ingredient that was last approved up till Dec, 2024, when is its exclusivity date according to the FDA?
Note that we are only look for overall FDA drug approval, not new indidcation, not supplemental approvals.
If no exclusivity date exists or if it's not available, respond with 'DATE: NA'. Otherwise, return only the date in MM-DD-YYYY format of date: MM-DD-YYYY.",Exclusivity_Date
BRISTOL MYERS SQUIBB,"First, for clinical trial NCT00843882 among the more effective regimen ingredients, identify which ingredient starts with the letter L.

Then, find which company has the latest FDA approval date up till Dec, 2024 for this identified ingredient. Note that we are only look for overall FDA drug approval, not new indidcation, not supplemental approvals. 
Return only the company name in format of COMPANY: name.",Applicant_Full_Name
,"For clinical trial NCT00003702 among the more effective regimen ingredients, identify which ingredient starts with the letter M.

Then, for this identified ingredient that was last approved up till Dec, 2024, when is its exclusivity date according to the FDA?
Note that we are only look for overall FDA drug approval, not new indidcation, not supplemental approvals.
If no exclusivity date exists or if it's not available, respond with 'DATE: NA'. Otherwise, return only the date in MM-DD-YYYY format of date: MM-DD-YYYY.",Exclusivity_Date
IBRUTINIB,"For clinical trial NCT01973387. Among the more effective regimen ingredients; find which is the ingredient with the first letter start with I
 return only the name of the ingredient or unknown in all CAPS in the format of INGREDIENT: name",Ingredient
Not_Listed,"For clinical trial NCT00355108, review the more effective regimen ingredients and identify which ingredient starts with the letter T.

Then, determine which pharmaceutical company received the most recent FDA approval (up until December 2024) for this identified ingredient.
Note that we are only look for overall FDA drug approval, not new indidcation, not supplemental approvals.

If this company is listed on any US stock market (including over-the-counter markets), provide:
1. The stock ticker symbol
2. The opening stock price on the FDA approval date

If the company is not listed on any US stock market, please indicate ""NOT LISTED"".",Open_on_Approval
Not_Listed,"For clinical trial NCT00003013, review the more effective regimen ingredients and identify which ingredient starts with the letter M.

Then, determine which pharmaceutical company received the most recent FDA approval (up until December 2024) for this identified ingredient.
Note that we are only look for overall FDA drug approval, not new indidcation, not supplemental approvals.

If this company is listed on any US stock market (including over-the-counter markets), provide:
1. The stock ticker symbol
2. The opening stock price on the FDA approval date

If the company is not listed on any US stock market, please indicate ""NOT LISTED"".",Open_on_Approval
"Aug 13, 2027","First, for clinical trial NCT00974311 among the more effective regimen ingredients, identify which ingredient starts with the letter E.

Then, for this identified ingredient that was last approved up till Dec, 2024, when is its patent expiration date?
Note that we are only look for overall FDA drug approval, not new indidcation, not supplemental approvals.
Return only the date only the year YYYY format of date: YYYY.",Patent_Expire_Date_Text
SHILPA MEDICARE LTD,"First, for clinical trial NCT00363415 among the more effective regimen ingredients, identify which ingredient starts with the letter P.

Then, find which company has the latest FDA approval date up till Dec, 2024 for this identified ingredient. Note that we are only look for overall FDA drug approval, not new indidcation, not supplemental approvals. 
Return only the company name in format of COMPANY: name.",Applicant_Full_Name
"Mar 4, 2025","First, for clinical trial NCT00355108 among the more effective regimen ingredients, identify which ingredient starts with the letter T.

Then, for this identified ingredient that was last approved up till Dec, 2024, when is its patent expiration date?
Note that we are only look for overall FDA drug approval, not new indidcation, not supplemental approvals.
Return only the date only the year YYYY format of date: YYYY.",Patent_Expire_Date_Text
"Dec 18, 2037","First, for clinical trial NCT01850524 among the more effective regimen ingredients, identify which ingredient starts with the letter D.

Then, for this identified ingredient that was last approved up till Dec, 2024, when is its patent expiration date?
Note that we are only look for overall FDA drug approval, not new indidcation, not supplemental approvals.
Return only the date only the year YYYY format of date: YYYY.",Patent_Expire_Date_Text
DEXCEL PHARMA TECHNOLOGIES LTD,"First, for clinical trial NCT01850524 among the more effective regimen ingredients, identify which ingredient starts with the letter D.

Then, find which company has the latest FDA approval date up till Dec, 2024 for this identified ingredient. Note that we are only look for overall FDA drug approval, not new indidcation, not supplemental approvals. 
Return only the company name in format of COMPANY: name.",Applicant_Full_Name
Not_Listed,"For clinical trial NCT00333775, review the more effective regimen ingredients and identify which ingredient starts with the letter D.

Then, determine which pharmaceutical company received the most recent FDA approval (up until December 2024) for this identified ingredient.
Note that we are only look for overall FDA drug approval, not new indidcation, not supplemental approvals.

If this company is listed on any US stock market (including over-the-counter markets), provide:
1. The stock ticker symbol
2. The opening stock price on the FDA approval date

If the company is not listed on any US stock market, please indicate ""NOT LISTED"".",Open_on_Approval
SHILPA MEDICARE LTD,"First, for clinical trial NCT02864251 among the more effective regimen ingredients, identify which ingredient starts with the letter P.

Then, find which company has the latest FDA approval date up till Dec, 2024 for this identified ingredient. Note that we are only look for overall FDA drug approval, not new indidcation, not supplemental approvals. 
Return only the company name in format of COMPANY: name.",Applicant_Full_Name
ENZALUTAMIDE,"For clinical trial NCT00974311. Among the more effective regimen ingredients; find which is the ingredient with the first letter start with E
 return only the name of the ingredient or unknown in all CAPS in the format of INGREDIENT: name",Ingredient
OTTER PHARMACEUTICALS LLC,"First, for clinical trial NCT00005945 among the more effective regimen ingredients, identify which ingredient starts with the letter M.

Then, find which company has the latest FDA approval date up till Dec, 2024 for this identified ingredient. Note that we are only look for overall FDA drug approval, not new indidcation, not supplemental approvals. 
Return only the company name in format of COMPANY: name.",Applicant_Full_Name
Not_Listed,"For clinical trial NCT01296503, review the more effective regimen ingredients and identify which ingredient starts with the letter D.

Then, determine which pharmaceutical company received the most recent FDA approval (up until December 2024) for this identified ingredient.
Note that we are only look for overall FDA drug approval, not new indidcation, not supplemental approvals.

If this company is listed on any US stock market (including over-the-counter markets), provide:
1. The stock ticker symbol
2. The opening stock price on the FDA approval date

If the company is not listed on any US stock market, please indicate ""NOT LISTED"".",Open_on_Approval
METHOTREXATE,"For clinical trial NCT01345682. Among the more effective regimen ingredients; find which is the ingredient with the first letter start with M
 return only the name of the ingredient or unknown in all CAPS in the format of INGREDIENT: name",Ingredient
Not_Listed,"For clinical trial NCT01168973, review the more effective regimen ingredients and identify which ingredient starts with the letter D.

Then, determine which pharmaceutical company received the most recent FDA approval (up until December 2024) for this identified ingredient.
Note that we are only look for overall FDA drug approval, not new indidcation, not supplemental approvals.

If this company is listed on any US stock market (including over-the-counter markets), provide:
1. The stock ticker symbol
2. The opening stock price on the FDA approval date

If the company is not listed on any US stock market, please indicate ""NOT LISTED"".",Open_on_Approval
"May 16, 2036","First, for clinical trial NCT02775006 among the more effective regimen ingredients, identify which ingredient starts with the letter D.

Then, for this identified ingredient that was last approved up till Dec, 2024, when is its patent expiration date?
Note that we are only look for overall FDA drug approval, not new indidcation, not supplemental approvals.
Return only the date only the year YYYY format of date: YYYY.",Patent_Expire_Date_Text
DOCETAXEL,"For clinical trial NCT03588091. Among the more effective regimen ingredients; find which is the ingredient with the first letter start with D
 return only the name of the ingredient or unknown in all CAPS in the format of INGREDIENT: name",Ingredient
"Nov 17, 2026","For clinical trial NCT00974311 among the more effective regimen ingredients, identify which ingredient starts with the letter E.

Then, for this identified ingredient that was last approved up till Dec, 2024, when is its exclusivity date according to the FDA?
Note that we are only look for overall FDA drug approval, not new indidcation, not supplemental approvals.
If no exclusivity date exists or if it's not available, respond with 'DATE: NA'. Otherwise, return only the date in MM-DD-YYYY format of date: MM-DD-YYYY.",Exclusivity_Date
ASPIRIN; OMEPRAZOLE,"For clinical trial NCT00222677. Among the more effective regimen ingredients; find which is the ingredient with the first letter start with A
 return only the name of the ingredient or unknown in all CAPS in the format of INGREDIENT: name",Ingredient
CARFILZOMIB,"For clinical trial NCT02203643. Among the more effective regimen ingredients; find which is the ingredient with the first letter start with C
 return only the name of the ingredient or unknown in all CAPS in the format of INGREDIENT: name",Ingredient
"Jul 12, 2034","First, for clinical trial NCT00003691 among the more effective regimen ingredients, identify which ingredient starts with the letter P.

Then, for this identified ingredient that was last approved up till Dec, 2024, when is its patent expiration date?
Note that we are only look for overall FDA drug approval, not new indidcation, not supplemental approvals.
Return only the date only the year YYYY format of date: YYYY.",Patent_Expire_Date_Text
ONYX PHARMACEUTICALS INC A WHOLLY OWNED SUB OF AMGEN INC,"First, for clinical trial NCT02203643 among the more effective regimen ingredients, identify which ingredient starts with the letter C.

Then, find which company has the latest FDA approval date up till Dec, 2024 for this identified ingredient. Note that we are only look for overall FDA drug approval, not new indidcation, not supplemental approvals. 
Return only the company name in format of COMPANY: name.",Applicant_Full_Name
,"For clinical trial NCT00003934 among the more effective regimen ingredients, identify which ingredient starts with the letter M.

Then, for this identified ingredient that was last approved up till Dec, 2024, when is its exclusivity date according to the FDA?
Note that we are only look for overall FDA drug approval, not new indidcation, not supplemental approvals.
If no exclusivity date exists or if it's not available, respond with 'DATE: NA'. Otherwise, return only the date in MM-DD-YYYY format of date: MM-DD-YYYY.",Exclusivity_Date
"Dec 18, 2037","First, for clinical trial NCT01296503 among the more effective regimen ingredients, identify which ingredient starts with the letter D.

Then, for this identified ingredient that was last approved up till Dec, 2024, when is its patent expiration date?
Note that we are only look for overall FDA drug approval, not new indidcation, not supplemental approvals.
Return only the date only the year YYYY format of date: YYYY.",Patent_Expire_Date_Text
,"For clinical trial NCT02864251 among the more effective regimen ingredients, identify which ingredient starts with the letter P.

Then, for this identified ingredient that was last approved up till Dec, 2024, when is its exclusivity date according to the FDA?
Note that we are only look for overall FDA drug approval, not new indidcation, not supplemental approvals.
If no exclusivity date exists or if it's not available, respond with 'DATE: NA'. Otherwise, return only the date in MM-DD-YYYY format of date: MM-DD-YYYY.",Exclusivity_Date
EUGIA PHARMA SPECIALITIES LTD,"First, for clinical trial NCT00115700 among the more effective regimen ingredients, identify which ingredient starts with the letter C.

Then, find which company has the latest FDA approval date up till Dec, 2024 for this identified ingredient. Note that we are only look for overall FDA drug approval, not new indidcation, not supplemental approvals. 
Return only the company name in format of COMPANY: name.",Applicant_Full_Name
"May 16, 2036","First, for clinical trial NCT00333775 among the more effective regimen ingredients, identify which ingredient starts with the letter D.

Then, for this identified ingredient that was last approved up till Dec, 2024, when is its patent expiration date?
Note that we are only look for overall FDA drug approval, not new indidcation, not supplemental approvals.
Return only the date only the year YYYY format of date: YYYY.",Patent_Expire_Date_Text
LENALIDOMIDE,"For clinical trial NCT00843882. Among the more effective regimen ingredients; find which is the ingredient with the first letter start with L
 return only the name of the ingredient or unknown in all CAPS in the format of INGREDIENT: name",Ingredient
HORIZON THERAPEUTICS USA INC,"First, for clinical trial NCT01193244 among the more effective regimen ingredients, identify which ingredient starts with the letter P.

Then, find which company has the latest FDA approval date up till Dec, 2024 for this identified ingredient. Note that we are only look for overall FDA drug approval, not new indidcation, not supplemental approvals. 
Return only the company name in format of COMPANY: name.",Applicant_Full_Name
DEXAMETHASONE,"For clinical trial NCT00012051. Among the more effective regimen ingredients; find which is the ingredient with the first letter start with D
 return only the name of the ingredient or unknown in all CAPS in the format of INGREDIENT: name",Ingredient
"Jul 12, 2034","First, for clinical trial NCT03117049 among the more effective regimen ingredients, identify which ingredient starts with the letter P.

Then, for this identified ingredient that was last approved up till Dec, 2024, when is its patent expiration date?
Note that we are only look for overall FDA drug approval, not new indidcation, not supplemental approvals.
Return only the date only the year YYYY format of date: YYYY.",Patent_Expire_Date_Text
46.72999954223633,"For clinical trial NCT00843882, review the more effective regimen ingredients and identify which ingredient starts with the letter L.

Then, determine which pharmaceutical company received the most recent FDA approval (up until December 2024) for this identified ingredient.
Note that we are only look for overall FDA drug approval, not new indidcation, not supplemental approvals.

If this company is listed on any US stock market (including over-the-counter markets), provide:
1. The stock ticker symbol
2. The opening stock price on the FDA approval date

If the company is not listed on any US stock market, please indicate ""NOT LISTED"".",Open_on_Approval
LENALIDOMIDE,"For clinical trial NCT01122472. Among the more effective regimen ingredients; find which is the ingredient with the first letter start with L
 return only the name of the ingredient or unknown in all CAPS in the format of INGREDIENT: name",Ingredient
OTTER PHARMACEUTICALS LLC,"First, for clinical trial NCT01856478 among the more effective regimen ingredients, identify which ingredient starts with the letter M.

Then, find which company has the latest FDA approval date up till Dec, 2024 for this identified ingredient. Note that we are only look for overall FDA drug approval, not new indidcation, not supplemental approvals. 
Return only the company name in format of COMPANY: name.",Applicant_Full_Name
"Dec 3, 2031","First, for clinical trial NCT02301156 among the more effective regimen ingredients, identify which ingredient starts with the letter I.

Then, for this identified ingredient that was last approved up till Dec, 2024, when is its patent expiration date?
Note that we are only look for overall FDA drug approval, not new indidcation, not supplemental approvals.
Return only the date only the year YYYY format of date: YYYY.",Patent_Expire_Date_Text
,"For clinical trial NCT00003691 among the more effective regimen ingredients, identify which ingredient starts with the letter P.

Then, for this identified ingredient that was last approved up till Dec, 2024, when is its exclusivity date according to the FDA?
Note that we are only look for overall FDA drug approval, not new indidcation, not supplemental approvals.
If no exclusivity date exists or if it's not available, respond with 'DATE: NA'. Otherwise, return only the date in MM-DD-YYYY format of date: MM-DD-YYYY.",Exclusivity_Date
"Aug 24, 2029","For clinical trial NCT02301156 among the more effective regimen ingredients, identify which ingredient starts with the letter I.

Then, for this identified ingredient that was last approved up till Dec, 2024, when is its exclusivity date according to the FDA?
Note that we are only look for overall FDA drug approval, not new indidcation, not supplemental approvals.
If no exclusivity date exists or if it's not available, respond with 'DATE: NA'. Otherwise, return only the date in MM-DD-YYYY format of date: MM-DD-YYYY.",Exclusivity_Date
Not_Listed,"For clinical trial NCT01850524, review the more effective regimen ingredients and identify which ingredient starts with the letter D.

Then, determine which pharmaceutical company received the most recent FDA approval (up until December 2024) for this identified ingredient.
Note that we are only look for overall FDA drug approval, not new indidcation, not supplemental approvals.

If this company is listed on any US stock market (including over-the-counter markets), provide:
1. The stock ticker symbol
2. The opening stock price on the FDA approval date

If the company is not listed on any US stock market, please indicate ""NOT LISTED"".",Open_on_Approval
Not_Listed,"For clinical trial NCT00005945, review the more effective regimen ingredients and identify which ingredient starts with the letter M.

Then, determine which pharmaceutical company received the most recent FDA approval (up until December 2024) for this identified ingredient.
Note that we are only look for overall FDA drug approval, not new indidcation, not supplemental approvals.

If this company is listed on any US stock market (including over-the-counter markets), provide:
1. The stock ticker symbol
2. The opening stock price on the FDA approval date

If the company is not listed on any US stock market, please indicate ""NOT LISTED"".",Open_on_Approval
ZHUHAI BEIHAI BIOTECH CO LTD,"First, for clinical trial NCT00333775 among the more effective regimen ingredients, identify which ingredient starts with the letter D.

Then, find which company has the latest FDA approval date up till Dec, 2024 for this identified ingredient. Note that we are only look for overall FDA drug approval, not new indidcation, not supplemental approvals. 
Return only the company name in format of COMPANY: name.",Applicant_Full_Name
"May 16, 2036","First, for clinical trial NCT00121992 among the more effective regimen ingredients, identify which ingredient starts with the letter D.

Then, for this identified ingredient that was last approved up till Dec, 2024, when is its patent expiration date?
Note that we are only look for overall FDA drug approval, not new indidcation, not supplemental approvals.
Return only the date only the year YYYY format of date: YYYY.",Patent_Expire_Date_Text
"Jul 1, 2033","First, for clinical trial NCT00022191 among the more effective regimen ingredients, identify which ingredient starts with the letter G.

Then, for this identified ingredient that was last approved up till Dec, 2024, when is its patent expiration date?
Note that we are only look for overall FDA drug approval, not new indidcation, not supplemental approvals.
Return only the date only the year YYYY format of date: YYYY.",Patent_Expire_Date_Text
"May 16, 2036","First, for clinical trial NCT03588091 among the more effective regimen ingredients, identify which ingredient starts with the letter D.

Then, for this identified ingredient that was last approved up till Dec, 2024, when is its patent expiration date?
Note that we are only look for overall FDA drug approval, not new indidcation, not supplemental approvals.
Return only the date only the year YYYY format of date: YYYY.",Patent_Expire_Date_Text
21.915000915527344,"For clinical trial NCT02048371, review the more effective regimen ingredients and identify which ingredient starts with the letter R.

Then, determine which pharmaceutical company received the most recent FDA approval (up until December 2024) for this identified ingredient.
Note that we are only look for overall FDA drug approval, not new indidcation, not supplemental approvals.

If this company is listed on any US stock market (including over-the-counter markets), provide:
1. The stock ticker symbol
2. The opening stock price on the FDA approval date

If the company is not listed on any US stock market, please indicate ""NOT LISTED"".",Open_on_Approval
ASTELLAS PHARMA US INC,"First, for clinical trial NCT02288247 among the more effective regimen ingredients, identify which ingredient starts with the letter E.

Then, find which company has the latest FDA approval date up till Dec, 2024 for this identified ingredient. Note that we are only look for overall FDA drug approval, not new indidcation, not supplemental approvals. 
Return only the company name in format of COMPANY: name.",Applicant_Full_Name
JANSSEN BIOTECH INC,"For clinical trial NCT03009981. Among the more effective regimen ingredients; find which is the ingredient with the first letter start with AP.

Then, find which company has the latest FDA approval date up till Dec, 2024 for this identified ingredient. Note that we are only look for overall FDA drug approval, not new indidcation, not supplemental approvals. 
Return only the company name in format of COMPANY: name.",Applicant_Full_Name
"Oct 3, 2026","For clinical trial NCT00344526 among the more effective regimen ingredients, identify which ingredient starts with the letter D.

Then, for this identified ingredient that was last approved up till Dec, 2024, when is its exclusivity date according to the FDA?
Note that we are only look for overall FDA drug approval, not new indidcation, not supplemental approvals.
If no exclusivity date exists or if it's not available, respond with 'DATE: NA'. Otherwise, return only the date in MM-DD-YYYY format of date: MM-DD-YYYY.",Exclusivity_Date
"Jan 24, 2026","First, for clinical trial NCT01856478 among the more effective regimen ingredients, identify which ingredient starts with the letter M.

Then, for this identified ingredient that was last approved up till Dec, 2024, when is its patent expiration date?
Note that we are only look for overall FDA drug approval, not new indidcation, not supplemental approvals.
Return only the date only the year YYYY format of date: YYYY.",Patent_Expire_Date_Text
157.02000427246094,"For clinical trial NCT03009981. Among the more effective regimen ingredients; find which is the ingredient with the first letter start with AP.

Then, determine which pharmaceutical company received the most recent FDA approval (up until December 2024) for this identified ingredient.
Note that we are only look for overall FDA drug approval, not new indidcation, not supplemental approvals.

If this company is listed on any US stock market (including over-the-counter markets), provide:
1. The stock ticker symbol
2. The opening stock price on the FDA approval date

If the company is not listed on any US stock market, please indicate ""NOT LISTED"".",Open_on_Approval
"Apr 27, 2027","First, for clinical trial NCT01122472 among the more effective regimen ingredients, identify which ingredient starts with the letter L.

Then, for this identified ingredient that was last approved up till Dec, 2024, when is its patent expiration date?
Note that we are only look for overall FDA drug approval, not new indidcation, not supplemental approvals.
Return only the date only the year YYYY format of date: YYYY.",Patent_Expire_Date_Text
Not_Listed,"For clinical trial NCT02301156, review the more effective regimen ingredients and identify which ingredient starts with the letter I.

Then, determine which pharmaceutical company received the most recent FDA approval (up until December 2024) for this identified ingredient.
Note that we are only look for overall FDA drug approval, not new indidcation, not supplemental approvals.

If this company is listed on any US stock market (including over-the-counter markets), provide:
1. The stock ticker symbol
2. The opening stock price on the FDA approval date

If the company is not listed on any US stock market, please indicate ""NOT LISTED"".",Open_on_Approval
GEMCITABINE HYDROCHLORIDE,"For clinical trial NCT00032175. Among the more effective regimen ingredients; find which is the ingredient with the first letter start with G
 return only the name of the ingredient or unknown in all CAPS in the format of INGREDIENT: name",Ingredient
ZHUHAI BEIHAI BIOTECH CO LTD,"First, for clinical trial NCT00091442 among the more effective regimen ingredients, identify which ingredient starts with the letter D.

Then, find which company has the latest FDA approval date up till Dec, 2024 for this identified ingredient. Note that we are only look for overall FDA drug approval, not new indidcation, not supplemental approvals. 
Return only the company name in format of COMPANY: name.",Applicant_Full_Name
Not_Listed,"For clinical trial NCT00424606, review the more effective regimen ingredients and identify which ingredient starts with the letter D.

Then, determine which pharmaceutical company received the most recent FDA approval (up until December 2024) for this identified ingredient.
Note that we are only look for overall FDA drug approval, not new indidcation, not supplemental approvals.

If this company is listed on any US stock market (including over-the-counter markets), provide:
1. The stock ticker symbol
2. The opening stock price on the FDA approval date

If the company is not listed on any US stock market, please indicate ""NOT LISTED"".",Open_on_Approval
ENZALUTAMIDE,"For clinical trial NCT01949337. Among the more effective regimen ingredients; find which is the ingredient with the first letter start with E
 return only the name of the ingredient or unknown in all CAPS in the format of INGREDIENT: name",Ingredient
Not_Listed,"For clinical trial NCT00003934, review the more effective regimen ingredients and identify which ingredient starts with the letter M.

Then, determine which pharmaceutical company received the most recent FDA approval (up until December 2024) for this identified ingredient.
Note that we are only look for overall FDA drug approval, not new indidcation, not supplemental approvals.

If this company is listed on any US stock market (including over-the-counter markets), provide:
1. The stock ticker symbol
2. The opening stock price on the FDA approval date

If the company is not listed on any US stock market, please indicate ""NOT LISTED"".",Open_on_Approval
Not_Listed,"For clinical trial NCT01193244, review the more effective regimen ingredients and identify which ingredient starts with the letter P.

Then, determine which pharmaceutical company received the most recent FDA approval (up until December 2024) for this identified ingredient.
Note that we are only look for overall FDA drug approval, not new indidcation, not supplemental approvals.

If this company is listed on any US stock market (including over-the-counter markets), provide:
1. The stock ticker symbol
2. The opening stock price on the FDA approval date

If the company is not listed on any US stock market, please indicate ""NOT LISTED"".",Open_on_Approval
"Mar 26, 2035","First, for clinical trial NCT00363415 among the more effective regimen ingredients, identify which ingredient starts with the letter P.

Then, for this identified ingredient that was last approved up till Dec, 2024, when is its patent expiration date?
Note that we are only look for overall FDA drug approval, not new indidcation, not supplemental approvals.
Return only the date only the year YYYY format of date: YYYY.",Patent_Expire_Date_Text
DEXCEL PHARMA TECHNOLOGIES LTD,"First, for clinical trial NCT00012051 among the more effective regimen ingredients, identify which ingredient starts with the letter D.

Then, find which company has the latest FDA approval date up till Dec, 2024 for this identified ingredient. Note that we are only look for overall FDA drug approval, not new indidcation, not supplemental approvals. 
Return only the company name in format of COMPANY: name.",Applicant_Full_Name
,"For clinical trial NCT02775006 among the more effective regimen ingredients, identify which ingredient starts with the letter D.

Then, for this identified ingredient that was last approved up till Dec, 2024, when is its exclusivity date according to the FDA?
Note that we are only look for overall FDA drug approval, not new indidcation, not supplemental approvals.
If no exclusivity date exists or if it's not available, respond with 'DATE: NA'. Otherwise, return only the date in MM-DD-YYYY format of date: MM-DD-YYYY.",Exclusivity_Date
DEXCEL PHARMA TECHNOLOGIES LTD,"First, for clinical trial NCT03234972 among the more effective regimen ingredients, identify which ingredient starts with the letter D.

Then, find which company has the latest FDA approval date up till Dec, 2024 for this identified ingredient. Note that we are only look for overall FDA drug approval, not new indidcation, not supplemental approvals. 
Return only the company name in format of COMPANY: name.",Applicant_Full_Name
MECHLORETHAMINE HYDROCHLORIDE,"For clinical trial NCT00379041. Among the more effective regimen ingredients; find which is the ingredient with the first letter start with M
 return only the name of the ingredient or unknown in all CAPS in the format of INGREDIENT: name",Ingredient
OTTER PHARMACEUTICALS LLC,"First, for clinical trial NCT00003702 among the more effective regimen ingredients, identify which ingredient starts with the letter M.

Then, find which company has the latest FDA approval date up till Dec, 2024 for this identified ingredient. Note that we are only look for overall FDA drug approval, not new indidcation, not supplemental approvals. 
Return only the company name in format of COMPANY: name.",Applicant_Full_Name
PEMETREXED DISODIUM,"For clinical trial NCT00363415. Among the more effective regimen ingredients; find which is the ingredient with the first letter start with P
 return only the name of the ingredient or unknown in all CAPS in the format of INGREDIENT: name",Ingredient
,"For clinical trial NCT00091442 among the more effective regimen ingredients, identify which ingredient starts with the letter D.

Then, for this identified ingredient that was last approved up till Dec, 2024, when is its exclusivity date according to the FDA?
Note that we are only look for overall FDA drug approval, not new indidcation, not supplemental approvals.
If no exclusivity date exists or if it's not available, respond with 'DATE: NA'. Otherwise, return only the date in MM-DD-YYYY format of date: MM-DD-YYYY.",Exclusivity_Date
AADI SUBSIDIARY INC,"First, for clinical trial NCT01231412 among the more effective regimen ingredients, identify which ingredient starts with the letter S.

Then, find which company has the latest FDA approval date up till Dec, 2024 for this identified ingredient. Note that we are only look for overall FDA drug approval, not new indidcation, not supplemental approvals. 
Return only the company name in format of COMPANY: name.",Applicant_Full_Name
,"For clinical trial NCT03425643 among the more effective regimen ingredients, identify which ingredient starts with the letter P.

Then, for this identified ingredient that was last approved up till Dec, 2024, when is its exclusivity date according to the FDA?
Note that we are only look for overall FDA drug approval, not new indidcation, not supplemental approvals.
If no exclusivity date exists or if it's not available, respond with 'DATE: NA'. Otherwise, return only the date in MM-DD-YYYY format of date: MM-DD-YYYY.",Exclusivity_Date
15.989999771118164,"For clinical trial NCT01949337, review the more effective regimen ingredients and identify which ingredient starts with the letter E.

Then, determine which pharmaceutical company received the most recent FDA approval (up until December 2024) for this identified ingredient.
Note that we are only look for overall FDA drug approval, not new indidcation, not supplemental approvals.

If this company is listed on any US stock market (including over-the-counter markets), provide:
1. The stock ticker symbol
2. The opening stock price on the FDA approval date

If the company is not listed on any US stock market, please indicate ""NOT LISTED"".",Open_on_Approval
DEXCEL PHARMA TECHNOLOGIES LTD,"First, for clinical trial NCT00344526 among the more effective regimen ingredients, identify which ingredient starts with the letter D.

Then, find which company has the latest FDA approval date up till Dec, 2024 for this identified ingredient. Note that we are only look for overall FDA drug approval, not new indidcation, not supplemental approvals. 
Return only the company name in format of COMPANY: name.",Applicant_Full_Name
,"For clinical trial NCT00026338 among the more effective regimen ingredients, identify which ingredient starts with the letter G.

Then, for this identified ingredient that was last approved up till Dec, 2024, when is its exclusivity date according to the FDA?
Note that we are only look for overall FDA drug approval, not new indidcation, not supplemental approvals.
If no exclusivity date exists or if it's not available, respond with 'DATE: NA'. Otherwise, return only the date in MM-DD-YYYY format of date: MM-DD-YYYY.",Exclusivity_Date
KARYOPHARM THERAPEUTICS INC,"First, for clinical trial NCT03110562 among the more effective regimen ingredients, identify which ingredient starts with the letter S.

Then, find which company has the latest FDA approval date up till Dec, 2024 for this identified ingredient. Note that we are only look for overall FDA drug approval, not new indidcation, not supplemental approvals. 
Return only the company name in format of COMPANY: name.",Applicant_Full_Name
"Jan 24, 2026","First, for clinical trial NCT00003702 among the more effective regimen ingredients, identify which ingredient starts with the letter M.

Then, for this identified ingredient that was last approved up till Dec, 2024, when is its patent expiration date?
Note that we are only look for overall FDA drug approval, not new indidcation, not supplemental approvals.
Return only the date only the year YYYY format of date: YYYY.",Patent_Expire_Date_Text
HELSINN BIREX PHARMACEUTICALS LTD,"First, for clinical trial NCT00379041 among the more effective regimen ingredients, identify which ingredient starts with the letter M.

Then, find which company has the latest FDA approval date up till Dec, 2024 for this identified ingredient. Note that we are only look for overall FDA drug approval, not new indidcation, not supplemental approvals. 
Return only the company name in format of COMPANY: name.",Applicant_Full_Name
,"For clinical trial NCT03838159 among the more effective regimen ingredients, identify which ingredient starts with the letter P.

Then, for this identified ingredient that was last approved up till Dec, 2024, when is its exclusivity date according to the FDA?
Note that we are only look for overall FDA drug approval, not new indidcation, not supplemental approvals.
If no exclusivity date exists or if it's not available, respond with 'DATE: NA'. Otherwise, return only the date in MM-DD-YYYY format of date: MM-DD-YYYY.",Exclusivity_Date
CRIZOTINIB,"For clinical trial NCT02838420. Among the more effective regimen ingredients; find which is the ingredient with the first letter start with C
 return only the name of the ingredient or unknown in all CAPS in the format of INGREDIENT: name",Ingredient
"Jul 12, 2034","First, for clinical trial NCT00003643 among the more effective regimen ingredients, identify which ingredient starts with the letter P.

Then, for this identified ingredient that was last approved up till Dec, 2024, when is its patent expiration date?
Note that we are only look for overall FDA drug approval, not new indidcation, not supplemental approvals.
Return only the date only the year YYYY format of date: YYYY.",Patent_Expire_Date_Text
ENZALUTAMIDE,"For clinical trial NCT02288247. Among the more effective regimen ingredients; find which is the ingredient with the first letter start with E
 return only the name of the ingredient or unknown in all CAPS in the format of INGREDIENT: name",Ingredient
"Mar 27, 2027","For clinical trial NCT03009981. Among the more effective regimen ingredients; find which is the ingredient with the first letter start with AP.

Then, for this identified ingredient that was last approved up till Dec, 2024, when is its patent expiration date?
Note that we are only look for overall FDA drug approval, not new indidcation, not supplemental approvals.
Return only the date only the year YYYY format of date: YYYY.",Patent_Expire_Date_Text
"Dec 18, 2037","First, for clinical trial NCT00012051 among the more effective regimen ingredients, identify which ingredient starts with the letter D.

Then, for this identified ingredient that was last approved up till Dec, 2024, when is its patent expiration date?
Note that we are only look for overall FDA drug approval, not new indidcation, not supplemental approvals.
Return only the date only the year YYYY format of date: YYYY.",Patent_Expire_Date_Text
BRISTOL-MYERS SQUIBB CO,"First, for clinical trial NCT00003643 among the more effective regimen ingredients, identify which ingredient starts with the letter P.

Then, find which company has the latest FDA approval date up till Dec, 2024 for this identified ingredient. Note that we are only look for overall FDA drug approval, not new indidcation, not supplemental approvals. 
Return only the company name in format of COMPANY: name.",Applicant_Full_Name
BRISTOL-MYERS SQUIBB CO,"First, for clinical trial NCT00003691 among the more effective regimen ingredients, identify which ingredient starts with the letter P.

Then, find which company has the latest FDA approval date up till Dec, 2024 for this identified ingredient. Note that we are only look for overall FDA drug approval, not new indidcation, not supplemental approvals. 
Return only the company name in format of COMPANY: name.",Applicant_Full_Name
PACLITAXEL,"For clinical trial NCT00003643. Among the more effective regimen ingredients; find which is the ingredient with the first letter start with P
 return only the name of the ingredient or unknown in all CAPS in the format of INGREDIENT: name",Ingredient
Not_Listed,"For clinical trial NCT00004001, review the more effective regimen ingredients and identify which ingredient starts with the letter P.

Then, determine which pharmaceutical company received the most recent FDA approval (up until December 2024) for this identified ingredient.
Note that we are only look for overall FDA drug approval, not new indidcation, not supplemental approvals.

If this company is listed on any US stock market (including over-the-counter markets), provide:
1. The stock ticker symbol
2. The opening stock price on the FDA approval date

If the company is not listed on any US stock market, please indicate ""NOT LISTED"".",Open_on_Approval
"May 14, 2029","First, for clinical trial NCT01720225 among the more effective regimen ingredients, identify which ingredient starts with the letter A.

Then, for this identified ingredient that was last approved up till Dec, 2024, when is its patent expiration date?
Note that we are only look for overall FDA drug approval, not new indidcation, not supplemental approvals.
Return only the date only the year YYYY format of date: YYYY.",Patent_Expire_Date_Text
Not_Listed,"For clinical trial NCT00391092, review the more effective regimen ingredients and identify which ingredient starts with the letter D.

Then, determine which pharmaceutical company received the most recent FDA approval (up until December 2024) for this identified ingredient.
Note that we are only look for overall FDA drug approval, not new indidcation, not supplemental approvals.

If this company is listed on any US stock market (including over-the-counter markets), provide:
1. The stock ticker symbol
2. The opening stock price on the FDA approval date

If the company is not listed on any US stock market, please indicate ""NOT LISTED"".",Open_on_Approval
SIROLIMUS,"For clinical trial NCT01231412. Among the more effective regimen ingredients; find which is the ingredient with the first letter start with S
 return only the name of the ingredient or unknown in all CAPS in the format of INGREDIENT: name",Ingredient
BRISTOL MYERS SQUIBB CO,"First, for clinical trial NCT01720225 among the more effective regimen ingredients, identify which ingredient starts with the letter A.

Then, find which company has the latest FDA approval date up till Dec, 2024 for this identified ingredient. Note that we are only look for overall FDA drug approval, not new indidcation, not supplemental approvals. 
Return only the company name in format of COMPANY: name.",Applicant_Full_Name
SHILPA MEDICARE LTD,"First, for clinical trial NCT00806819 among the more effective regimen ingredients, identify which ingredient starts with the letter P.

Then, find which company has the latest FDA approval date up till Dec, 2024 for this identified ingredient. Note that we are only look for overall FDA drug approval, not new indidcation, not supplemental approvals. 
Return only the company name in format of COMPANY: name.",Applicant_Full_Name
Not_Listed,"For clinical trial NCT01564537, review the more effective regimen ingredients and identify which ingredient starts with the letter D.

Then, determine which pharmaceutical company received the most recent FDA approval (up until December 2024) for this identified ingredient.
Note that we are only look for overall FDA drug approval, not new indidcation, not supplemental approvals.

If this company is listed on any US stock market (including over-the-counter markets), provide:
1. The stock ticker symbol
2. The opening stock price on the FDA approval date

If the company is not listed on any US stock market, please indicate ""NOT LISTED"".",Open_on_Approval
"May 14, 2029","First, for clinical trial NCT00071799 among the more effective regimen ingredients, identify which ingredient starts with the letter A.

Then, for this identified ingredient that was last approved up till Dec, 2024, when is its patent expiration date?
Note that we are only look for overall FDA drug approval, not new indidcation, not supplemental approvals.
Return only the date only the year YYYY format of date: YYYY.",Patent_Expire_Date_Text
PHARMACYCLICS LLC,"First, for clinical trial NCT02301156 among the more effective regimen ingredients, identify which ingredient starts with the letter I.

Then, find which company has the latest FDA approval date up till Dec, 2024 for this identified ingredient. Note that we are only look for overall FDA drug approval, not new indidcation, not supplemental approvals. 
Return only the company name in format of COMPANY: name.",Applicant_Full_Name
PREDNISONE,"For clinical trial NCT01193244. Among the more effective regimen ingredients; find which is the ingredient with the first letter start with P
 return only the name of the ingredient or unknown in all CAPS in the format of INGREDIENT: name",Ingredient
"Apr 27, 2027","First, for clinical trial NCT00843882 among the more effective regimen ingredients, identify which ingredient starts with the letter L.

Then, for this identified ingredient that was last approved up till Dec, 2024, when is its patent expiration date?
Note that we are only look for overall FDA drug approval, not new indidcation, not supplemental approvals.
Return only the date only the year YYYY format of date: YYYY.",Patent_Expire_Date_Text
Not_Listed,"For clinical trial NCT00363415, review the more effective regimen ingredients and identify which ingredient starts with the letter P.

Then, determine which pharmaceutical company received the most recent FDA approval (up until December 2024) for this identified ingredient.
Note that we are only look for overall FDA drug approval, not new indidcation, not supplemental approvals.

If this company is listed on any US stock market (including over-the-counter markets), provide:
1. The stock ticker symbol
2. The opening stock price on the FDA approval date

If the company is not listed on any US stock market, please indicate ""NOT LISTED"".",Open_on_Approval
"Aug 13, 2027","First, for clinical trial NCT02294461 among the more effective regimen ingredients, identify which ingredient starts with the letter E.

Then, for this identified ingredient that was last approved up till Dec, 2024, when is its patent expiration date?
Note that we are only look for overall FDA drug approval, not new indidcation, not supplemental approvals.
Return only the date only the year YYYY format of date: YYYY.",Patent_Expire_Date_Text
DOCETAXEL,"For clinical trial NCT01168973. Among the more effective regimen ingredients; find which is the ingredient with the first letter start with D
 return only the name of the ingredient or unknown in all CAPS in the format of INGREDIENT: name",Ingredient
METHOTREXATE,"For clinical trial NCT00003934. Among the more effective regimen ingredients; find which is the ingredient with the first letter start with M
 return only the name of the ingredient or unknown in all CAPS in the format of INGREDIENT: name",Ingredient
GEMCITABINE HYDROCHLORIDE,"For clinical trial NCT00026338. Among the more effective regimen ingredients; find which is the ingredient with the first letter start with G
 return only the name of the ingredient or unknown in all CAPS in the format of INGREDIENT: name",Ingredient
,"For clinical trial NCT00333775 among the more effective regimen ingredients, identify which ingredient starts with the letter D.

Then, for this identified ingredient that was last approved up till Dec, 2024, when is its exclusivity date according to the FDA?
Note that we are only look for overall FDA drug approval, not new indidcation, not supplemental approvals.
If no exclusivity date exists or if it's not available, respond with 'DATE: NA'. Otherwise, return only the date in MM-DD-YYYY format of date: MM-DD-YYYY.",Exclusivity_Date
"Oct 3, 2026","For clinical trial NCT01850524 among the more effective regimen ingredients, identify which ingredient starts with the letter D.

Then, for this identified ingredient that was last approved up till Dec, 2024, when is its exclusivity date according to the FDA?
Note that we are only look for overall FDA drug approval, not new indidcation, not supplemental approvals.
If no exclusivity date exists or if it's not available, respond with 'DATE: NA'. Otherwise, return only the date in MM-DD-YYYY format of date: MM-DD-YYYY.",Exclusivity_Date
Not_Listed,"For clinical trial NCT00344526, review the more effective regimen ingredients and identify which ingredient starts with the letter D.

Then, determine which pharmaceutical company received the most recent FDA approval (up until December 2024) for this identified ingredient.
Note that we are only look for overall FDA drug approval, not new indidcation, not supplemental approvals.

If this company is listed on any US stock market (including over-the-counter markets), provide:
1. The stock ticker symbol
2. The opening stock price on the FDA approval date

If the company is not listed on any US stock market, please indicate ""NOT LISTED"".",Open_on_Approval
METHOTREXATE,"For clinical trial NCT00003702. Among the more effective regimen ingredients; find which is the ingredient with the first letter start with M
 return only the name of the ingredient or unknown in all CAPS in the format of INGREDIENT: name",Ingredient
"Jul 12, 2034","First, for clinical trial NCT02162719 among the more effective regimen ingredients, identify which ingredient starts with the letter P.

Then, for this identified ingredient that was last approved up till Dec, 2024, when is its patent expiration date?
Note that we are only look for overall FDA drug approval, not new indidcation, not supplemental approvals.
Return only the date only the year YYYY format of date: YYYY.",Patent_Expire_Date_Text
SHILPA MEDICARE LTD,"First, for clinical trial NCT03425643 among the more effective regimen ingredients, identify which ingredient starts with the letter P.

Then, find which company has the latest FDA approval date up till Dec, 2024 for this identified ingredient. Note that we are only look for overall FDA drug approval, not new indidcation, not supplemental approvals. 
Return only the company name in format of COMPANY: name.",Applicant_Full_Name
Not_Listed,"For clinical trial NCT02203643, review the more effective regimen ingredients and identify which ingredient starts with the letter C.

Then, determine which pharmaceutical company received the most recent FDA approval (up until December 2024) for this identified ingredient.
Note that we are only look for overall FDA drug approval, not new indidcation, not supplemental approvals.

If this company is listed on any US stock market (including over-the-counter markets), provide:
1. The stock ticker symbol
2. The opening stock price on the FDA approval date

If the company is not listed on any US stock market, please indicate ""NOT LISTED"".",Open_on_Approval
,"For clinical trial NCT00363415 among the more effective regimen ingredients, identify which ingredient starts with the letter P.

Then, for this identified ingredient that was last approved up till Dec, 2024, when is its exclusivity date according to the FDA?
Note that we are only look for overall FDA drug approval, not new indidcation, not supplemental approvals.
If no exclusivity date exists or if it's not available, respond with 'DATE: NA'. Otherwise, return only the date in MM-DD-YYYY format of date: MM-DD-YYYY.",Exclusivity_Date
"Jul 14, 2025","For clinical trial NCT02838420 among the more effective regimen ingredients, identify which ingredient starts with the letter C.

Then, for this identified ingredient that was last approved up till Dec, 2024, when is its exclusivity date according to the FDA?
Note that we are only look for overall FDA drug approval, not new indidcation, not supplemental approvals.
If no exclusivity date exists or if it's not available, respond with 'DATE: NA'. Otherwise, return only the date in MM-DD-YYYY format of date: MM-DD-YYYY.",Exclusivity_Date
"Dec 3, 2031","First, for clinical trial NCT01973387 among the more effective regimen ingredients, identify which ingredient starts with the letter I.

Then, for this identified ingredient that was last approved up till Dec, 2024, when is its patent expiration date?
Note that we are only look for overall FDA drug approval, not new indidcation, not supplemental approvals.
Return only the date only the year YYYY format of date: YYYY.",Patent_Expire_Date_Text
,"For clinical trial NCT01345682 among the more effective regimen ingredients, identify which ingredient starts with the letter M.

Then, for this identified ingredient that was last approved up till Dec, 2024, when is its exclusivity date according to the FDA?
Note that we are only look for overall FDA drug approval, not new indidcation, not supplemental approvals.
If no exclusivity date exists or if it's not available, respond with 'DATE: NA'. Otherwise, return only the date in MM-DD-YYYY format of date: MM-DD-YYYY.",Exclusivity_Date
